['/content/data/coco/val2014/COCO_val2014_000000310196.jpg']	Is there a snowboard in the image?	Yes,	Yes
['/content/data/coco/val2014/COCO_val2014_000000310196.jpg']	Is there a dining table in the image?	No,	No
['/content/data/coco/val2014/COCO_val2014_000000310196.jpg']	Is there a person in the image?	Yes,	Yes
['/content/data/coco/val2014/COCO_val2014_000000310196.jpg']	Is there a car in the image?	No,	No
['/content/data/coco/val2014/COCO_val2014_000000310196.jpg']	Is there a skis in the image?	Yes,	Yes
['/content/data/coco/val2014/COCO_val2014_000000310196.jpg']	Is there a chair in the image?	No,	No
['/content/data/coco/val2014/COCO_val2014_000000210789.jpg']	Is there a truck in the image?	Yes,	Yes
['/content/data/coco/val2014/COCO_val2014_000000210789.jpg']	Is there a dining table in the image?	Yes,	No
['/content/data/coco/val2014/COCO_val2014_000000210789.jpg']	Is there a person in the image?	Yes,	Yes
['/content/data/coco/val2014/COCO_val2014_000000210789.jpg']	Is there a car in the image?	Yes,	No
['/content/data/coco/val2014/COCO_val2014_000000210789.jpg']	Is there an umbrella in the image?	Yes,	Yes
['/content/data/coco/val2014/COCO_val2014_000000210789.jpg']	Is there a chair in the image?	No,	No
['/content/data/coco/val2014/COCO_val2014_000000429109.jpg']	Is there a person in the image?	Yes,	Yes
['/content/data/coco/val2014/COCO_val2014_000000429109.jpg']	Is there a dining table in the image?	No,	No
['/content/data/coco/val2014/COCO_val2014_000000429109.jpg']	Is there a bicycle in the image?	Yes,	Yes
['/content/data/coco/val2014/COCO_val2014_000000429109.jpg']	Is there a chair in the image?	No,	No
['/content/data/coco/val2014/COCO_val2014_000000429109.jpg']	Is there a car in the image?	No,	Yes
['/content/data/coco/val2014/COCO_val2014_000000429109.jpg']	Is there a cup in the image?	No,	No
['/content/data/coco/val2014/COCO_val2014_000000211674.jpg']	Is there a person in the image?	Yes,	Yes
['/content/data/coco/val2014/COCO_val2014_000000211674.jpg']	Is there a dining table in the image?	No,	No
['/content/data/coco/val2014/COCO_val2014_000000211674.jpg']	Is there a potted plant in the image?	No,	Yes
['/content/data/coco/val2014/COCO_val2014_000000211674.jpg']	Is there a chair in the image?	No,	No
['/content/data/coco/val2014/COCO_val2014_000000211674.jpg']	Is there a car in the image?	Yes,	Yes
['/content/data/coco/val2014/COCO_val2014_000000211674.jpg']	Is there a cup in the image?	No,	No
['/content/data/coco/val2014/COCO_val2014_000000458338.jpg']	Is there a traffic light in the image?	Yes,	Yes
['/content/data/coco/val2014/COCO_val2014_000000458338.jpg']	Is there a dining table in the image?	No,	No
['/content/data/coco/val2014/COCO_val2014_000000458338.jpg']	Is there a person in the image?	Yes,	Yes
['/content/data/coco/val2014/COCO_val2014_000000458338.jpg']	Is there a chair in the image?	No,	No
['/content/data/coco/val2014/COCO_val2014_000000458338.jpg']	Is there a car in the image?	Yes,	Yes
['/content/data/coco/val2014/COCO_val2014_000000458338.jpg']	Is there a cup in the image?	No,	No
['/content/data/coco/val2014/COCO_val2014_000000283412.jpg']	Is there a dog in the image?	Yes,	Yes
['/content/data/coco/val2014/COCO_val2014_000000283412.jpg']	Is there a person in the image?	No,	No
['/content/data/coco/val2014/COCO_val2014_000000283412.jpg']	Is there a dining table in the image?	Yes,	Yes
['/content/data/coco/val2014/COCO_val2014_000000283412.jpg']	Is there a car in the image?	No,	No
['/content/data/coco/val2014/COCO_val2014_000000283412.jpg']	Is there a bed in the image?	No,	Yes
['/content/data/coco/val2014/COCO_val2014_000000283412.jpg']	Is there a chair in the image?	Yes,	No
['/content/data/coco/val2014/COCO_val2014_000000265719.jpg']	Is there a person in the image?	Yes,	Yes
['/content/data/coco/val2014/COCO_val2014_000000265719.jpg']	Is there a dining table in the image?	Yes,	No
['/content/data/coco/val2014/COCO_val2014_000000265719.jpg']	Is there a spoon in the image?	No,	Yes
['/content/data/coco/val2014/COCO_val2014_000000265719.jpg']	Is there a car in the image?	No,	No
['/content/data/coco/val2014/COCO_val2014_000000265719.jpg']	Is there a fork in the image?	Yes,	Yes
['/content/data/coco/val2014/COCO_val2014_000000265719.jpg']	Is there a chair in the image?	No,	No
['/content/data/coco/val2014/COCO_val2014_000000461331.jpg']	Is there a tv in the image?	No,	Yes
['/content/data/coco/val2014/COCO_val2014_000000461331.jpg']	Is there a person in the image?	No,	No
['/content/data/coco/val2014/COCO_val2014_000000461331.jpg']	Is there a toaster in the image?	Yes,	Yes
['/content/data/coco/val2014/COCO_val2014_000000461331.jpg']	Is there a dining table in the image?	No,	No
['/content/data/coco/val2014/COCO_val2014_000000461331.jpg']	Is there a microwave in the image?	Yes,	Yes
['/content/data/coco/val2014/COCO_val2014_000000461331.jpg']	Is there a car in the image?	No,	No
['/content/data/coco/val2014/COCO_val2014_000000544456.jpg']	Is there a backpack in the image?	Yes,	Yes
['/content/data/coco/val2014/COCO_val2014_000000544456.jpg']	Is there a dining table in the image?	No,	No
['/content/data/coco/val2014/COCO_val2014_000000544456.jpg']	Is there a person in the image?	Yes,	Yes
['/content/data/coco/val2014/COCO_val2014_000000544456.jpg']	Is there a car in the image?	No,	No
['/content/data/coco/val2014/COCO_val2014_000000544456.jpg']	Is there a skis in the image?	Yes,	Yes
['/content/data/coco/val2014/COCO_val2014_000000544456.jpg']	Is there a chair in the image?	Yes,	No
['/content/data/coco/val2014/COCO_val2014_000000017708.jpg']	Is there a bird in the image?	Yes,	Yes
['/content/data/coco/val2014/COCO_val2014_000000017708.jpg']	Is there a dining table in the image?	No,	No
['/content/data/coco/val2014/COCO_val2014_000000017708.jpg']	Is there a person in the image?	Yes,	Yes
['/content/data/coco/val2014/COCO_val2014_000000017708.jpg']	Is there a car in the image?	No,	No
['/content/data/coco/val2014/COCO_val2014_000000017708.jpg']	Is there a boat in the image?	Yes,	Yes
['/content/data/coco/val2014/COCO_val2014_000000017708.jpg']	Is there a chair in the image?	No,	No
['/content/data/coco/val2014/COCO_val2014_000000574692.jpg']	Is there a person in the image?	Yes,	Yes
['/content/data/coco/val2014/COCO_val2014_000000574692.jpg']	Is there a dining table in the image?	No,	No
['/content/data/coco/val2014/COCO_val2014_000000574692.jpg']	Is there an orange in the image?	Yes,	Yes
['/content/data/coco/val2014/COCO_val2014_000000574692.jpg']	Is there a car in the image?	No,	No
['/content/data/coco/val2014/COCO_val2014_000000574692.jpg']	Is there a bottle in the image?	Yes,	Yes
['/content/data/coco/val2014/COCO_val2014_000000574692.jpg']	Is there a chair in the image?	No,	No
['/content/data/coco/val2014/COCO_val2014_000000353180.jpg']	Is there a backpack in the image?	Yes,	Yes
['/content/data/coco/val2014/COCO_val2014_000000353180.jpg']	Is there a dining table in the image?	No,	No
['/content/data/coco/val2014/COCO_val2014_000000353180.jpg']	Is there a person in the image?	Yes,	Yes
['/content/data/coco/val2014/COCO_val2014_000000353180.jpg']	Is there a car in the image?	Yes,	No
['/content/data/coco/val2014/COCO_val2014_000000353180.jpg']	Is there a bus in the image?	Yes,	Yes
['/content/data/coco/val2014/COCO_val2014_000000353180.jpg']	Is there a chair in the image?	No,	No
['/content/data/coco/val2014/COCO_val2014_000000239444.jpg']	Is there a person in the image?	Yes,	Yes
['/content/data/coco/val2014/COCO_val2014_000000239444.jpg']	Is there a car in the image?	No,	No
['/content/data/coco/val2014/COCO_val2014_000000239444.jpg']	Is there a dining table in the image?	Yes,	Yes
['/content/data/coco/val2014/COCO_val2014_000000239444.jpg']	Is there a cup in the image?	No,	No
['/content/data/coco/val2014/COCO_val2014_000000239444.jpg']	Is there a chair in the image?	Yes,	Yes
['/content/data/coco/val2014/COCO_val2014_000000239444.jpg']	Is there a bottle in the image?	No,	No
['/content/data/coco/val2014/COCO_val2014_000000569839.jpg']	Is there a person in the image?	Yes,	Yes
['/content/data/coco/val2014/COCO_val2014_000000569839.jpg']	Is there a car in the image?	No,	No
['/content/data/coco/val2014/COCO_val2014_000000569839.jpg']	Is there a sandwich in the image?	Yes,	Yes
['/content/data/coco/val2014/COCO_val2014_000000569839.jpg']	Is there a bottle in the image?	Yes,	No
['/content/data/coco/val2014/COCO_val2014_000000569839.jpg']	Is there a hot dog in the image?	Yes,	Yes
['/content/data/coco/val2014/COCO_val2014_000000569839.jpg']	Is there a backpack in the image?	Yes,	No
['/content/data/coco/val2014/COCO_val2014_000000219622.jpg']	Is there a person in the image?	Yes,	Yes
['/content/data/coco/val2014/COCO_val2014_000000219622.jpg']	Is there a dining table in the image?	No,	No
['/content/data/coco/val2014/COCO_val2014_000000219622.jpg']	Is there a car in the image?	Yes,	Yes
['/content/data/coco/val2014/COCO_val2014_000000219622.jpg']	Is there a chair in the image?	No,	No
['/content/data/coco/val2014/COCO_val2014_000000219622.jpg']	Is there a frisbee in the image?	Yes,	Yes
['/content/data/coco/val2014/COCO_val2014_000000219622.jpg']	Is there a cup in the image?	No,	No
['/content/data/coco/val2014/COCO_val2014_000000300368.jpg']	Is there a knife in the image?	Yes,	Yes
['/content/data/coco/val2014/COCO_val2014_000000300368.jpg']	Is there a car in the image?	No,	No
['/content/data/coco/val2014/COCO_val2014_000000300368.jpg']	Is there a person in the image?	Yes,	Yes
['/content/data/coco/val2014/COCO_val2014_000000300368.jpg']	Is there a chair in the image?	No,	No
['/content/data/coco/val2014/COCO_val2014_000000300368.jpg']	Is there a cake in the image?	Yes,	Yes
['/content/data/coco/val2014/COCO_val2014_000000300368.jpg']	Is there a cup in the image?	No,	No
['/content/data/coco/val2014/COCO_val2014_000000482476.jpg']	Is there a person in the image?	Yes,	Yes
['/content/data/coco/val2014/COCO_val2014_000000482476.jpg']	Is there a dining table in the image?	No,	No
['/content/data/coco/val2014/COCO_val2014_000000482476.jpg']	Is there a remote in the image?	No,	Yes
['/content/data/coco/val2014/COCO_val2014_000000482476.jpg']	Is there a car in the image?	No,	No
['/content/data/coco/val2014/COCO_val2014_000000482476.jpg']	Is there a handbag in the image?	Yes,	Yes
['/content/data/coco/val2014/COCO_val2014_000000482476.jpg']	Is there a chair in the image?	Yes,	No
['/content/data/coco/val2014/COCO_val2014_000000131115.jpg']	Is there a baseball glove in the image?	Yes,	Yes
['/content/data/coco/val2014/COCO_val2014_000000131115.jpg']	Is there a dining table in the image?	No,	No
['/content/data/coco/val2014/COCO_val2014_000000131115.jpg']	Is there a person in the image?	Yes,	Yes
['/content/data/coco/val2014/COCO_val2014_000000131115.jpg']	Is there a car in the image?	No,	No
['/content/data/coco/val2014/COCO_val2014_000000131115.jpg']	Is there a baseball bat in the image?	Yes,	Yes
['/content/data/coco/val2014/COCO_val2014_000000131115.jpg']	Is there a chair in the image?	Yes,	No
['/content/data/coco/val2014/COCO_val2014_000000157084.jpg']	Is there a sink in the image?	Yes,	Yes
['/content/data/coco/val2014/COCO_val2014_000000157084.jpg']	Is there a person in the image?	No,	No
['/content/data/coco/val2014/COCO_val2014_000000157084.jpg']	Is there a bench in the image?	Yes,	Yes
['/content/data/coco/val2014/COCO_val2014_000000157084.jpg']	Is there a dining table in the image?	No,	No
['/content/data/coco/val2014/COCO_val2014_000000157084.jpg']	Is there a toilet in the image?	Yes,	Yes
['/content/data/coco/val2014/COCO_val2014_000000157084.jpg']	Is there a car in the image?	No,	No
['/content/data/coco/val2014/COCO_val2014_000000381895.jpg']	Is there a person in the image?	Yes,	Yes
['/content/data/coco/val2014/COCO_val2014_000000381895.jpg']	Is there a dining table in the image?	No,	No
['/content/data/coco/val2014/COCO_val2014_000000381895.jpg']	Is there a teddy bear in the image?	Yes,	Yes
['/content/data/coco/val2014/COCO_val2014_000000381895.jpg']	Is there a car in the image?	No,	No
['/content/data/coco/val2014/COCO_val2014_000000381895.jpg']	Is there a bear in the image?	Yes,	Yes
['/content/data/coco/val2014/COCO_val2014_000000381895.jpg']	Is there a chair in the image?	No,	No
['/content/data/coco/val2014/COCO_val2014_000000336872.jpg']	Is there a bowl in the image?	Yes,	Yes
['/content/data/coco/val2014/COCO_val2014_000000336872.jpg']	Is there a person in the image?	No,	No
['/content/data/coco/val2014/COCO_val2014_000000336872.jpg']	Is there a spoon in the image?	No,	Yes
['/content/data/coco/val2014/COCO_val2014_000000336872.jpg']	Is there a car in the image?	No,	No
['/content/data/coco/val2014/COCO_val2014_000000336872.jpg']	Is there a sandwich in the image?	Yes,	Yes
['/content/data/coco/val2014/COCO_val2014_000000336872.jpg']	Is there a chair in the image?	Yes,	No
['/content/data/coco/val2014/COCO_val2014_000000075591.jpg']	Is there a bed in the image?	Yes,	Yes
['/content/data/coco/val2014/COCO_val2014_000000075591.jpg']	Is there a person in the image?	No,	No
['/content/data/coco/val2014/COCO_val2014_000000075591.jpg']	Is there a cat in the image?	Yes,	Yes
['/content/data/coco/val2014/COCO_val2014_000000075591.jpg']	Is there a dining table in the image?	Yes,	No
['/content/data/coco/val2014/COCO_val2014_000000075591.jpg']	Is there a book in the image?	Yes,	Yes
['/content/data/coco/val2014/COCO_val2014_000000075591.jpg']	Is there a car in the image?	No,	No
['/content/data/coco/val2014/COCO_val2014_000000516916.jpg']	Is there a tv in the image?	No,	Yes
['/content/data/coco/val2014/COCO_val2014_000000516916.jpg']	Is there a person in the image?	No,	No
['/content/data/coco/val2014/COCO_val2014_000000516916.jpg']	Is there a mouse in the image?	Yes,	Yes
['/content/data/coco/val2014/COCO_val2014_000000516916.jpg']	Is there a car in the image?	Yes,	No
['/content/data/coco/val2014/COCO_val2014_000000516916.jpg']	Is there a laptop in the image?	Yes,	Yes
['/content/data/coco/val2014/COCO_val2014_000000516916.jpg']	Is there a cup in the image?	Yes,	No
['/content/data/coco/val2014/COCO_val2014_000000542145.jpg']	Is there a sink in the image?	Yes,	Yes
['/content/data/coco/val2014/COCO_val2014_000000542145.jpg']	Is there a person in the image?	No,	No
['/content/data/coco/val2014/COCO_val2014_000000542145.jpg']	Is there a toothbrush in the image?	Yes,	Yes
['/content/data/coco/val2014/COCO_val2014_000000542145.jpg']	Is there a dining table in the image?	No,	No
['/content/data/coco/val2014/COCO_val2014_000000542145.jpg']	Is there a bottle in the image?	Yes,	Yes
['/content/data/coco/val2014/COCO_val2014_000000542145.jpg']	Is there a car in the image?	No,	No
['/content/data/coco/val2014/COCO_val2014_000000218224.jpg']	Is there a truck in the image?	No,	Yes
['/content/data/coco/val2014/COCO_val2014_000000218224.jpg']	Is there a person in the image?	No,	No
['/content/data/coco/val2014/COCO_val2014_000000218224.jpg']	Is there an airplane in the image?	Yes,	Yes
['/content/data/coco/val2014/COCO_val2014_000000218224.jpg']	Is there a dining table in the image?	No,	No
['/content/data/coco/val2014/COCO_val2014_000000218224.jpg']	Is there a car in the image?	No,	Yes
['/content/data/coco/val2014/COCO_val2014_000000218224.jpg']	Is there a chair in the image?	No,	No
['/content/data/coco/val2014/COCO_val2014_000000297078.jpg']	Is there a backpack in the image?	Yes,	Yes
['/content/data/coco/val2014/COCO_val2014_000000297078.jpg']	Is there a dining table in the image?	No,	No
['/content/data/coco/val2014/COCO_val2014_000000297078.jpg']	Is there a person in the image?	Yes,	Yes
['/content/data/coco/val2014/COCO_val2014_000000297078.jpg']	Is there a car in the image?	No,	No
['/content/data/coco/val2014/COCO_val2014_000000297078.jpg']	Is there a skis in the image?	Yes,	Yes
['/content/data/coco/val2014/COCO_val2014_000000297078.jpg']	Is there a chair in the image?	No,	No
['/content/data/coco/val2014/COCO_val2014_000000033270.jpg']	Is there a tv in the image?	Yes,	Yes
['/content/data/coco/val2014/COCO_val2014_000000033270.jpg']	Is there a dining table in the image?	No,	No
['/content/data/coco/val2014/COCO_val2014_000000033270.jpg']	Is there a person in the image?	Yes,	Yes
['/content/data/coco/val2014/COCO_val2014_000000033270.jpg']	Is there a car in the image?	No,	No
['/content/data/coco/val2014/COCO_val2014_000000033270.jpg']	Is there a couch in the image?	Yes,	Yes
['/content/data/coco/val2014/COCO_val2014_000000033270.jpg']	Is there a chair in the image?	Yes,	No
['/content/data/coco/val2014/COCO_val2014_000000140583.jpg']	Is there a truck in the image?	Yes,	Yes
['/content/data/coco/val2014/COCO_val2014_000000140583.jpg']	Is there a dining table in the image?	No,	No
['/content/data/coco/val2014/COCO_val2014_000000140583.jpg']	Is there a person in the image?	Yes,	Yes
['/content/data/coco/val2014/COCO_val2014_000000140583.jpg']	Is there a car in the image?	Yes,	No
['/content/data/coco/val2014/COCO_val2014_000000140583.jpg']	Is there a cow in the image?	Yes,	Yes
['/content/data/coco/val2014/COCO_val2014_000000140583.jpg']	Is there a chair in the image?	No,	No
['/content/data/coco/val2014/COCO_val2014_000000421455.jpg']	Is there a dog in the image?	Yes,	Yes
['/content/data/coco/val2014/COCO_val2014_000000421455.jpg']	Is there a dining table in the image?	No,	No
['/content/data/coco/val2014/COCO_val2014_000000421455.jpg']	Is there a truck in the image?	Yes,	Yes
['/content/data/coco/val2014/COCO_val2014_000000421455.jpg']	Is there a chair in the image?	No,	No
['/content/data/coco/val2014/COCO_val2014_000000421455.jpg']	Is there a person in the image?	Yes,	Yes
['/content/data/coco/val2014/COCO_val2014_000000421455.jpg']	Is there a cup in the image?	No,	No
['/content/data/coco/val2014/COCO_val2014_000000288639.jpg']	Is there a sink in the image?	Yes,	Yes
['/content/data/coco/val2014/COCO_val2014_000000288639.jpg']	Is there a person in the image?	No,	No
['/content/data/coco/val2014/COCO_val2014_000000288639.jpg']	Is there a toothbrush in the image?	Yes,	Yes
['/content/data/coco/val2014/COCO_val2014_000000288639.jpg']	Is there a dining table in the image?	No,	No
['/content/data/coco/val2014/COCO_val2014_000000288639.jpg']	Is there a bottle in the image?	Yes,	Yes
['/content/data/coco/val2014/COCO_val2014_000000288639.jpg']	Is there a car in the image?	No,	No
['/content/data/coco/val2014/COCO_val2014_000000291936.jpg']	Is there a person in the image?	Yes,	Yes
['/content/data/coco/val2014/COCO_val2014_000000291936.jpg']	Is there a dining table in the image?	Yes,	No
['/content/data/coco/val2014/COCO_val2014_000000291936.jpg']	Is there a bicycle in the image?	Yes,	Yes
['/content/data/coco/val2014/COCO_val2014_000000291936.jpg']	Is there a car in the image?	No,	No
['/content/data/coco/val2014/COCO_val2014_000000291936.jpg']	Is there an umbrella in the image?	Yes,	Yes
['/content/data/coco/val2014/COCO_val2014_000000291936.jpg']	Is there a chair in the image?	No,	No
['/content/data/coco/val2014/COCO_val2014_000000063953.jpg']	Is there a person in the image?	Yes,	Yes
['/content/data/coco/val2014/COCO_val2014_000000063953.jpg']	Is there a dining table in the image?	Yes,	No
['/content/data/coco/val2014/COCO_val2014_000000063953.jpg']	Is there a bicycle in the image?	Yes,	Yes
['/content/data/coco/val2014/COCO_val2014_000000063953.jpg']	Is there a car in the image?	No,	No
['/content/data/coco/val2014/COCO_val2014_000000063953.jpg']	Is there a skateboard in the image?	Yes,	Yes
['/content/data/coco/val2014/COCO_val2014_000000063953.jpg']	Is there a chair in the image?	Yes,	No
['/content/data/coco/val2014/COCO_val2014_000000526321.jpg']	Is there a laptop in the image?	Yes,	Yes
['/content/data/coco/val2014/COCO_val2014_000000526321.jpg']	Is there a person in the image?	No,	No
['/content/data/coco/val2014/COCO_val2014_000000526321.jpg']	Is there a remote in the image?	Yes,	Yes
['/content/data/coco/val2014/COCO_val2014_000000526321.jpg']	Is there a car in the image?	Yes,	No
['/content/data/coco/val2014/COCO_val2014_000000526321.jpg']	Is there a dining table in the image?	No,	Yes
['/content/data/coco/val2014/COCO_val2014_000000526321.jpg']	Is there a chair in the image?	No,	No
['/content/data/coco/val2014/COCO_val2014_000000042190.jpg']	Is there a snowboard in the image?	No,	Yes
['/content/data/coco/val2014/COCO_val2014_000000042190.jpg']	Is there a dining table in the image?	No,	No
['/content/data/coco/val2014/COCO_val2014_000000042190.jpg']	Is there a person in the image?	Yes,	Yes
['/content/data/coco/val2014/COCO_val2014_000000042190.jpg']	Is there a car in the image?	No,	No
['/content/data/coco/val2014/COCO_val2014_000000042190.jpg']	Is there a surfboard in the image?	Yes,	Yes
['/content/data/coco/val2014/COCO_val2014_000000042190.jpg']	Is there a chair in the image?	No,	No
['/content/data/coco/val2014/COCO_val2014_000000553165.jpg']	Is there a bird in the image?	Yes,	Yes
['/content/data/coco/val2014/COCO_val2014_000000553165.jpg']	Is there a dining table in the image?	No,	No
['/content/data/coco/val2014/COCO_val2014_000000553165.jpg']	Is there a person in the image?	Yes,	Yes
['/content/data/coco/val2014/COCO_val2014_000000553165.jpg']	Is there a car in the image?	No,	No
['/content/data/coco/val2014/COCO_val2014_000000553165.jpg']	Is there a boat in the image?	No,	Yes
['/content/data/coco/val2014/COCO_val2014_000000553165.jpg']	Is there a chair in the image?	No,	No
['/content/data/coco/val2014/COCO_val2014_000000170517.jpg']	Is there a dog in the image?	Yes,	Yes
['/content/data/coco/val2014/COCO_val2014_000000170517.jpg']	Is there a dining table in the image?	No,	No
['/content/data/coco/val2014/COCO_val2014_000000170517.jpg']	Is there a person in the image?	Yes,	Yes
['/content/data/coco/val2014/COCO_val2014_000000170517.jpg']	Is there a chair in the image?	No,	No
['/content/data/coco/val2014/COCO_val2014_000000170517.jpg']	Is there a car in the image?	No,	Yes
['/content/data/coco/val2014/COCO_val2014_000000170517.jpg']	Is there a cup in the image?	No,	No
['/content/data/coco/val2014/COCO_val2014_000000498759.jpg']	Is there a person in the image?	No,	Yes
['/content/data/coco/val2014/COCO_val2014_000000498759.jpg']	Is there a dining table in the image?	No,	No
['/content/data/coco/val2014/COCO_val2014_000000498759.jpg']	Is there a skateboard in the image?	Yes,	Yes
['/content/data/coco/val2014/COCO_val2014_000000498759.jpg']	Is there a chair in the image?	No,	No
['/content/data/coco/val2014/COCO_val2014_000000498759.jpg']	Is there a car in the image?	Yes,	Yes
['/content/data/coco/val2014/COCO_val2014_000000498759.jpg']	Is there a cup in the image?	No,	No
['/content/data/coco/val2014/COCO_val2014_000000360600.jpg']	Is there a person in the image?	Yes,	Yes
['/content/data/coco/val2014/COCO_val2014_000000360600.jpg']	Is there a dining table in the image?	No,	No
['/content/data/coco/val2014/COCO_val2014_000000360600.jpg']	Is there a fork in the image?	No,	Yes
['/content/data/coco/val2014/COCO_val2014_000000360600.jpg']	Is there a car in the image?	No,	No
['/content/data/coco/val2014/COCO_val2014_000000360600.jpg']	Is there a knife in the image?	Yes,	Yes
['/content/data/coco/val2014/COCO_val2014_000000360600.jpg']	Is there a chair in the image?	No,	No
['/content/data/coco/val2014/COCO_val2014_000000031773.jpg']	Is there a tv in the image?	Yes,	Yes
['/content/data/coco/val2014/COCO_val2014_000000031773.jpg']	Is there a car in the image?	No,	No
['/content/data/coco/val2014/COCO_val2014_000000031773.jpg']	Is there a person in the image?	Yes,	Yes
['/content/data/coco/val2014/COCO_val2014_000000031773.jpg']	Is there a chair in the image?	Yes,	No
['/content/data/coco/val2014/COCO_val2014_000000031773.jpg']	Is there a mouse in the image?	Yes,	Yes
['/content/data/coco/val2014/COCO_val2014_000000031773.jpg']	Is there a cup in the image?	Yes,	No
['/content/data/coco/val2014/COCO_val2014_000000500257.jpg']	Is there a tv in the image?	Yes,	Yes
['/content/data/coco/val2014/COCO_val2014_000000500257.jpg']	Is there a dining table in the image?	No,	No
['/content/data/coco/val2014/COCO_val2014_000000500257.jpg']	Is there a backpack in the image?	Yes,	Yes
['/content/data/coco/val2014/COCO_val2014_000000500257.jpg']	Is there a car in the image?	No,	No
['/content/data/coco/val2014/COCO_val2014_000000500257.jpg']	Is there a person in the image?	Yes,	Yes
['/content/data/coco/val2014/COCO_val2014_000000500257.jpg']	Is there a chair in the image?	No,	No
['/content/data/coco/val2014/COCO_val2014_000000574057.jpg']	Is there a car in the image?	No,	Yes
['/content/data/coco/val2014/COCO_val2014_000000574057.jpg']	Is there a person in the image?	No,	No
['/content/data/coco/val2014/COCO_val2014_000000574057.jpg']	Is there a train in the image?	Yes,	Yes
['/content/data/coco/val2014/COCO_val2014_000000574057.jpg']	Is there a dining table in the image?	No,	No
['/content/data/coco/val2014/COCO_val2014_000000574057.jpg']	Is there a bed in the image?	Yes,	Yes
['/content/data/coco/val2014/COCO_val2014_000000574057.jpg']	Is there a chair in the image?	No,	No
['/content/data/coco/val2014/COCO_val2014_000000456178.jpg']	Is there a traffic light in the image?	Yes,	Yes
['/content/data/coco/val2014/COCO_val2014_000000456178.jpg']	Is there a dining table in the image?	No,	No
['/content/data/coco/val2014/COCO_val2014_000000456178.jpg']	Is there a truck in the image?	Yes,	Yes
['/content/data/coco/val2014/COCO_val2014_000000456178.jpg']	Is there a chair in the image?	No,	No
['/content/data/coco/val2014/COCO_val2014_000000456178.jpg']	Is there a clock in the image?	Yes,	Yes
['/content/data/coco/val2014/COCO_val2014_000000456178.jpg']	Is there a cup in the image?	No,	No
['/content/data/coco/val2014/COCO_val2014_000000565941.jpg']	Is there a person in the image?	Yes,	Yes
['/content/data/coco/val2014/COCO_val2014_000000565941.jpg']	Is there a car in the image?	No,	No
['/content/data/coco/val2014/COCO_val2014_000000565941.jpg']	Is there a bottle in the image?	Yes,	Yes
['/content/data/coco/val2014/COCO_val2014_000000565941.jpg']	Is there a backpack in the image?	No,	No
['/content/data/coco/val2014/COCO_val2014_000000565941.jpg']	Is there a dining table in the image?	Yes,	Yes
['/content/data/coco/val2014/COCO_val2014_000000565941.jpg']	Is there a handbag in the image?	No,	No
['/content/data/coco/val2014/COCO_val2014_000000485564.jpg']	Is there a car in the image?	No,	Yes
['/content/data/coco/val2014/COCO_val2014_000000485564.jpg']	Is there a dining table in the image?	No,	No
['/content/data/coco/val2014/COCO_val2014_000000485564.jpg']	Is there a person in the image?	Yes,	Yes
['/content/data/coco/val2014/COCO_val2014_000000485564.jpg']	Is there a chair in the image?	No,	No
['/content/data/coco/val2014/COCO_val2014_000000485564.jpg']	Is there a sports ball in the image?	Yes,	Yes
['/content/data/coco/val2014/COCO_val2014_000000485564.jpg']	Is there a cup in the image?	No,	No
['/content/data/coco/val2014/COCO_val2014_000000454642.jpg']	Is there a truck in the image?	Yes,	Yes
['/content/data/coco/val2014/COCO_val2014_000000454642.jpg']	Is there a dining table in the image?	Yes,	No
['/content/data/coco/val2014/COCO_val2014_000000454642.jpg']	Is there a person in the image?	Yes,	Yes
['/content/data/coco/val2014/COCO_val2014_000000454642.jpg']	Is there a chair in the image?	No,	No
['/content/data/coco/val2014/COCO_val2014_000000454642.jpg']	Is there a motorcycle in the image?	Yes,	Yes
['/content/data/coco/val2014/COCO_val2014_000000454642.jpg']	Is there a cup in the image?	No,	No
['/content/data/coco/val2014/COCO_val2014_000000205729.jpg']	Is there a backpack in the image?	Yes,	Yes
['/content/data/coco/val2014/COCO_val2014_000000205729.jpg']	Is there a dining table in the image?	No,	No
['/content/data/coco/val2014/COCO_val2014_000000205729.jpg']	Is there a person in the image?	Yes,	Yes
['/content/data/coco/val2014/COCO_val2014_000000205729.jpg']	Is there a car in the image?	No,	No
['/content/data/coco/val2014/COCO_val2014_000000205729.jpg']	Is there a skis in the image?	Yes,	Yes
['/content/data/coco/val2014/COCO_val2014_000000205729.jpg']	Is there a chair in the image?	No,	No
['/content/data/coco/val2014/COCO_val2014_000000424792.jpg']	Is there a couch in the image?	Yes,	Yes
['/content/data/coco/val2014/COCO_val2014_000000424792.jpg']	Is there a person in the image?	No,	No
['/content/data/coco/val2014/COCO_val2014_000000424792.jpg']	Is there a chair in the image?	Yes,	Yes
['/content/data/coco/val2014/COCO_val2014_000000424792.jpg']	Is there a dining table in the image?	No,	No
['/content/data/coco/val2014/COCO_val2014_000000424792.jpg']	Is there a vase in the image?	Yes,	Yes
['/content/data/coco/val2014/COCO_val2014_000000424792.jpg']	Is there a car in the image?	No,	No
['/content/data/coco/val2014/COCO_val2014_000000329717.jpg']	Is there a person in the image?	Yes,	Yes
['/content/data/coco/val2014/COCO_val2014_000000329717.jpg']	Is there a dining table in the image?	No,	No
['/content/data/coco/val2014/COCO_val2014_000000329717.jpg']	Is there a suitcase in the image?	Yes,	Yes
['/content/data/coco/val2014/COCO_val2014_000000329717.jpg']	Is there a car in the image?	No,	No
['/content/data/coco/val2014/COCO_val2014_000000329717.jpg']	Is there a handbag in the image?	No,	Yes
['/content/data/coco/val2014/COCO_val2014_000000329717.jpg']	Is there a chair in the image?	No,	No
['/content/data/coco/val2014/COCO_val2014_000000012333.jpg']	Is there a chair in the image?	Yes,	Yes
['/content/data/coco/val2014/COCO_val2014_000000012333.jpg']	Is there a dining table in the image?	No,	No
['/content/data/coco/val2014/COCO_val2014_000000012333.jpg']	Is there a person in the image?	Yes,	Yes
['/content/data/coco/val2014/COCO_val2014_000000012333.jpg']	Is there a car in the image?	No,	No
['/content/data/coco/val2014/COCO_val2014_000000012333.jpg']	Is there a horse in the image?	Yes,	Yes
['/content/data/coco/val2014/COCO_val2014_000000012333.jpg']	Is there a cup in the image?	Yes,	No
['/content/data/coco/val2014/COCO_val2014_000000480122.jpg']	Is there a banana in the image?	Yes,	Yes
['/content/data/coco/val2014/COCO_val2014_000000480122.jpg']	Is there a person in the image?	No,	No
['/content/data/coco/val2014/COCO_val2014_000000480122.jpg']	Is there a spoon in the image?	Yes,	Yes
['/content/data/coco/val2014/COCO_val2014_000000480122.jpg']	Is there a car in the image?	No,	No
['/content/data/coco/val2014/COCO_val2014_000000480122.jpg']	Is there a bowl in the image?	Yes,	Yes
['/content/data/coco/val2014/COCO_val2014_000000480122.jpg']	Is there a cup in the image?	Yes,	No
['/content/data/coco/val2014/COCO_val2014_000000515904.jpg']	Is there a vase in the image?	Yes,	Yes
['/content/data/coco/val2014/COCO_val2014_000000515904.jpg']	Is there a person in the image?	No,	No
['/content/data/coco/val2014/COCO_val2014_000000515904.jpg']	Is there a sink in the image?	Yes,	Yes
['/content/data/coco/val2014/COCO_val2014_000000515904.jpg']	Is there a dining table in the image?	No,	No
['/content/data/coco/val2014/COCO_val2014_000000515904.jpg']	Is there a potted plant in the image?	Yes,	Yes
['/content/data/coco/val2014/COCO_val2014_000000515904.jpg']	Is there a car in the image?	No,	No
['/content/data/coco/val2014/COCO_val2014_000000437347.jpg']	Is there a baseball glove in the image?	Yes,	Yes
['/content/data/coco/val2014/COCO_val2014_000000437347.jpg']	Is there a dining table in the image?	No,	No
['/content/data/coco/val2014/COCO_val2014_000000437347.jpg']	Is there a person in the image?	Yes,	Yes
['/content/data/coco/val2014/COCO_val2014_000000437347.jpg']	Is there a car in the image?	No,	No
['/content/data/coco/val2014/COCO_val2014_000000437347.jpg']	Is there a sports ball in the image?	Yes,	Yes
['/content/data/coco/val2014/COCO_val2014_000000437347.jpg']	Is there a chair in the image?	No,	No
['/content/data/coco/val2014/COCO_val2014_000000354229.jpg']	Is there a person in the image?	Yes,	Yes
['/content/data/coco/val2014/COCO_val2014_000000354229.jpg']	Is there a dining table in the image?	No,	No
['/content/data/coco/val2014/COCO_val2014_000000354229.jpg']	Is there a car in the image?	Yes,	Yes
['/content/data/coco/val2014/COCO_val2014_000000354229.jpg']	Is there a chair in the image?	No,	No
['/content/data/coco/val2014/COCO_val2014_000000354229.jpg']	Is there a bus in the image?	Yes,	Yes
['/content/data/coco/val2014/COCO_val2014_000000354229.jpg']	Is there a cup in the image?	Yes,	No
['/content/data/coco/val2014/COCO_val2014_000000538236.jpg']	Is there a person in the image?	Yes,	Yes
['/content/data/coco/val2014/COCO_val2014_000000538236.jpg']	Is there a car in the image?	No,	No
['/content/data/coco/val2014/COCO_val2014_000000538236.jpg']	Is there a dining table in the image?	Yes,	Yes
['/content/data/coco/val2014/COCO_val2014_000000538236.jpg']	Is there a chair in the image?	No,	No
['/content/data/coco/val2014/COCO_val2014_000000538236.jpg']	Is there a handbag in the image?	Yes,	Yes
['/content/data/coco/val2014/COCO_val2014_000000538236.jpg']	Is there a cup in the image?	No,	No
['/content/data/coco/val2014/COCO_val2014_000000236865.jpg']	Is there a person in the image?	Yes,	Yes
['/content/data/coco/val2014/COCO_val2014_000000236865.jpg']	Is there a dining table in the image?	No,	No
['/content/data/coco/val2014/COCO_val2014_000000236865.jpg']	Is there an orange in the image?	No,	Yes
['/content/data/coco/val2014/COCO_val2014_000000236865.jpg']	Is there a chair in the image?	No,	No
['/content/data/coco/val2014/COCO_val2014_000000236865.jpg']	Is there a car in the image?	No,	Yes
['/content/data/coco/val2014/COCO_val2014_000000236865.jpg']	Is there a cup in the image?	No,	No
['/content/data/coco/val2014/COCO_val2014_000000217397.jpg']	Is there a person in the image?	Yes,	Yes
['/content/data/coco/val2014/COCO_val2014_000000217397.jpg']	Is there a car in the image?	No,	No
['/content/data/coco/val2014/COCO_val2014_000000217397.jpg']	Is there a wine glass in the image?	Yes,	Yes
['/content/data/coco/val2014/COCO_val2014_000000217397.jpg']	Is there a chair in the image?	Yes,	No
['/content/data/coco/val2014/COCO_val2014_000000217397.jpg']	Is there a bottle in the image?	Yes,	Yes
['/content/data/coco/val2014/COCO_val2014_000000217397.jpg']	Is there a cup in the image?	Yes,	No
['/content/data/coco/val2014/COCO_val2014_000000060213.jpg']	Is there a backpack in the image?	Yes,	Yes
['/content/data/coco/val2014/COCO_val2014_000000060213.jpg']	Is there a person in the image?	No,	No
['/content/data/coco/val2014/COCO_val2014_000000060213.jpg']	Is there a bed in the image?	Yes,	Yes
['/content/data/coco/val2014/COCO_val2014_000000060213.jpg']	Is there a dining table in the image?	No,	No
['/content/data/coco/val2014/COCO_val2014_000000060213.jpg']	Is there a book in the image?	Yes,	Yes
['/content/data/coco/val2014/COCO_val2014_000000060213.jpg']	Is there a car in the image?	No,	No
['/content/data/coco/val2014/COCO_val2014_000000054025.jpg']	Is there a traffic light in the image?	Yes,	Yes
['/content/data/coco/val2014/COCO_val2014_000000054025.jpg']	Is there a dining table in the image?	No,	No
['/content/data/coco/val2014/COCO_val2014_000000054025.jpg']	Is there a person in the image?	Yes,	Yes
['/content/data/coco/val2014/COCO_val2014_000000054025.jpg']	Is there a chair in the image?	No,	No
['/content/data/coco/val2014/COCO_val2014_000000054025.jpg']	Is there a backpack in the image?	Yes,	Yes
['/content/data/coco/val2014/COCO_val2014_000000054025.jpg']	Is there a cup in the image?	No,	No
['/content/data/coco/val2014/COCO_val2014_000000084447.jpg']	Is there a person in the image?	Yes,	Yes
['/content/data/coco/val2014/COCO_val2014_000000084447.jpg']	Is there a dining table in the image?	No,	No
['/content/data/coco/val2014/COCO_val2014_000000084447.jpg']	Is there a motorcycle in the image?	Yes,	Yes
['/content/data/coco/val2014/COCO_val2014_000000084447.jpg']	Is there a car in the image?	No,	No
['/content/data/coco/val2014/COCO_val2014_000000084447.jpg']	Is there a bicycle in the image?	No,	Yes
['/content/data/coco/val2014/COCO_val2014_000000084447.jpg']	Is there a chair in the image?	No,	No
['/content/data/coco/val2014/COCO_val2014_000000192660.jpg']	Is there a person in the image?	No,	Yes
['/content/data/coco/val2014/COCO_val2014_000000192660.jpg']	Is there a car in the image?	No,	No
['/content/data/coco/val2014/COCO_val2014_000000192660.jpg']	Is there a dining table in the image?	Yes,	Yes
['/content/data/coco/val2014/COCO_val2014_000000192660.jpg']	Is there a chair in the image?	No,	No
['/content/data/coco/val2014/COCO_val2014_000000192660.jpg']	Is there a refrigerator in the image?	Yes,	Yes
['/content/data/coco/val2014/COCO_val2014_000000192660.jpg']	Is there a cup in the image?	No,	No
['/content/data/coco/val2014/COCO_val2014_000000575755.jpg']	Is there a sandwich in the image?	Yes,	Yes
['/content/data/coco/val2014/COCO_val2014_000000575755.jpg']	Is there a person in the image?	No,	No
['/content/data/coco/val2014/COCO_val2014_000000575755.jpg']	Is there a carrot in the image?	Yes,	Yes
['/content/data/coco/val2014/COCO_val2014_000000575755.jpg']	Is there a car in the image?	No,	No
['/content/data/coco/val2014/COCO_val2014_000000575755.jpg']	Is there a broccoli in the image?	No,	Yes
['/content/data/coco/val2014/COCO_val2014_000000575755.jpg']	Is there a chair in the image?	Yes,	No
['/content/data/coco/val2014/COCO_val2014_000000354088.jpg']	Is there a person in the image?	Yes,	Yes
['/content/data/coco/val2014/COCO_val2014_000000354088.jpg']	Is there a chair in the image?	No,	No
['/content/data/coco/val2014/COCO_val2014_000000354088.jpg']	Is there a car in the image?	No,	Yes
['/content/data/coco/val2014/COCO_val2014_000000354088.jpg']	Is there a cup in the image?	Yes,	No
['/content/data/coco/val2014/COCO_val2014_000000354088.jpg']	Is there a dining table in the image?	Yes,	Yes
['/content/data/coco/val2014/COCO_val2014_000000354088.jpg']	Is there a bottle in the image?	Yes,	No
['/content/data/coco/val2014/COCO_val2014_000000311327.jpg']	Is there a person in the image?	Yes,	Yes
['/content/data/coco/val2014/COCO_val2014_000000311327.jpg']	Is there a dining table in the image?	No,	No
['/content/data/coco/val2014/COCO_val2014_000000311327.jpg']	Is there a boat in the image?	Yes,	Yes
['/content/data/coco/val2014/COCO_val2014_000000311327.jpg']	Is there a car in the image?	No,	No
['/content/data/coco/val2014/COCO_val2014_000000311327.jpg']	Is there a handbag in the image?	Yes,	Yes
['/content/data/coco/val2014/COCO_val2014_000000311327.jpg']	Is there a chair in the image?	Yes,	No
['/content/data/coco/val2014/COCO_val2014_000000456552.jpg']	Is there a person in the image?	Yes,	Yes
['/content/data/coco/val2014/COCO_val2014_000000456552.jpg']	Is there a dining table in the image?	No,	No
['/content/data/coco/val2014/COCO_val2014_000000456552.jpg']	Is there a bench in the image?	Yes,	Yes
['/content/data/coco/val2014/COCO_val2014_000000456552.jpg']	Is there a car in the image?	No,	No
['/content/data/coco/val2014/COCO_val2014_000000456552.jpg']	Is there a skateboard in the image?	Yes,	Yes
['/content/data/coco/val2014/COCO_val2014_000000456552.jpg']	Is there a chair in the image?	No,	No
['/content/data/coco/val2014/COCO_val2014_000000350898.jpg']	Is there a spoon in the image?	No,	Yes
['/content/data/coco/val2014/COCO_val2014_000000350898.jpg']	Is there a person in the image?	No,	No
['/content/data/coco/val2014/COCO_val2014_000000350898.jpg']	Is there a bottle in the image?	Yes,	Yes
['/content/data/coco/val2014/COCO_val2014_000000350898.jpg']	Is there a dining table in the image?	Yes,	No
['/content/data/coco/val2014/COCO_val2014_000000350898.jpg']	Is there a refrigerator in the image?	Yes,	Yes
['/content/data/coco/val2014/COCO_val2014_000000350898.jpg']	Is there a car in the image?	No,	No
['/content/data/coco/val2014/COCO_val2014_000000170365.jpg']	Is there a sink in the image?	Yes,	Yes
['/content/data/coco/val2014/COCO_val2014_000000170365.jpg']	Is there a person in the image?	No,	No
['/content/data/coco/val2014/COCO_val2014_000000170365.jpg']	Is there a potted plant in the image?	Yes,	Yes
['/content/data/coco/val2014/COCO_val2014_000000170365.jpg']	Is there a dining table in the image?	No,	No
['/content/data/coco/val2014/COCO_val2014_000000170365.jpg']	Is there a toilet in the image?	Yes,	Yes
['/content/data/coco/val2014/COCO_val2014_000000170365.jpg']	Is there a car in the image?	No,	No
['/content/data/coco/val2014/COCO_val2014_000000021645.jpg']	Is there a backpack in the image?	Yes,	Yes
['/content/data/coco/val2014/COCO_val2014_000000021645.jpg']	Is there a person in the image?	No,	No
['/content/data/coco/val2014/COCO_val2014_000000021645.jpg']	Is there a clock in the image?	Yes,	Yes
['/content/data/coco/val2014/COCO_val2014_000000021645.jpg']	Is there a car in the image?	No,	No
['/content/data/coco/val2014/COCO_val2014_000000021645.jpg']	Is there a couch in the image?	Yes,	Yes
['/content/data/coco/val2014/COCO_val2014_000000021645.jpg']	Is there a cup in the image?	No,	No
['/content/data/coco/val2014/COCO_val2014_000000528905.jpg']	Is there a person in the image?	Yes,	Yes
['/content/data/coco/val2014/COCO_val2014_000000528905.jpg']	Is there a dining table in the image?	No,	No
['/content/data/coco/val2014/COCO_val2014_000000528905.jpg']	Is there a car in the image?	Yes,	Yes
['/content/data/coco/val2014/COCO_val2014_000000528905.jpg']	Is there a chair in the image?	No,	No
['/content/data/coco/val2014/COCO_val2014_000000528905.jpg']	Is there a frisbee in the image?	Yes,	Yes
['/content/data/coco/val2014/COCO_val2014_000000528905.jpg']	Is there a cup in the image?	No,	No
['/content/data/coco/val2014/COCO_val2014_000000239347.jpg']	Is there a person in the image?	Yes,	Yes
['/content/data/coco/val2014/COCO_val2014_000000239347.jpg']	Is there a dining table in the image?	No,	No
['/content/data/coco/val2014/COCO_val2014_000000239347.jpg']	Is there a bed in the image?	Yes,	Yes
['/content/data/coco/val2014/COCO_val2014_000000239347.jpg']	Is there a car in the image?	No,	No
['/content/data/coco/val2014/COCO_val2014_000000239347.jpg']	Is there a tie in the image?	Yes,	Yes
['/content/data/coco/val2014/COCO_val2014_000000239347.jpg']	Is there a chair in the image?	Yes,	No
['/content/data/coco/val2014/COCO_val2014_000000007320.jpg']	Is there a tv in the image?	Yes,	Yes
['/content/data/coco/val2014/COCO_val2014_000000007320.jpg']	Is there a car in the image?	Yes,	No
['/content/data/coco/val2014/COCO_val2014_000000007320.jpg']	Is there a person in the image?	Yes,	Yes
['/content/data/coco/val2014/COCO_val2014_000000007320.jpg']	Is there a chair in the image?	Yes,	No
['/content/data/coco/val2014/COCO_val2014_000000007320.jpg']	Is there a remote in the image?	Yes,	Yes
['/content/data/coco/val2014/COCO_val2014_000000007320.jpg']	Is there a cup in the image?	No,	No
['/content/data/coco/val2014/COCO_val2014_000000249715.jpg']	Is there a chair in the image?	Yes,	Yes
['/content/data/coco/val2014/COCO_val2014_000000249715.jpg']	Is there a dining table in the image?	No,	No
['/content/data/coco/val2014/COCO_val2014_000000249715.jpg']	Is there a person in the image?	Yes,	Yes
['/content/data/coco/val2014/COCO_val2014_000000249715.jpg']	Is there a car in the image?	No,	No
['/content/data/coco/val2014/COCO_val2014_000000249715.jpg']	Is there a remote in the image?	Yes,	Yes
['/content/data/coco/val2014/COCO_val2014_000000249715.jpg']	Is there a cup in the image?	No,	No
['/content/data/coco/val2014/COCO_val2014_000000080022.jpg']	Is there a person in the image?	Yes,	Yes
['/content/data/coco/val2014/COCO_val2014_000000080022.jpg']	Is there a dining table in the image?	No,	No
['/content/data/coco/val2014/COCO_val2014_000000080022.jpg']	Is there a sports ball in the image?	Yes,	Yes
['/content/data/coco/val2014/COCO_val2014_000000080022.jpg']	Is there a car in the image?	No,	No
['/content/data/coco/val2014/COCO_val2014_000000080022.jpg']	Is there a tennis racket in the image?	Yes,	Yes
['/content/data/coco/val2014/COCO_val2014_000000080022.jpg']	Is there a chair in the image?	No,	No
['/content/data/coco/val2014/COCO_val2014_000000564336.jpg']	Is there a person in the image?	Yes,	Yes
['/content/data/coco/val2014/COCO_val2014_000000564336.jpg']	Is there a cup in the image?	Yes,	No
['/content/data/coco/val2014/COCO_val2014_000000564336.jpg']	Is there a truck in the image?	Yes,	Yes
['/content/data/coco/val2014/COCO_val2014_000000564336.jpg']	Is there a backpack in the image?	Yes,	No
['/content/data/coco/val2014/COCO_val2014_000000564336.jpg']	Is there a laptop in the image?	Yes,	Yes
['/content/data/coco/val2014/COCO_val2014_000000564336.jpg']	Is there a handbag in the image?	Yes,	No
['/content/data/coco/val2014/COCO_val2014_000000231589.jpg']	Is there a chair in the image?	No,	Yes
['/content/data/coco/val2014/COCO_val2014_000000231589.jpg']	Is there a dining table in the image?	Yes,	No
['/content/data/coco/val2014/COCO_val2014_000000231589.jpg']	Is there a person in the image?	Yes,	Yes
['/content/data/coco/val2014/COCO_val2014_000000231589.jpg']	Is there a car in the image?	No,	No
['/content/data/coco/val2014/COCO_val2014_000000231589.jpg']	Is there a couch in the image?	Yes,	Yes
['/content/data/coco/val2014/COCO_val2014_000000231589.jpg']	Is there a cup in the image?	No,	No
['/content/data/coco/val2014/COCO_val2014_000000465275.jpg']	Is there a person in the image?	Yes,	Yes
['/content/data/coco/val2014/COCO_val2014_000000465275.jpg']	Is there a dining table in the image?	No,	No
['/content/data/coco/val2014/COCO_val2014_000000465275.jpg']	Is there a clock in the image?	Yes,	Yes
['/content/data/coco/val2014/COCO_val2014_000000465275.jpg']	Is there a car in the image?	No,	No
['/content/data/coco/val2014/COCO_val2014_000000465275.jpg']	Is there a couch in the image?	Yes,	Yes
['/content/data/coco/val2014/COCO_val2014_000000465275.jpg']	Is there a chair in the image?	Yes,	No
['/content/data/coco/val2014/COCO_val2014_000000083275.jpg']	Is there a baseball glove in the image?	Yes,	Yes
['/content/data/coco/val2014/COCO_val2014_000000083275.jpg']	Is there a dining table in the image?	No,	No
['/content/data/coco/val2014/COCO_val2014_000000083275.jpg']	Is there a person in the image?	Yes,	Yes
['/content/data/coco/val2014/COCO_val2014_000000083275.jpg']	Is there a car in the image?	No,	No
['/content/data/coco/val2014/COCO_val2014_000000083275.jpg']	Is there a sports ball in the image?	No,	Yes
['/content/data/coco/val2014/COCO_val2014_000000083275.jpg']	Is there a chair in the image?	No,	No
['/content/data/coco/val2014/COCO_val2014_000000406403.jpg']	Is there a snowboard in the image?	Yes,	Yes
['/content/data/coco/val2014/COCO_val2014_000000406403.jpg']	Is there a dining table in the image?	No,	No
['/content/data/coco/val2014/COCO_val2014_000000406403.jpg']	Is there a person in the image?	Yes,	Yes
['/content/data/coco/val2014/COCO_val2014_000000406403.jpg']	Is there a car in the image?	No,	No
['/content/data/coco/val2014/COCO_val2014_000000406403.jpg']	Is there a skis in the image?	Yes,	Yes
['/content/data/coco/val2014/COCO_val2014_000000406403.jpg']	Is there a chair in the image?	Yes,	No
['/content/data/coco/val2014/COCO_val2014_000000131018.jpg']	Is there a person in the image?	Yes,	Yes
['/content/data/coco/val2014/COCO_val2014_000000131018.jpg']	Is there a dining table in the image?	No,	No
['/content/data/coco/val2014/COCO_val2014_000000131018.jpg']	Is there a bowl in the image?	Yes,	Yes
['/content/data/coco/val2014/COCO_val2014_000000131018.jpg']	Is there a car in the image?	No,	No
['/content/data/coco/val2014/COCO_val2014_000000131018.jpg']	Is there a scissors in the image?	Yes,	Yes
['/content/data/coco/val2014/COCO_val2014_000000131018.jpg']	Is there a chair in the image?	No,	No
['/content/data/coco/val2014/COCO_val2014_000000332625.jpg']	Is there a chair in the image?	Yes,	Yes
['/content/data/coco/val2014/COCO_val2014_000000332625.jpg']	Is there a dining table in the image?	No,	No
['/content/data/coco/val2014/COCO_val2014_000000332625.jpg']	Is there a person in the image?	Yes,	Yes
['/content/data/coco/val2014/COCO_val2014_000000332625.jpg']	Is there a car in the image?	No,	No
['/content/data/coco/val2014/COCO_val2014_000000332625.jpg']	Is there an airplane in the image?	Yes,	Yes
['/content/data/coco/val2014/COCO_val2014_000000332625.jpg']	Is there a cup in the image?	No,	No
['/content/data/coco/val2014/COCO_val2014_000000332025.jpg']	Is there a dog in the image?	Yes,	Yes
['/content/data/coco/val2014/COCO_val2014_000000332025.jpg']	Is there a dining table in the image?	No,	No
['/content/data/coco/val2014/COCO_val2014_000000332025.jpg']	Is there a person in the image?	Yes,	Yes
['/content/data/coco/val2014/COCO_val2014_000000332025.jpg']	Is there a car in the image?	No,	No
['/content/data/coco/val2014/COCO_val2014_000000332025.jpg']	Is there a backpack in the image?	Yes,	Yes
['/content/data/coco/val2014/COCO_val2014_000000332025.jpg']	Is there a chair in the image?	No,	No
['/content/data/coco/val2014/COCO_val2014_000000318204.jpg']	Is there a person in the image?	Yes,	Yes
['/content/data/coco/val2014/COCO_val2014_000000318204.jpg']	Is there a dining table in the image?	No,	No
['/content/data/coco/val2014/COCO_val2014_000000318204.jpg']	Is there a horse in the image?	No,	Yes
['/content/data/coco/val2014/COCO_val2014_000000318204.jpg']	Is there a car in the image?	Yes,	No
['/content/data/coco/val2014/COCO_val2014_000000318204.jpg']	Is there a sheep in the image?	Yes,	Yes
['/content/data/coco/val2014/COCO_val2014_000000318204.jpg']	Is there a chair in the image?	No,	No
['/content/data/coco/val2014/COCO_val2014_000000455157.jpg']	Is there a person in the image?	Yes,	Yes
['/content/data/coco/val2014/COCO_val2014_000000455157.jpg']	Is there a car in the image?	No,	No
['/content/data/coco/val2014/COCO_val2014_000000455157.jpg']	Is there a laptop in the image?	Yes,	Yes
['/content/data/coco/val2014/COCO_val2014_000000455157.jpg']	Is there a chair in the image?	Yes,	No
['/content/data/coco/val2014/COCO_val2014_000000455157.jpg']	Is there a dining table in the image?	Yes,	Yes
['/content/data/coco/val2014/COCO_val2014_000000455157.jpg']	Is there a cup in the image?	No,	No
['/content/data/coco/val2014/COCO_val2014_000000069189.jpg']	Is there a bird in the image?	No,	Yes
['/content/data/coco/val2014/COCO_val2014_000000069189.jpg']	Is there a dining table in the image?	No,	No
['/content/data/coco/val2014/COCO_val2014_000000069189.jpg']	Is there a person in the image?	Yes,	Yes
['/content/data/coco/val2014/COCO_val2014_000000069189.jpg']	Is there a chair in the image?	No,	No
['/content/data/coco/val2014/COCO_val2014_000000069189.jpg']	Is there a handbag in the image?	Yes,	Yes
['/content/data/coco/val2014/COCO_val2014_000000069189.jpg']	Is there a cup in the image?	No,	No
['/content/data/coco/val2014/COCO_val2014_000000199764.jpg']	Is there a backpack in the image?	Yes,	Yes
['/content/data/coco/val2014/COCO_val2014_000000199764.jpg']	Is there a car in the image?	Yes,	No
['/content/data/coco/val2014/COCO_val2014_000000199764.jpg']	Is there a truck in the image?	Yes,	Yes
['/content/data/coco/val2014/COCO_val2014_000000199764.jpg']	Is there a cup in the image?	No,	No
['/content/data/coco/val2014/COCO_val2014_000000199764.jpg']	Is there a person in the image?	Yes,	Yes
['/content/data/coco/val2014/COCO_val2014_000000199764.jpg']	Is there a bottle in the image?	No,	No
['/content/data/coco/val2014/COCO_val2014_000000148766.jpg']	Is there a vase in the image?	Yes,	Yes
['/content/data/coco/val2014/COCO_val2014_000000148766.jpg']	Is there a person in the image?	No,	No
['/content/data/coco/val2014/COCO_val2014_000000148766.jpg']	Is there a bowl in the image?	Yes,	Yes
['/content/data/coco/val2014/COCO_val2014_000000148766.jpg']	Is there a dining table in the image?	No,	No
['/content/data/coco/val2014/COCO_val2014_000000148766.jpg']	Is there a toilet in the image?	Yes,	Yes
['/content/data/coco/val2014/COCO_val2014_000000148766.jpg']	Is there a car in the image?	No,	No
['/content/data/coco/val2014/COCO_val2014_000000175506.jpg']	Is there a person in the image?	Yes,	Yes
['/content/data/coco/val2014/COCO_val2014_000000175506.jpg']	Is there a dining table in the image?	No,	No
['/content/data/coco/val2014/COCO_val2014_000000175506.jpg']	Is there an orange in the image?	Yes,	Yes
['/content/data/coco/val2014/COCO_val2014_000000175506.jpg']	Is there a car in the image?	No,	No
['/content/data/coco/val2014/COCO_val2014_000000175506.jpg']	Is there a frisbee in the image?	Yes,	Yes
['/content/data/coco/val2014/COCO_val2014_000000175506.jpg']	Is there a chair in the image?	No,	No
['/content/data/coco/val2014/COCO_val2014_000000353096.jpg']	Is there a tv in the image?	No,	Yes
['/content/data/coco/val2014/COCO_val2014_000000353096.jpg']	Is there a person in the image?	No,	No
['/content/data/coco/val2014/COCO_val2014_000000353096.jpg']	Is there a mouse in the image?	Yes,	Yes
['/content/data/coco/val2014/COCO_val2014_000000353096.jpg']	Is there a car in the image?	No,	No
['/content/data/coco/val2014/COCO_val2014_000000353096.jpg']	Is there a laptop in the image?	No,	Yes
['/content/data/coco/val2014/COCO_val2014_000000353096.jpg']	Is there a chair in the image?	No,	No
['/content/data/coco/val2014/COCO_val2014_000000207205.jpg']	Is there a chair in the image?	Yes,	Yes
['/content/data/coco/val2014/COCO_val2014_000000207205.jpg']	Is there a person in the image?	No,	No
['/content/data/coco/val2014/COCO_val2014_000000207205.jpg']	Is there a broccoli in the image?	Yes,	Yes
['/content/data/coco/val2014/COCO_val2014_000000207205.jpg']	Is there a dining table in the image?	Yes,	No
['/content/data/coco/val2014/COCO_val2014_000000207205.jpg']	Is there a carrot in the image?	Yes,	Yes
['/content/data/coco/val2014/COCO_val2014_000000207205.jpg']	Is there a car in the image?	No,	No
['/content/data/coco/val2014/COCO_val2014_000000427113.jpg']	Is there a person in the image?	Yes,	Yes
['/content/data/coco/val2014/COCO_val2014_000000427113.jpg']	Is there a dining table in the image?	No,	No
['/content/data/coco/val2014/COCO_val2014_000000427113.jpg']	Is there a bench in the image?	Yes,	Yes
['/content/data/coco/val2014/COCO_val2014_000000427113.jpg']	Is there a car in the image?	No,	No
['/content/data/coco/val2014/COCO_val2014_000000427113.jpg']	Is there a clock in the image?	Yes,	Yes
['/content/data/coco/val2014/COCO_val2014_000000427113.jpg']	Is there a chair in the image?	Yes,	No
['/content/data/coco/val2014/COCO_val2014_000000498374.jpg']	Is there a sink in the image?	Yes,	Yes
['/content/data/coco/val2014/COCO_val2014_000000498374.jpg']	Is there a dining table in the image?	No,	No
['/content/data/coco/val2014/COCO_val2014_000000498374.jpg']	Is there a person in the image?	Yes,	Yes
['/content/data/coco/val2014/COCO_val2014_000000498374.jpg']	Is there a car in the image?	No,	No
['/content/data/coco/val2014/COCO_val2014_000000498374.jpg']	Is there a toilet in the image?	Yes,	Yes
['/content/data/coco/val2014/COCO_val2014_000000498374.jpg']	Is there a chair in the image?	No,	No
['/content/data/coco/val2014/COCO_val2014_000000013348.jpg']	Is there a truck in the image?	Yes,	Yes
['/content/data/coco/val2014/COCO_val2014_000000013348.jpg']	Is there a dining table in the image?	No,	No
['/content/data/coco/val2014/COCO_val2014_000000013348.jpg']	Is there a person in the image?	Yes,	Yes
['/content/data/coco/val2014/COCO_val2014_000000013348.jpg']	Is there a car in the image?	No,	No
['/content/data/coco/val2014/COCO_val2014_000000013348.jpg']	Is there an airplane in the image?	Yes,	Yes
['/content/data/coco/val2014/COCO_val2014_000000013348.jpg']	Is there a chair in the image?	No,	No
['/content/data/coco/val2014/COCO_val2014_000000081336.jpg']	Is there a traffic light in the image?	Yes,	Yes
['/content/data/coco/val2014/COCO_val2014_000000081336.jpg']	Is there a dining table in the image?	No,	No
['/content/data/coco/val2014/COCO_val2014_000000081336.jpg']	Is there a truck in the image?	Yes,	Yes
['/content/data/coco/val2014/COCO_val2014_000000081336.jpg']	Is there a chair in the image?	No,	No
['/content/data/coco/val2014/COCO_val2014_000000081336.jpg']	Is there a person in the image?	Yes,	Yes
['/content/data/coco/val2014/COCO_val2014_000000081336.jpg']	Is there a cup in the image?	No,	No
['/content/data/coco/val2014/COCO_val2014_000000190185.jpg']	Is there a dog in the image?	Yes,	Yes
['/content/data/coco/val2014/COCO_val2014_000000190185.jpg']	Is there a person in the image?	No,	No
['/content/data/coco/val2014/COCO_val2014_000000190185.jpg']	Is there a bowl in the image?	Yes,	Yes
['/content/data/coco/val2014/COCO_val2014_000000190185.jpg']	Is there a dining table in the image?	Yes,	No
['/content/data/coco/val2014/COCO_val2014_000000190185.jpg']	Is there a sandwich in the image?	Yes,	Yes
['/content/data/coco/val2014/COCO_val2014_000000190185.jpg']	Is there a car in the image?	No,	No
['/content/data/coco/val2014/COCO_val2014_000000209755.jpg']	Is there a spoon in the image?	Yes,	Yes
['/content/data/coco/val2014/COCO_val2014_000000209755.jpg']	Is there a dining table in the image?	No,	No
['/content/data/coco/val2014/COCO_val2014_000000209755.jpg']	Is there a bowl in the image?	No,	Yes
['/content/data/coco/val2014/COCO_val2014_000000209755.jpg']	Is there a car in the image?	No,	No
['/content/data/coco/val2014/COCO_val2014_000000209755.jpg']	Is there a person in the image?	Yes,	Yes
['/content/data/coco/val2014/COCO_val2014_000000209755.jpg']	Is there a chair in the image?	No,	No
['/content/data/coco/val2014/COCO_val2014_000000227227.jpg']	Is there a dog in the image?	Yes,	Yes
['/content/data/coco/val2014/COCO_val2014_000000227227.jpg']	Is there a dining table in the image?	Yes,	No
['/content/data/coco/val2014/COCO_val2014_000000227227.jpg']	Is there a person in the image?	Yes,	Yes
['/content/data/coco/val2014/COCO_val2014_000000227227.jpg']	Is there a chair in the image?	No,	No
['/content/data/coco/val2014/COCO_val2014_000000227227.jpg']	Is there a car in the image?	Yes,	Yes
['/content/data/coco/val2014/COCO_val2014_000000227227.jpg']	Is there a cup in the image?	No,	No
['/content/data/coco/val2014/COCO_val2014_000000397705.jpg']	Is there a person in the image?	Yes,	Yes
['/content/data/coco/val2014/COCO_val2014_000000397705.jpg']	Is there a dining table in the image?	Yes,	No
['/content/data/coco/val2014/COCO_val2014_000000397705.jpg']	Is there a bed in the image?	Yes,	Yes
['/content/data/coco/val2014/COCO_val2014_000000397705.jpg']	Is there a car in the image?	No,	No
['/content/data/coco/val2014/COCO_val2014_000000397705.jpg']	Is there a cat in the image?	Yes,	Yes
['/content/data/coco/val2014/COCO_val2014_000000397705.jpg']	Is there a chair in the image?	Yes,	No
['/content/data/coco/val2014/COCO_val2014_000000287305.jpg']	Is there a person in the image?	Yes,	Yes
['/content/data/coco/val2014/COCO_val2014_000000287305.jpg']	Is there a dining table in the image?	No,	No
['/content/data/coco/val2014/COCO_val2014_000000287305.jpg']	Is there a car in the image?	Yes,	Yes
['/content/data/coco/val2014/COCO_val2014_000000287305.jpg']	Is there a chair in the image?	No,	No
['/content/data/coco/val2014/COCO_val2014_000000287305.jpg']	Is there a bus in the image?	Yes,	Yes
['/content/data/coco/val2014/COCO_val2014_000000287305.jpg']	Is there a cup in the image?	No,	No
['/content/data/coco/val2014/COCO_val2014_000000257327.jpg']	Is there a sink in the image?	Yes,	Yes
['/content/data/coco/val2014/COCO_val2014_000000257327.jpg']	Is there a person in the image?	No,	No
['/content/data/coco/val2014/COCO_val2014_000000257327.jpg']	Is there a toilet in the image?	Yes,	Yes
['/content/data/coco/val2014/COCO_val2014_000000257327.jpg']	Is there a dining table in the image?	No,	No
['/content/data/coco/val2014/COCO_val2014_000000257327.jpg']	Is there a bottle in the image?	Yes,	Yes
['/content/data/coco/val2014/COCO_val2014_000000257327.jpg']	Is there a car in the image?	No,	No
['/content/data/coco/val2014/COCO_val2014_000000557016.jpg']	Is there a person in the image?	Yes,	Yes
['/content/data/coco/val2014/COCO_val2014_000000557016.jpg']	Is there a dining table in the image?	No,	No
['/content/data/coco/val2014/COCO_val2014_000000557016.jpg']	Is there a bicycle in the image?	Yes,	Yes
['/content/data/coco/val2014/COCO_val2014_000000557016.jpg']	Is there a chair in the image?	No,	No
['/content/data/coco/val2014/COCO_val2014_000000557016.jpg']	Is there a car in the image?	Yes,	Yes
['/content/data/coco/val2014/COCO_val2014_000000557016.jpg']	Is there a cup in the image?	No,	No
['/content/data/coco/val2014/COCO_val2014_000000105732.jpg']	Is there a backpack in the image?	Yes,	Yes
['/content/data/coco/val2014/COCO_val2014_000000105732.jpg']	Is there a dining table in the image?	No,	No
['/content/data/coco/val2014/COCO_val2014_000000105732.jpg']	Is there a person in the image?	Yes,	Yes
['/content/data/coco/val2014/COCO_val2014_000000105732.jpg']	Is there a car in the image?	No,	No
['/content/data/coco/val2014/COCO_val2014_000000105732.jpg']	Is there a skis in the image?	Yes,	Yes
['/content/data/coco/val2014/COCO_val2014_000000105732.jpg']	Is there a chair in the image?	No,	No
['/content/data/coco/val2014/COCO_val2014_000000534121.jpg']	Is there a tv in the image?	Yes,	Yes
['/content/data/coco/val2014/COCO_val2014_000000534121.jpg']	Is there a person in the image?	No,	No
['/content/data/coco/val2014/COCO_val2014_000000534121.jpg']	Is there a couch in the image?	Yes,	Yes
['/content/data/coco/val2014/COCO_val2014_000000534121.jpg']	Is there a dining table in the image?	Yes,	No
['/content/data/coco/val2014/COCO_val2014_000000534121.jpg']	Is there a boat in the image?	Yes,	Yes
['/content/data/coco/val2014/COCO_val2014_000000534121.jpg']	Is there a car in the image?	No,	No
['/content/data/coco/val2014/COCO_val2014_000000520524.jpg']	Is there a motorcycle in the image?	Yes,	Yes
['/content/data/coco/val2014/COCO_val2014_000000520524.jpg']	Is there a person in the image?	No,	No
['/content/data/coco/val2014/COCO_val2014_000000520524.jpg']	Is there a bicycle in the image?	Yes,	Yes
['/content/data/coco/val2014/COCO_val2014_000000520524.jpg']	Is there a chair in the image?	No,	No
['/content/data/coco/val2014/COCO_val2014_000000520524.jpg']	Is there a car in the image?	Yes,	Yes
['/content/data/coco/val2014/COCO_val2014_000000520524.jpg']	Is there a cup in the image?	Yes,	No
['/content/data/coco/val2014/COCO_val2014_000000580294.jpg']	Is there a person in the image?	Yes,	Yes
['/content/data/coco/val2014/COCO_val2014_000000580294.jpg']	Is there a dining table in the image?	Yes,	No
['/content/data/coco/val2014/COCO_val2014_000000580294.jpg']	Is there a bowl in the image?	Yes,	Yes
['/content/data/coco/val2014/COCO_val2014_000000580294.jpg']	Is there a car in the image?	No,	No
['/content/data/coco/val2014/COCO_val2014_000000580294.jpg']	Is there a spoon in the image?	No,	Yes
['/content/data/coco/val2014/COCO_val2014_000000580294.jpg']	Is there a chair in the image?	No,	No
['/content/data/coco/val2014/COCO_val2014_000000374061.jpg']	Is there a couch in the image?	Yes,	Yes
['/content/data/coco/val2014/COCO_val2014_000000374061.jpg']	Is there a person in the image?	No,	No
['/content/data/coco/val2014/COCO_val2014_000000374061.jpg']	Is there a bed in the image?	Yes,	Yes
['/content/data/coco/val2014/COCO_val2014_000000374061.jpg']	Is there a dining table in the image?	No,	No
['/content/data/coco/val2014/COCO_val2014_000000374061.jpg']	Is there a cat in the image?	Yes,	Yes
['/content/data/coco/val2014/COCO_val2014_000000374061.jpg']	Is there a car in the image?	No,	No
['/content/data/coco/val2014/COCO_val2014_000000094944.jpg']	Is there a snowboard in the image?	Yes,	Yes
['/content/data/coco/val2014/COCO_val2014_000000094944.jpg']	Is there a dining table in the image?	No,	No
['/content/data/coco/val2014/COCO_val2014_000000094944.jpg']	Is there a backpack in the image?	Yes,	Yes
['/content/data/coco/val2014/COCO_val2014_000000094944.jpg']	Is there a car in the image?	No,	No
['/content/data/coco/val2014/COCO_val2014_000000094944.jpg']	Is there a person in the image?	Yes,	Yes
['/content/data/coco/val2014/COCO_val2014_000000094944.jpg']	Is there a chair in the image?	No,	No
['/content/data/coco/val2014/COCO_val2014_000000572075.jpg']	Is there a bowl in the image?	No,	Yes
['/content/data/coco/val2014/COCO_val2014_000000572075.jpg']	Is there a person in the image?	No,	No
['/content/data/coco/val2014/COCO_val2014_000000572075.jpg']	Is there a toilet in the image?	Yes,	Yes
['/content/data/coco/val2014/COCO_val2014_000000572075.jpg']	Is there a dining table in the image?	No,	No
['/content/data/coco/val2014/COCO_val2014_000000572075.jpg']	Is there a cat in the image?	Yes,	Yes
['/content/data/coco/val2014/COCO_val2014_000000572075.jpg']	Is there a car in the image?	No,	No
['/content/data/coco/val2014/COCO_val2014_000000387098.jpg']	Is there a spoon in the image?	No,	Yes
['/content/data/coco/val2014/COCO_val2014_000000387098.jpg']	Is there a person in the image?	No,	No
['/content/data/coco/val2014/COCO_val2014_000000387098.jpg']	Is there a laptop in the image?	Yes,	Yes
['/content/data/coco/val2014/COCO_val2014_000000387098.jpg']	Is there a car in the image?	No,	No
['/content/data/coco/val2014/COCO_val2014_000000387098.jpg']	Is there a remote in the image?	Yes,	Yes
['/content/data/coco/val2014/COCO_val2014_000000387098.jpg']	Is there a chair in the image?	No,	No
['/content/data/coco/val2014/COCO_val2014_000000382670.jpg']	Is there a person in the image?	Yes,	Yes
['/content/data/coco/val2014/COCO_val2014_000000382670.jpg']	Is there a dining table in the image?	No,	No
['/content/data/coco/val2014/COCO_val2014_000000382670.jpg']	Is there a bicycle in the image?	Yes,	Yes
['/content/data/coco/val2014/COCO_val2014_000000382670.jpg']	Is there a car in the image?	No,	No
['/content/data/coco/val2014/COCO_val2014_000000382670.jpg']	Is there a potted plant in the image?	Yes,	Yes
['/content/data/coco/val2014/COCO_val2014_000000382670.jpg']	Is there a chair in the image?	No,	No
['/content/data/coco/val2014/COCO_val2014_000000414516.jpg']	Is there a person in the image?	Yes,	Yes
['/content/data/coco/val2014/COCO_val2014_000000414516.jpg']	Is there a car in the image?	No,	No
['/content/data/coco/val2014/COCO_val2014_000000414516.jpg']	Is there a dining table in the image?	Yes,	Yes
['/content/data/coco/val2014/COCO_val2014_000000414516.jpg']	Is there a cup in the image?	No,	No
['/content/data/coco/val2014/COCO_val2014_000000414516.jpg']	Is there a chair in the image?	Yes,	Yes
['/content/data/coco/val2014/COCO_val2014_000000414516.jpg']	Is there a bottle in the image?	Yes,	No
['/content/data/coco/val2014/COCO_val2014_000000204360.jpg']	Is there a traffic light in the image?	Yes,	Yes
['/content/data/coco/val2014/COCO_val2014_000000204360.jpg']	Is there a dining table in the image?	No,	No
['/content/data/coco/val2014/COCO_val2014_000000204360.jpg']	Is there a person in the image?	Yes,	Yes
['/content/data/coco/val2014/COCO_val2014_000000204360.jpg']	Is there a chair in the image?	No,	No
['/content/data/coco/val2014/COCO_val2014_000000204360.jpg']	Is there a backpack in the image?	Yes,	Yes
['/content/data/coco/val2014/COCO_val2014_000000204360.jpg']	Is there a cup in the image?	No,	No
['/content/data/coco/val2014/COCO_val2014_000000245642.jpg']	Is there a person in the image?	Yes,	Yes
['/content/data/coco/val2014/COCO_val2014_000000245642.jpg']	Is there a dining table in the image?	No,	No
['/content/data/coco/val2014/COCO_val2014_000000245642.jpg']	Is there a bicycle in the image?	Yes,	Yes
['/content/data/coco/val2014/COCO_val2014_000000245642.jpg']	Is there a car in the image?	No,	No
['/content/data/coco/val2014/COCO_val2014_000000245642.jpg']	Is there a sheep in the image?	Yes,	Yes
['/content/data/coco/val2014/COCO_val2014_000000245642.jpg']	Is there a chair in the image?	No,	No
['/content/data/coco/val2014/COCO_val2014_000000237767.jpg']	Is there a person in the image?	No,	Yes
['/content/data/coco/val2014/COCO_val2014_000000237767.jpg']	Is there a car in the image?	No,	No
['/content/data/coco/val2014/COCO_val2014_000000237767.jpg']	Is there a remote in the image?	Yes,	Yes
['/content/data/coco/val2014/COCO_val2014_000000237767.jpg']	Is there a chair in the image?	No,	No
['/content/data/coco/val2014/COCO_val2014_000000237767.jpg']	Is there a dining table in the image?	No,	Yes
['/content/data/coco/val2014/COCO_val2014_000000237767.jpg']	Is there a cup in the image?	Yes,	No
['/content/data/coco/val2014/COCO_val2014_000000370900.jpg']	Is there a tie in the image?	Yes,	Yes
['/content/data/coco/val2014/COCO_val2014_000000370900.jpg']	Is there a person in the image?	No,	No
['/content/data/coco/val2014/COCO_val2014_000000370900.jpg']	Is there a bear in the image?	Yes,	Yes
['/content/data/coco/val2014/COCO_val2014_000000370900.jpg']	Is there a car in the image?	No,	No
['/content/data/coco/val2014/COCO_val2014_000000370900.jpg']	Is there a teddy bear in the image?	Yes,	Yes
['/content/data/coco/val2014/COCO_val2014_000000370900.jpg']	Is there a chair in the image?	No,	No
['/content/data/coco/val2014/COCO_val2014_000000094501.jpg']	Is there a cake in the image?	Yes,	Yes
['/content/data/coco/val2014/COCO_val2014_000000094501.jpg']	Is there a person in the image?	No,	No
['/content/data/coco/val2014/COCO_val2014_000000094501.jpg']	Is there a bottle in the image?	Yes,	Yes
['/content/data/coco/val2014/COCO_val2014_000000094501.jpg']	Is there a car in the image?	No,	No
['/content/data/coco/val2014/COCO_val2014_000000094501.jpg']	Is there a fork in the image?	Yes,	Yes
['/content/data/coco/val2014/COCO_val2014_000000094501.jpg']	Is there a chair in the image?	No,	No
['/content/data/coco/val2014/COCO_val2014_000000069196.jpg']	Is there a backpack in the image?	Yes,	Yes
['/content/data/coco/val2014/COCO_val2014_000000069196.jpg']	Is there a dining table in the image?	No,	No
['/content/data/coco/val2014/COCO_val2014_000000069196.jpg']	Is there a person in the image?	Yes,	Yes
['/content/data/coco/val2014/COCO_val2014_000000069196.jpg']	Is there a car in the image?	No,	No
['/content/data/coco/val2014/COCO_val2014_000000069196.jpg']	Is there an airplane in the image?	Yes,	Yes
['/content/data/coco/val2014/COCO_val2014_000000069196.jpg']	Is there a chair in the image?	Yes,	No
['/content/data/coco/val2014/COCO_val2014_000000366141.jpg']	Is there a tv in the image?	Yes,	Yes
['/content/data/coco/val2014/COCO_val2014_000000366141.jpg']	Is there a person in the image?	No,	No
['/content/data/coco/val2014/COCO_val2014_000000366141.jpg']	Is there a couch in the image?	Yes,	Yes
['/content/data/coco/val2014/COCO_val2014_000000366141.jpg']	Is there a car in the image?	No,	No
['/content/data/coco/val2014/COCO_val2014_000000366141.jpg']	Is there a dining table in the image?	No,	Yes
['/content/data/coco/val2014/COCO_val2014_000000366141.jpg']	Is there a cup in the image?	Yes,	No
['/content/data/coco/val2014/COCO_val2014_000000093946.jpg']	Is there a person in the image?	Yes,	Yes
['/content/data/coco/val2014/COCO_val2014_000000093946.jpg']	Is there a car in the image?	No,	No
['/content/data/coco/val2014/COCO_val2014_000000093946.jpg']	Is there a bowl in the image?	Yes,	Yes
['/content/data/coco/val2014/COCO_val2014_000000093946.jpg']	Is there a cup in the image?	Yes,	No
['/content/data/coco/val2014/COCO_val2014_000000093946.jpg']	Is there a fork in the image?	No,	Yes
['/content/data/coco/val2014/COCO_val2014_000000093946.jpg']	Is there a bottle in the image?	No,	No
['/content/data/coco/val2014/COCO_val2014_000000032610.jpg']	Is there a backpack in the image?	Yes,	Yes
['/content/data/coco/val2014/COCO_val2014_000000032610.jpg']	Is there a person in the image?	No,	No
['/content/data/coco/val2014/COCO_val2014_000000032610.jpg']	Is there a bench in the image?	No,	Yes
['/content/data/coco/val2014/COCO_val2014_000000032610.jpg']	Is there a car in the image?	No,	No
['/content/data/coco/val2014/COCO_val2014_000000032610.jpg']	Is there a laptop in the image?	Yes,	Yes
['/content/data/coco/val2014/COCO_val2014_000000032610.jpg']	Is there a chair in the image?	No,	No
['/content/data/coco/val2014/COCO_val2014_000000239130.jpg']	Is there a person in the image?	Yes,	Yes
['/content/data/coco/val2014/COCO_val2014_000000239130.jpg']	Is there a dining table in the image?	No,	No
['/content/data/coco/val2014/COCO_val2014_000000239130.jpg']	Is there a bicycle in the image?	Yes,	Yes
['/content/data/coco/val2014/COCO_val2014_000000239130.jpg']	Is there a chair in the image?	No,	No
['/content/data/coco/val2014/COCO_val2014_000000239130.jpg']	Is there a car in the image?	Yes,	Yes
['/content/data/coco/val2014/COCO_val2014_000000239130.jpg']	Is there a cup in the image?	No,	No
['/content/data/coco/val2014/COCO_val2014_000000226097.jpg']	Is there a spoon in the image?	Yes,	Yes
['/content/data/coco/val2014/COCO_val2014_000000226097.jpg']	Is there a person in the image?	No,	No
['/content/data/coco/val2014/COCO_val2014_000000226097.jpg']	Is there a bowl in the image?	Yes,	Yes
['/content/data/coco/val2014/COCO_val2014_000000226097.jpg']	Is there a dining table in the image?	No,	No
['/content/data/coco/val2014/COCO_val2014_000000226097.jpg']	Is there a bottle in the image?	Yes,	Yes
['/content/data/coco/val2014/COCO_val2014_000000226097.jpg']	Is there a car in the image?	No,	No
['/content/data/coco/val2014/COCO_val2014_000000538054.jpg']	Is there a banana in the image?	Yes,	Yes
['/content/data/coco/val2014/COCO_val2014_000000538054.jpg']	Is there a dining table in the image?	No,	No
['/content/data/coco/val2014/COCO_val2014_000000538054.jpg']	Is there a person in the image?	Yes,	Yes
['/content/data/coco/val2014/COCO_val2014_000000538054.jpg']	Is there a car in the image?	No,	No
['/content/data/coco/val2014/COCO_val2014_000000538054.jpg']	Is there a handbag in the image?	Yes,	Yes
['/content/data/coco/val2014/COCO_val2014_000000538054.jpg']	Is there a chair in the image?	No,	No
['/content/data/coco/val2014/COCO_val2014_000000114710.jpg']	Is there a backpack in the image?	Yes,	Yes
['/content/data/coco/val2014/COCO_val2014_000000114710.jpg']	Is there a dining table in the image?	No,	No
['/content/data/coco/val2014/COCO_val2014_000000114710.jpg']	Is there a person in the image?	Yes,	Yes
['/content/data/coco/val2014/COCO_val2014_000000114710.jpg']	Is there a car in the image?	No,	No
['/content/data/coco/val2014/COCO_val2014_000000114710.jpg']	Is there a sheep in the image?	Yes,	Yes
['/content/data/coco/val2014/COCO_val2014_000000114710.jpg']	Is there a chair in the image?	No,	No
['/content/data/coco/val2014/COCO_val2014_000000113701.jpg']	Is there a chair in the image?	Yes,	Yes
['/content/data/coco/val2014/COCO_val2014_000000113701.jpg']	Is there a person in the image?	No,	No
['/content/data/coco/val2014/COCO_val2014_000000113701.jpg']	Is there a clock in the image?	Yes,	Yes
['/content/data/coco/val2014/COCO_val2014_000000113701.jpg']	Is there a dining table in the image?	No,	No
['/content/data/coco/val2014/COCO_val2014_000000113701.jpg']	Is there a bed in the image?	Yes,	Yes
['/content/data/coco/val2014/COCO_val2014_000000113701.jpg']	Is there a car in the image?	No,	No
['/content/data/coco/val2014/COCO_val2014_000000065001.jpg']	Is there a person in the image?	Yes,	Yes
['/content/data/coco/val2014/COCO_val2014_000000065001.jpg']	Is there a dining table in the image?	No,	No
['/content/data/coco/val2014/COCO_val2014_000000065001.jpg']	Is there a motorcycle in the image?	Yes,	Yes
['/content/data/coco/val2014/COCO_val2014_000000065001.jpg']	Is there a chair in the image?	No,	No
['/content/data/coco/val2014/COCO_val2014_000000065001.jpg']	Is there a car in the image?	Yes,	Yes
['/content/data/coco/val2014/COCO_val2014_000000065001.jpg']	Is there a cup in the image?	No,	No
['/content/data/coco/val2014/COCO_val2014_000000482275.jpg']	Is there a person in the image?	Yes,	Yes
['/content/data/coco/val2014/COCO_val2014_000000482275.jpg']	Is there a dining table in the image?	Yes,	No
['/content/data/coco/val2014/COCO_val2014_000000482275.jpg']	Is there a knife in the image?	Yes,	Yes
['/content/data/coco/val2014/COCO_val2014_000000482275.jpg']	Is there a car in the image?	No,	No
['/content/data/coco/val2014/COCO_val2014_000000482275.jpg']	Is there a vase in the image?	Yes,	Yes
['/content/data/coco/val2014/COCO_val2014_000000482275.jpg']	Is there a chair in the image?	No,	No
['/content/data/coco/val2014/COCO_val2014_000000140983.jpg']	Is there a toothbrush in the image?	Yes,	Yes
['/content/data/coco/val2014/COCO_val2014_000000140983.jpg']	Is there a dining table in the image?	No,	No
['/content/data/coco/val2014/COCO_val2014_000000140983.jpg']	Is there a couch in the image?	Yes,	Yes
['/content/data/coco/val2014/COCO_val2014_000000140983.jpg']	Is there a car in the image?	No,	No
['/content/data/coco/val2014/COCO_val2014_000000140983.jpg']	Is there a person in the image?	Yes,	Yes
['/content/data/coco/val2014/COCO_val2014_000000140983.jpg']	Is there a chair in the image?	Yes,	No
['/content/data/coco/val2014/COCO_val2014_000000044520.jpg']	Is there a traffic light in the image?	No,	Yes
['/content/data/coco/val2014/COCO_val2014_000000044520.jpg']	Is there a person in the image?	Yes,	No
['/content/data/coco/val2014/COCO_val2014_000000044520.jpg']	Is there a train in the image?	Yes,	Yes
['/content/data/coco/val2014/COCO_val2014_000000044520.jpg']	Is there a dining table in the image?	No,	No
['/content/data/coco/val2014/COCO_val2014_000000044520.jpg']	Is there a stop sign in the image?	Yes,	Yes
['/content/data/coco/val2014/COCO_val2014_000000044520.jpg']	Is there a car in the image?	No,	No
['/content/data/coco/val2014/COCO_val2014_000000518177.jpg']	Is there a toaster in the image?	Yes,	Yes
['/content/data/coco/val2014/COCO_val2014_000000518177.jpg']	Is there a dining table in the image?	Yes,	No
['/content/data/coco/val2014/COCO_val2014_000000518177.jpg']	Is there a person in the image?	No,	Yes
['/content/data/coco/val2014/COCO_val2014_000000518177.jpg']	Is there a car in the image?	No,	No
['/content/data/coco/val2014/COCO_val2014_000000518177.jpg']	Is there a microwave in the image?	Yes,	Yes
['/content/data/coco/val2014/COCO_val2014_000000518177.jpg']	Is there a chair in the image?	No,	No
['/content/data/coco/val2014/COCO_val2014_000000203479.jpg']	Is there a person in the image?	Yes,	Yes
['/content/data/coco/val2014/COCO_val2014_000000203479.jpg']	Is there a car in the image?	No,	No
['/content/data/coco/val2014/COCO_val2014_000000203479.jpg']	Is there a couch in the image?	Yes,	Yes
['/content/data/coco/val2014/COCO_val2014_000000203479.jpg']	Is there a chair in the image?	No,	No
['/content/data/coco/val2014/COCO_val2014_000000203479.jpg']	Is there a dining table in the image?	Yes,	Yes
['/content/data/coco/val2014/COCO_val2014_000000203479.jpg']	Is there a bottle in the image?	Yes,	No
['/content/data/coco/val2014/COCO_val2014_000000551881.jpg']	Is there a handbag in the image?	Yes,	Yes
['/content/data/coco/val2014/COCO_val2014_000000551881.jpg']	Is there a person in the image?	No,	No
['/content/data/coco/val2014/COCO_val2014_000000551881.jpg']	Is there a potted plant in the image?	Yes,	Yes
['/content/data/coco/val2014/COCO_val2014_000000551881.jpg']	Is there a car in the image?	No,	No
['/content/data/coco/val2014/COCO_val2014_000000551881.jpg']	Is there a dining table in the image?	Yes,	Yes
['/content/data/coco/val2014/COCO_val2014_000000551881.jpg']	Is there a cup in the image?	No,	No
['/content/data/coco/val2014/COCO_val2014_000000369541.jpg']	Is there a dog in the image?	Yes,	Yes
['/content/data/coco/val2014/COCO_val2014_000000369541.jpg']	Is there a dining table in the image?	No,	No
['/content/data/coco/val2014/COCO_val2014_000000369541.jpg']	Is there a person in the image?	No,	Yes
['/content/data/coco/val2014/COCO_val2014_000000369541.jpg']	Is there a car in the image?	No,	No
['/content/data/coco/val2014/COCO_val2014_000000369541.jpg']	Is there a frisbee in the image?	Yes,	Yes
['/content/data/coco/val2014/COCO_val2014_000000369541.jpg']	Is there a chair in the image?	No,	No
['/content/data/coco/val2014/COCO_val2014_000000007795.jpg']	Is there a clock in the image?	Yes,	Yes
['/content/data/coco/val2014/COCO_val2014_000000007795.jpg']	Is there a person in the image?	No,	No
['/content/data/coco/val2014/COCO_val2014_000000007795.jpg']	Is there a bed in the image?	Yes,	Yes
['/content/data/coco/val2014/COCO_val2014_000000007795.jpg']	Is there a dining table in the image?	No,	No
['/content/data/coco/val2014/COCO_val2014_000000007795.jpg']	Is there a remote in the image?	Yes,	Yes
['/content/data/coco/val2014/COCO_val2014_000000007795.jpg']	Is there a car in the image?	No,	No
['/content/data/coco/val2014/COCO_val2014_000000303099.jpg']	Is there a bottle in the image?	No,	Yes
['/content/data/coco/val2014/COCO_val2014_000000303099.jpg']	Is there a person in the image?	No,	No
['/content/data/coco/val2014/COCO_val2014_000000303099.jpg']	Is there a cat in the image?	Yes,	Yes
['/content/data/coco/val2014/COCO_val2014_000000303099.jpg']	Is there a dining table in the image?	No,	No
['/content/data/coco/val2014/COCO_val2014_000000303099.jpg']	Is there a toilet in the image?	Yes,	Yes
['/content/data/coco/val2014/COCO_val2014_000000303099.jpg']	Is there a car in the image?	No,	No
['/content/data/coco/val2014/COCO_val2014_000000147289.jpg']	Is there a fire hydrant in the image?	Yes,	Yes
['/content/data/coco/val2014/COCO_val2014_000000147289.jpg']	Is there a person in the image?	No,	No
['/content/data/coco/val2014/COCO_val2014_000000147289.jpg']	Is there a car in the image?	Yes,	Yes
['/content/data/coco/val2014/COCO_val2014_000000147289.jpg']	Is there a dining table in the image?	No,	No
['/content/data/coco/val2014/COCO_val2014_000000147289.jpg']	Is there a stop sign in the image?	Yes,	Yes
['/content/data/coco/val2014/COCO_val2014_000000147289.jpg']	Is there a chair in the image?	No,	No
['/content/data/coco/val2014/COCO_val2014_000000102439.jpg']	Is there a tv in the image?	Yes,	Yes
['/content/data/coco/val2014/COCO_val2014_000000102439.jpg']	Is there a dining table in the image?	Yes,	No
['/content/data/coco/val2014/COCO_val2014_000000102439.jpg']	Is there a person in the image?	Yes,	Yes
['/content/data/coco/val2014/COCO_val2014_000000102439.jpg']	Is there a car in the image?	No,	No
['/content/data/coco/val2014/COCO_val2014_000000102439.jpg']	Is there a remote in the image?	Yes,	Yes
['/content/data/coco/val2014/COCO_val2014_000000102439.jpg']	Is there a chair in the image?	No,	No
['/content/data/coco/val2014/COCO_val2014_000000183757.jpg']	Is there a boat in the image?	Yes,	Yes
['/content/data/coco/val2014/COCO_val2014_000000183757.jpg']	Is there a person in the image?	No,	No
['/content/data/coco/val2014/COCO_val2014_000000183757.jpg']	Is there a dog in the image?	Yes,	Yes
['/content/data/coco/val2014/COCO_val2014_000000183757.jpg']	Is there a dining table in the image?	No,	No
['/content/data/coco/val2014/COCO_val2014_000000183757.jpg']	Is there a cat in the image?	Yes,	Yes
['/content/data/coco/val2014/COCO_val2014_000000183757.jpg']	Is there a car in the image?	No,	No
['/content/data/coco/val2014/COCO_val2014_000000500473.jpg']	Is there a person in the image?	Yes,	Yes
['/content/data/coco/val2014/COCO_val2014_000000500473.jpg']	Is there a car in the image?	No,	No
['/content/data/coco/val2014/COCO_val2014_000000500473.jpg']	Is there a broccoli in the image?	Yes,	Yes
['/content/data/coco/val2014/COCO_val2014_000000500473.jpg']	Is there a chair in the image?	No,	No
['/content/data/coco/val2014/COCO_val2014_000000500473.jpg']	Is there a handbag in the image?	Yes,	Yes
['/content/data/coco/val2014/COCO_val2014_000000500473.jpg']	Is there a cup in the image?	Yes,	No
['/content/data/coco/val2014/COCO_val2014_000000327532.jpg']	Is there a chair in the image?	Yes,	Yes
['/content/data/coco/val2014/COCO_val2014_000000327532.jpg']	Is there a dining table in the image?	No,	No
['/content/data/coco/val2014/COCO_val2014_000000327532.jpg']	Is there a person in the image?	Yes,	Yes
['/content/data/coco/val2014/COCO_val2014_000000327532.jpg']	Is there a car in the image?	No,	No
['/content/data/coco/val2014/COCO_val2014_000000327532.jpg']	Is there a sports ball in the image?	Yes,	Yes
['/content/data/coco/val2014/COCO_val2014_000000327532.jpg']	Is there a cup in the image?	Yes,	No
['/content/data/coco/val2014/COCO_val2014_000000167110.jpg']	Is there a car in the image?	No,	Yes
['/content/data/coco/val2014/COCO_val2014_000000167110.jpg']	Is there a dining table in the image?	No,	No
['/content/data/coco/val2014/COCO_val2014_000000167110.jpg']	Is there a person in the image?	Yes,	Yes
['/content/data/coco/val2014/COCO_val2014_000000167110.jpg']	Is there a chair in the image?	No,	No
['/content/data/coco/val2014/COCO_val2014_000000167110.jpg']	Is there a skateboard in the image?	Yes,	Yes
['/content/data/coco/val2014/COCO_val2014_000000167110.jpg']	Is there a cup in the image?	No,	No
['/content/data/coco/val2014/COCO_val2014_000000300876.jpg']	Is there a person in the image?	Yes,	Yes
['/content/data/coco/val2014/COCO_val2014_000000300876.jpg']	Is there a car in the image?	No,	No
['/content/data/coco/val2014/COCO_val2014_000000300876.jpg']	Is there a spoon in the image?	Yes,	Yes
['/content/data/coco/val2014/COCO_val2014_000000300876.jpg']	Is there a backpack in the image?	Yes,	No
['/content/data/coco/val2014/COCO_val2014_000000300876.jpg']	Is there a bowl in the image?	Yes,	Yes
['/content/data/coco/val2014/COCO_val2014_000000300876.jpg']	Is there a truck in the image?	No,	No
['/content/data/coco/val2014/COCO_val2014_000000443240.jpg']	Is there a tv in the image?	Yes,	Yes
['/content/data/coco/val2014/COCO_val2014_000000443240.jpg']	Is there a person in the image?	Yes,	No
['/content/data/coco/val2014/COCO_val2014_000000443240.jpg']	Is there a chair in the image?	No,	Yes
['/content/data/coco/val2014/COCO_val2014_000000443240.jpg']	Is there a dining table in the image?	No,	No
['/content/data/coco/val2014/COCO_val2014_000000443240.jpg']	Is there a couch in the image?	Yes,	Yes
['/content/data/coco/val2014/COCO_val2014_000000443240.jpg']	Is there a car in the image?	Yes,	No
['/content/data/coco/val2014/COCO_val2014_000000288042.jpg']	Is there a truck in the image?	Yes,	Yes
['/content/data/coco/val2014/COCO_val2014_000000288042.jpg']	Is there a dining table in the image?	No,	No
['/content/data/coco/val2014/COCO_val2014_000000288042.jpg']	Is there a person in the image?	No,	Yes
['/content/data/coco/val2014/COCO_val2014_000000288042.jpg']	Is there a car in the image?	Yes,	No
['/content/data/coco/val2014/COCO_val2014_000000288042.jpg']	Is there an umbrella in the image?	Yes,	Yes
['/content/data/coco/val2014/COCO_val2014_000000288042.jpg']	Is there a chair in the image?	No,	No
['/content/data/coco/val2014/COCO_val2014_000000270609.jpg']	Is there a person in the image?	Yes,	Yes
['/content/data/coco/val2014/COCO_val2014_000000270609.jpg']	Is there a car in the image?	No,	No
['/content/data/coco/val2014/COCO_val2014_000000270609.jpg']	Is there a dining table in the image?	Yes,	Yes
['/content/data/coco/val2014/COCO_val2014_000000270609.jpg']	Is there a bottle in the image?	No,	No
['/content/data/coco/val2014/COCO_val2014_000000270609.jpg']	Is there a chair in the image?	No,	Yes
['/content/data/coco/val2014/COCO_val2014_000000270609.jpg']	Is there a backpack in the image?	No,	No
['/content/data/coco/val2014/COCO_val2014_000000208028.jpg']	Is there a keyboard in the image?	Yes,	Yes
['/content/data/coco/val2014/COCO_val2014_000000208028.jpg']	Is there a dining table in the image?	No,	No
['/content/data/coco/val2014/COCO_val2014_000000208028.jpg']	Is there a person in the image?	Yes,	Yes
['/content/data/coco/val2014/COCO_val2014_000000208028.jpg']	Is there a car in the image?	No,	No
['/content/data/coco/val2014/COCO_val2014_000000208028.jpg']	Is there a laptop in the image?	No,	Yes
['/content/data/coco/val2014/COCO_val2014_000000208028.jpg']	Is there a chair in the image?	Yes,	No
['/content/data/coco/val2014/COCO_val2014_000000314992.jpg']	Is there a person in the image?	Yes,	Yes
['/content/data/coco/val2014/COCO_val2014_000000314992.jpg']	Is there a dining table in the image?	No,	No
['/content/data/coco/val2014/COCO_val2014_000000314992.jpg']	Is there a handbag in the image?	Yes,	Yes
['/content/data/coco/val2014/COCO_val2014_000000314992.jpg']	Is there a car in the image?	No,	No
['/content/data/coco/val2014/COCO_val2014_000000314992.jpg']	Is there a cell phone in the image?	Yes,	Yes
['/content/data/coco/val2014/COCO_val2014_000000314992.jpg']	Is there a chair in the image?	No,	No
['/content/data/coco/val2014/COCO_val2014_000000424642.jpg']	Is there a person in the image?	Yes,	Yes
['/content/data/coco/val2014/COCO_val2014_000000424642.jpg']	Is there a dining table in the image?	No,	No
['/content/data/coco/val2014/COCO_val2014_000000424642.jpg']	Is there a bottle in the image?	No,	Yes
['/content/data/coco/val2014/COCO_val2014_000000424642.jpg']	Is there a car in the image?	No,	No
['/content/data/coco/val2014/COCO_val2014_000000424642.jpg']	Is there a frisbee in the image?	Yes,	Yes
['/content/data/coco/val2014/COCO_val2014_000000424642.jpg']	Is there a chair in the image?	No,	No
['/content/data/coco/val2014/COCO_val2014_000000467176.jpg']	Is there a tv in the image?	Yes,	Yes
['/content/data/coco/val2014/COCO_val2014_000000467176.jpg']	Is there a dining table in the image?	Yes,	No
['/content/data/coco/val2014/COCO_val2014_000000467176.jpg']	Is there a person in the image?	Yes,	Yes
['/content/data/coco/val2014/COCO_val2014_000000467176.jpg']	Is there a car in the image?	No,	No
['/content/data/coco/val2014/COCO_val2014_000000467176.jpg']	Is there a couch in the image?	Yes,	Yes
['/content/data/coco/val2014/COCO_val2014_000000467176.jpg']	Is there a bottle in the image?	No,	No
['/content/data/coco/val2014/COCO_val2014_000000087435.jpg']	Is there a motorcycle in the image?	Yes,	Yes
['/content/data/coco/val2014/COCO_val2014_000000087435.jpg']	Is there a dining table in the image?	No,	No
['/content/data/coco/val2014/COCO_val2014_000000087435.jpg']	Is there a person in the image?	No,	Yes
['/content/data/coco/val2014/COCO_val2014_000000087435.jpg']	Is there a chair in the image?	No,	No
['/content/data/coco/val2014/COCO_val2014_000000087435.jpg']	Is there a car in the image?	Yes,	Yes
['/content/data/coco/val2014/COCO_val2014_000000087435.jpg']	Is there a cup in the image?	No,	No
['/content/data/coco/val2014/COCO_val2014_000000079446.jpg']	Is there a sink in the image?	Yes,	Yes
['/content/data/coco/val2014/COCO_val2014_000000079446.jpg']	Is there a person in the image?	No,	No
['/content/data/coco/val2014/COCO_val2014_000000079446.jpg']	Is there a bottle in the image?	Yes,	Yes
['/content/data/coco/val2014/COCO_val2014_000000079446.jpg']	Is there a dining table in the image?	No,	No
['/content/data/coco/val2014/COCO_val2014_000000079446.jpg']	Is there a toilet in the image?	Yes,	Yes
['/content/data/coco/val2014/COCO_val2014_000000079446.jpg']	Is there a car in the image?	No,	No
['/content/data/coco/val2014/COCO_val2014_000000354398.jpg']	Is there a dog in the image?	Yes,	Yes
['/content/data/coco/val2014/COCO_val2014_000000354398.jpg']	Is there a dining table in the image?	No,	No
['/content/data/coco/val2014/COCO_val2014_000000354398.jpg']	Is there a truck in the image?	Yes,	Yes
['/content/data/coco/val2014/COCO_val2014_000000354398.jpg']	Is there a chair in the image?	No,	No
['/content/data/coco/val2014/COCO_val2014_000000354398.jpg']	Is there a person in the image?	Yes,	Yes
['/content/data/coco/val2014/COCO_val2014_000000354398.jpg']	Is there a cup in the image?	No,	No
['/content/data/coco/val2014/COCO_val2014_000000430052.jpg']	Is there a vase in the image?	Yes,	Yes
['/content/data/coco/val2014/COCO_val2014_000000430052.jpg']	Is there a person in the image?	No,	No
['/content/data/coco/val2014/COCO_val2014_000000430052.jpg']	Is there a bird in the image?	Yes,	Yes
['/content/data/coco/val2014/COCO_val2014_000000430052.jpg']	Is there a car in the image?	No,	No
['/content/data/coco/val2014/COCO_val2014_000000430052.jpg']	Is there a bottle in the image?	Yes,	Yes
['/content/data/coco/val2014/COCO_val2014_000000430052.jpg']	Is there a chair in the image?	No,	No
['/content/data/coco/val2014/COCO_val2014_000000567886.jpg']	Is there a teddy bear in the image?	Yes,	Yes
['/content/data/coco/val2014/COCO_val2014_000000567886.jpg']	Is there a dining table in the image?	No,	No
['/content/data/coco/val2014/COCO_val2014_000000567886.jpg']	Is there a person in the image?	Yes,	Yes
['/content/data/coco/val2014/COCO_val2014_000000567886.jpg']	Is there a car in the image?	No,	No
['/content/data/coco/val2014/COCO_val2014_000000567886.jpg']	Is there a book in the image?	Yes,	Yes
['/content/data/coco/val2014/COCO_val2014_000000567886.jpg']	Is there a chair in the image?	No,	No
['/content/data/coco/val2014/COCO_val2014_000000539251.jpg']	Is there a sink in the image?	Yes,	Yes
['/content/data/coco/val2014/COCO_val2014_000000539251.jpg']	Is there a dining table in the image?	No,	No
['/content/data/coco/val2014/COCO_val2014_000000539251.jpg']	Is there a person in the image?	Yes,	Yes
['/content/data/coco/val2014/COCO_val2014_000000539251.jpg']	Is there a car in the image?	No,	No
['/content/data/coco/val2014/COCO_val2014_000000539251.jpg']	Is there a potted plant in the image?	Yes,	Yes
['/content/data/coco/val2014/COCO_val2014_000000539251.jpg']	Is there a chair in the image?	Yes,	No
['/content/data/coco/val2014/COCO_val2014_000000551908.jpg']	Is there a broccoli in the image?	Yes,	Yes
['/content/data/coco/val2014/COCO_val2014_000000551908.jpg']	Is there a person in the image?	No,	No
['/content/data/coco/val2014/COCO_val2014_000000551908.jpg']	Is there a carrot in the image?	Yes,	Yes
['/content/data/coco/val2014/COCO_val2014_000000551908.jpg']	Is there a car in the image?	No,	No
['/content/data/coco/val2014/COCO_val2014_000000551908.jpg']	Is there a bed in the image?	No,	Yes
['/content/data/coco/val2014/COCO_val2014_000000551908.jpg']	Is there a chair in the image?	No,	No
['/content/data/coco/val2014/COCO_val2014_000000102906.jpg']	Is there a traffic light in the image?	Yes,	Yes
['/content/data/coco/val2014/COCO_val2014_000000102906.jpg']	Is there a person in the image?	No,	No
['/content/data/coco/val2014/COCO_val2014_000000102906.jpg']	Is there a car in the image?	Yes,	Yes
['/content/data/coco/val2014/COCO_val2014_000000102906.jpg']	Is there a dining table in the image?	No,	No
['/content/data/coco/val2014/COCO_val2014_000000102906.jpg']	Is there a fire hydrant in the image?	Yes,	Yes
['/content/data/coco/val2014/COCO_val2014_000000102906.jpg']	Is there a chair in the image?	No,	No
['/content/data/coco/val2014/COCO_val2014_000000327771.jpg']	Is there a vase in the image?	Yes,	Yes
['/content/data/coco/val2014/COCO_val2014_000000327771.jpg']	Is there a person in the image?	No,	No
['/content/data/coco/val2014/COCO_val2014_000000327771.jpg']	Is there a bed in the image?	Yes,	Yes
['/content/data/coco/val2014/COCO_val2014_000000327771.jpg']	Is there a car in the image?	No,	No
['/content/data/coco/val2014/COCO_val2014_000000327771.jpg']	Is there a dining table in the image?	No,	Yes
['/content/data/coco/val2014/COCO_val2014_000000327771.jpg']	Is there a chair in the image?	No,	No
['/content/data/coco/val2014/COCO_val2014_000000280734.jpg']	Is there a pizza in the image?	Yes,	Yes
['/content/data/coco/val2014/COCO_val2014_000000280734.jpg']	Is there a car in the image?	No,	No
['/content/data/coco/val2014/COCO_val2014_000000280734.jpg']	Is there a person in the image?	Yes,	Yes
['/content/data/coco/val2014/COCO_val2014_000000280734.jpg']	Is there a chair in the image?	No,	No
['/content/data/coco/val2014/COCO_val2014_000000280734.jpg']	Is there a dining table in the image?	Yes,	Yes
['/content/data/coco/val2014/COCO_val2014_000000280734.jpg']	Is there a cup in the image?	No,	No
['/content/data/coco/val2014/COCO_val2014_000000111817.jpg']	Is there a person in the image?	No,	Yes
['/content/data/coco/val2014/COCO_val2014_000000111817.jpg']	Is there a car in the image?	No,	No
['/content/data/coco/val2014/COCO_val2014_000000111817.jpg']	Is there a cup in the image?	No,	Yes
['/content/data/coco/val2014/COCO_val2014_000000111817.jpg']	Is there a chair in the image?	No,	No
['/content/data/coco/val2014/COCO_val2014_000000111817.jpg']	Is there a cake in the image?	Yes,	Yes
['/content/data/coco/val2014/COCO_val2014_000000111817.jpg']	Is there a bottle in the image?	No,	No
['/content/data/coco/val2014/COCO_val2014_000000379162.jpg']	Is there a person in the image?	Yes,	Yes
['/content/data/coco/val2014/COCO_val2014_000000379162.jpg']	Is there a dining table in the image?	No,	No
['/content/data/coco/val2014/COCO_val2014_000000379162.jpg']	Is there a handbag in the image?	Yes,	Yes
['/content/data/coco/val2014/COCO_val2014_000000379162.jpg']	Is there a car in the image?	No,	No
['/content/data/coco/val2014/COCO_val2014_000000379162.jpg']	Is there a bottle in the image?	Yes,	Yes
['/content/data/coco/val2014/COCO_val2014_000000379162.jpg']	Is there a cup in the image?	Yes,	No
['/content/data/coco/val2014/COCO_val2014_000000489728.jpg']	Is there a bowl in the image?	Yes,	Yes
['/content/data/coco/val2014/COCO_val2014_000000489728.jpg']	Is there a dining table in the image?	No,	No
['/content/data/coco/val2014/COCO_val2014_000000489728.jpg']	Is there a person in the image?	Yes,	Yes
['/content/data/coco/val2014/COCO_val2014_000000489728.jpg']	Is there a car in the image?	No,	No
['/content/data/coco/val2014/COCO_val2014_000000489728.jpg']	Is there a laptop in the image?	Yes,	Yes
['/content/data/coco/val2014/COCO_val2014_000000489728.jpg']	Is there a chair in the image?	No,	No
['/content/data/coco/val2014/COCO_val2014_000000419453.jpg']	Is there a person in the image?	Yes,	Yes
['/content/data/coco/val2014/COCO_val2014_000000419453.jpg']	Is there a dining table in the image?	No,	No
['/content/data/coco/val2014/COCO_val2014_000000419453.jpg']	Is there a sports ball in the image?	Yes,	Yes
['/content/data/coco/val2014/COCO_val2014_000000419453.jpg']	Is there a car in the image?	No,	No
['/content/data/coco/val2014/COCO_val2014_000000419453.jpg']	Is there an umbrella in the image?	Yes,	Yes
['/content/data/coco/val2014/COCO_val2014_000000419453.jpg']	Is there a chair in the image?	Yes,	No
['/content/data/coco/val2014/COCO_val2014_000000358255.jpg']	Is there a teddy bear in the image?	Yes,	Yes
['/content/data/coco/val2014/COCO_val2014_000000358255.jpg']	Is there a dining table in the image?	No,	No
['/content/data/coco/val2014/COCO_val2014_000000358255.jpg']	Is there a person in the image?	No,	Yes
['/content/data/coco/val2014/COCO_val2014_000000358255.jpg']	Is there a car in the image?	No,	No
['/content/data/coco/val2014/COCO_val2014_000000358255.jpg']	Is there a bed in the image?	Yes,	Yes
['/content/data/coco/val2014/COCO_val2014_000000358255.jpg']	Is there a chair in the image?	Yes,	No
['/content/data/coco/val2014/COCO_val2014_000000178078.jpg']	Is there a motorcycle in the image?	Yes,	Yes
['/content/data/coco/val2014/COCO_val2014_000000178078.jpg']	Is there a person in the image?	No,	No
['/content/data/coco/val2014/COCO_val2014_000000178078.jpg']	Is there a car in the image?	Yes,	Yes
['/content/data/coco/val2014/COCO_val2014_000000178078.jpg']	Is there a dining table in the image?	No,	No
['/content/data/coco/val2014/COCO_val2014_000000178078.jpg']	Is there a bicycle in the image?	No,	Yes
['/content/data/coco/val2014/COCO_val2014_000000178078.jpg']	Is there a chair in the image?	No,	No
['/content/data/coco/val2014/COCO_val2014_000000197219.jpg']	Is there a person in the image?	Yes,	Yes
['/content/data/coco/val2014/COCO_val2014_000000197219.jpg']	Is there a car in the image?	No,	No
['/content/data/coco/val2014/COCO_val2014_000000197219.jpg']	Is there a handbag in the image?	No,	Yes
['/content/data/coco/val2014/COCO_val2014_000000197219.jpg']	Is there a cup in the image?	Yes,	No
['/content/data/coco/val2014/COCO_val2014_000000197219.jpg']	Is there a dining table in the image?	Yes,	Yes
['/content/data/coco/val2014/COCO_val2014_000000197219.jpg']	Is there a bottle in the image?	Yes,	No
['/content/data/coco/val2014/COCO_val2014_000000460931.jpg']	Is there a donut in the image?	Yes,	Yes
['/content/data/coco/val2014/COCO_val2014_000000460931.jpg']	Is there a dining table in the image?	No,	No
['/content/data/coco/val2014/COCO_val2014_000000460931.jpg']	Is there a cake in the image?	No,	Yes
['/content/data/coco/val2014/COCO_val2014_000000460931.jpg']	Is there a car in the image?	No,	No
['/content/data/coco/val2014/COCO_val2014_000000460931.jpg']	Is there a person in the image?	No,	Yes
['/content/data/coco/val2014/COCO_val2014_000000460931.jpg']	Is there a chair in the image?	No,	No
['/content/data/coco/val2014/COCO_val2014_000000506483.jpg']	Is there a backpack in the image?	Yes,	Yes
['/content/data/coco/val2014/COCO_val2014_000000506483.jpg']	Is there a dining table in the image?	Yes,	No
['/content/data/coco/val2014/COCO_val2014_000000506483.jpg']	Is there a person in the image?	Yes,	Yes
['/content/data/coco/val2014/COCO_val2014_000000506483.jpg']	Is there a chair in the image?	Yes,	No
['/content/data/coco/val2014/COCO_val2014_000000506483.jpg']	Is there a car in the image?	Yes,	Yes
['/content/data/coco/val2014/COCO_val2014_000000506483.jpg']	Is there a cup in the image?	No,	No
['/content/data/coco/val2014/COCO_val2014_000000468934.jpg']	Is there a banana in the image?	No,	Yes
['/content/data/coco/val2014/COCO_val2014_000000468934.jpg']	Is there a car in the image?	No,	No
['/content/data/coco/val2014/COCO_val2014_000000468934.jpg']	Is there a person in the image?	Yes,	Yes
['/content/data/coco/val2014/COCO_val2014_000000468934.jpg']	Is there a chair in the image?	No,	No
['/content/data/coco/val2014/COCO_val2014_000000468934.jpg']	Is there a fork in the image?	Yes,	Yes
['/content/data/coco/val2014/COCO_val2014_000000468934.jpg']	Is there a cup in the image?	No,	No
['/content/data/coco/val2014/COCO_val2014_000000189694.jpg']	Is there a sink in the image?	No,	Yes
['/content/data/coco/val2014/COCO_val2014_000000189694.jpg']	Is there a dining table in the image?	No,	No
['/content/data/coco/val2014/COCO_val2014_000000189694.jpg']	Is there a person in the image?	Yes,	Yes
['/content/data/coco/val2014/COCO_val2014_000000189694.jpg']	Is there a car in the image?	No,	No
['/content/data/coco/val2014/COCO_val2014_000000189694.jpg']	Is there a bottle in the image?	No,	Yes
['/content/data/coco/val2014/COCO_val2014_000000189694.jpg']	Is there a chair in the image?	No,	No
['/content/data/coco/val2014/COCO_val2014_000000273450.jpg']	Is there a person in the image?	Yes,	Yes
['/content/data/coco/val2014/COCO_val2014_000000273450.jpg']	Is there a dining table in the image?	No,	No
['/content/data/coco/val2014/COCO_val2014_000000273450.jpg']	Is there an orange in the image?	No,	Yes
['/content/data/coco/val2014/COCO_val2014_000000273450.jpg']	Is there a chair in the image?	No,	No
['/content/data/coco/val2014/COCO_val2014_000000273450.jpg']	Is there a car in the image?	Yes,	Yes
['/content/data/coco/val2014/COCO_val2014_000000273450.jpg']	Is there a cup in the image?	No,	No
['/content/data/coco/val2014/COCO_val2014_000000278226.jpg']	Is there a person in the image?	Yes,	Yes
['/content/data/coco/val2014/COCO_val2014_000000278226.jpg']	Is there a dining table in the image?	Yes,	No
['/content/data/coco/val2014/COCO_val2014_000000278226.jpg']	Is there a couch in the image?	Yes,	Yes
['/content/data/coco/val2014/COCO_val2014_000000278226.jpg']	Is there a car in the image?	No,	No
['/content/data/coco/val2014/COCO_val2014_000000278226.jpg']	Is there a laptop in the image?	Yes,	Yes
['/content/data/coco/val2014/COCO_val2014_000000278226.jpg']	Is there a chair in the image?	Yes,	No
['/content/data/coco/val2014/COCO_val2014_000000449432.jpg']	Is there a backpack in the image?	Yes,	Yes
['/content/data/coco/val2014/COCO_val2014_000000449432.jpg']	Is there a dining table in the image?	No,	No
['/content/data/coco/val2014/COCO_val2014_000000449432.jpg']	Is there a person in the image?	Yes,	Yes
['/content/data/coco/val2014/COCO_val2014_000000449432.jpg']	Is there a car in the image?	No,	No
['/content/data/coco/val2014/COCO_val2014_000000449432.jpg']	Is there a handbag in the image?	Yes,	Yes
['/content/data/coco/val2014/COCO_val2014_000000449432.jpg']	Is there a chair in the image?	No,	No
['/content/data/coco/val2014/COCO_val2014_000000153300.jpg']	Is there a spoon in the image?	Yes,	Yes
['/content/data/coco/val2014/COCO_val2014_000000153300.jpg']	Is there a car in the image?	No,	No
['/content/data/coco/val2014/COCO_val2014_000000153300.jpg']	Is there a bowl in the image?	Yes,	Yes
['/content/data/coco/val2014/COCO_val2014_000000153300.jpg']	Is there a chair in the image?	No,	No
['/content/data/coco/val2014/COCO_val2014_000000153300.jpg']	Is there a person in the image?	Yes,	Yes
['/content/data/coco/val2014/COCO_val2014_000000153300.jpg']	Is there a backpack in the image?	No,	No
['/content/data/coco/val2014/COCO_val2014_000000506178.jpg']	Is there a person in the image?	Yes,	Yes
['/content/data/coco/val2014/COCO_val2014_000000506178.jpg']	Is there a dining table in the image?	No,	No
['/content/data/coco/val2014/COCO_val2014_000000506178.jpg']	Is there a bed in the image?	No,	Yes
['/content/data/coco/val2014/COCO_val2014_000000506178.jpg']	Is there a car in the image?	Yes,	No
['/content/data/coco/val2014/COCO_val2014_000000506178.jpg']	Is there a remote in the image?	Yes,	Yes
['/content/data/coco/val2014/COCO_val2014_000000506178.jpg']	Is there a chair in the image?	No,	No
['/content/data/coco/val2014/COCO_val2014_000000249720.jpg']	Is there a backpack in the image?	Yes,	Yes
['/content/data/coco/val2014/COCO_val2014_000000249720.jpg']	Is there a dining table in the image?	No,	No
['/content/data/coco/val2014/COCO_val2014_000000249720.jpg']	Is there a person in the image?	Yes,	Yes
['/content/data/coco/val2014/COCO_val2014_000000249720.jpg']	Is there a chair in the image?	No,	No
['/content/data/coco/val2014/COCO_val2014_000000249720.jpg']	Is there a traffic light in the image?	Yes,	Yes
['/content/data/coco/val2014/COCO_val2014_000000249720.jpg']	Is there a cup in the image?	No,	No
['/content/data/coco/val2014/COCO_val2014_000000205206.jpg']	Is there a traffic light in the image?	Yes,	Yes
['/content/data/coco/val2014/COCO_val2014_000000205206.jpg']	Is there a person in the image?	No,	No
['/content/data/coco/val2014/COCO_val2014_000000205206.jpg']	Is there a train in the image?	Yes,	Yes
['/content/data/coco/val2014/COCO_val2014_000000205206.jpg']	Is there a dining table in the image?	No,	No
['/content/data/coco/val2014/COCO_val2014_000000205206.jpg']	Is there a car in the image?	No,	Yes
['/content/data/coco/val2014/COCO_val2014_000000205206.jpg']	Is there a chair in the image?	No,	No
['/content/data/coco/val2014/COCO_val2014_000000018150.jpg']	Is there a backpack in the image?	Yes,	Yes
['/content/data/coco/val2014/COCO_val2014_000000018150.jpg']	Is there a dining table in the image?	Yes,	No
['/content/data/coco/val2014/COCO_val2014_000000018150.jpg']	Is there a person in the image?	Yes,	Yes
['/content/data/coco/val2014/COCO_val2014_000000018150.jpg']	Is there a car in the image?	No,	No
['/content/data/coco/val2014/COCO_val2014_000000018150.jpg']	Is there a couch in the image?	Yes,	Yes
['/content/data/coco/val2014/COCO_val2014_000000018150.jpg']	Is there a chair in the image?	Yes,	No
['/content/data/coco/val2014/COCO_val2014_000000303534.jpg']	Is there a tv in the image?	Yes,	Yes
['/content/data/coco/val2014/COCO_val2014_000000303534.jpg']	Is there a person in the image?	No,	No
['/content/data/coco/val2014/COCO_val2014_000000303534.jpg']	Is there a backpack in the image?	Yes,	Yes
['/content/data/coco/val2014/COCO_val2014_000000303534.jpg']	Is there a dining table in the image?	Yes,	No
['/content/data/coco/val2014/COCO_val2014_000000303534.jpg']	Is there a chair in the image?	Yes,	Yes
['/content/data/coco/val2014/COCO_val2014_000000303534.jpg']	Is there a car in the image?	No,	No
['/content/data/coco/val2014/COCO_val2014_000000278771.jpg']	Is there a person in the image?	Yes,	Yes
['/content/data/coco/val2014/COCO_val2014_000000278771.jpg']	Is there a dining table in the image?	No,	No
['/content/data/coco/val2014/COCO_val2014_000000278771.jpg']	Is there a sports ball in the image?	No,	Yes
['/content/data/coco/val2014/COCO_val2014_000000278771.jpg']	Is there a car in the image?	No,	No
['/content/data/coco/val2014/COCO_val2014_000000278771.jpg']	Is there a bottle in the image?	Yes,	Yes
['/content/data/coco/val2014/COCO_val2014_000000278771.jpg']	Is there a chair in the image?	Yes,	No
['/content/data/coco/val2014/COCO_val2014_000000134075.jpg']	Is there a spoon in the image?	Yes,	Yes
['/content/data/coco/val2014/COCO_val2014_000000134075.jpg']	Is there a car in the image?	Yes,	No
['/content/data/coco/val2014/COCO_val2014_000000134075.jpg']	Is there a person in the image?	Yes,	Yes
['/content/data/coco/val2014/COCO_val2014_000000134075.jpg']	Is there a chair in the image?	No,	No
['/content/data/coco/val2014/COCO_val2014_000000134075.jpg']	Is there a bottle in the image?	Yes,	Yes
['/content/data/coco/val2014/COCO_val2014_000000134075.jpg']	Is there a backpack in the image?	No,	No
['/content/data/coco/val2014/COCO_val2014_000000227204.jpg']	Is there a banana in the image?	Yes,	Yes
['/content/data/coco/val2014/COCO_val2014_000000227204.jpg']	Is there a car in the image?	No,	No
['/content/data/coco/val2014/COCO_val2014_000000227204.jpg']	Is there a person in the image?	Yes,	Yes
['/content/data/coco/val2014/COCO_val2014_000000227204.jpg']	Is there a chair in the image?	No,	No
['/content/data/coco/val2014/COCO_val2014_000000227204.jpg']	Is there a spoon in the image?	Yes,	Yes
['/content/data/coco/val2014/COCO_val2014_000000227204.jpg']	Is there a backpack in the image?	Yes,	No
['/content/data/coco/val2014/COCO_val2014_000000124629.jpg']	Is there a person in the image?	Yes,	Yes
['/content/data/coco/val2014/COCO_val2014_000000124629.jpg']	Is there a dining table in the image?	No,	No
['/content/data/coco/val2014/COCO_val2014_000000124629.jpg']	Is there a sports ball in the image?	Yes,	Yes
['/content/data/coco/val2014/COCO_val2014_000000124629.jpg']	Is there a car in the image?	No,	No
['/content/data/coco/val2014/COCO_val2014_000000124629.jpg']	Is there a tennis racket in the image?	No,	Yes
['/content/data/coco/val2014/COCO_val2014_000000124629.jpg']	Is there a chair in the image?	No,	No
['/content/data/coco/val2014/COCO_val2014_000000142774.jpg']	Is there a person in the image?	Yes,	Yes
['/content/data/coco/val2014/COCO_val2014_000000142774.jpg']	Is there a dining table in the image?	No,	No
['/content/data/coco/val2014/COCO_val2014_000000142774.jpg']	Is there a motorcycle in the image?	Yes,	Yes
['/content/data/coco/val2014/COCO_val2014_000000142774.jpg']	Is there a car in the image?	No,	No
['/content/data/coco/val2014/COCO_val2014_000000142774.jpg']	Is there a bus in the image?	Yes,	Yes
['/content/data/coco/val2014/COCO_val2014_000000142774.jpg']	Is there a chair in the image?	Yes,	No
['/content/data/coco/val2014/COCO_val2014_000000199959.jpg']	Is there a backpack in the image?	Yes,	Yes
['/content/data/coco/val2014/COCO_val2014_000000199959.jpg']	Is there a dining table in the image?	No,	No
['/content/data/coco/val2014/COCO_val2014_000000199959.jpg']	Is there a person in the image?	Yes,	Yes
['/content/data/coco/val2014/COCO_val2014_000000199959.jpg']	Is there a car in the image?	No,	No
['/content/data/coco/val2014/COCO_val2014_000000199959.jpg']	Is there a train in the image?	Yes,	Yes
['/content/data/coco/val2014/COCO_val2014_000000199959.jpg']	Is there a chair in the image?	No,	No
['/content/data/coco/val2014/COCO_val2014_000000316700.jpg']	Is there a bowl in the image?	Yes,	Yes
['/content/data/coco/val2014/COCO_val2014_000000316700.jpg']	Is there a person in the image?	No,	No
['/content/data/coco/val2014/COCO_val2014_000000316700.jpg']	Is there a broccoli in the image?	No,	Yes
['/content/data/coco/val2014/COCO_val2014_000000316700.jpg']	Is there a car in the image?	No,	No
['/content/data/coco/val2014/COCO_val2014_000000316700.jpg']	Is there a dining table in the image?	Yes,	Yes
['/content/data/coco/val2014/COCO_val2014_000000316700.jpg']	Is there a chair in the image?	No,	No
['/content/data/coco/val2014/COCO_val2014_000000040361.jpg']	Is there a person in the image?	Yes,	Yes
['/content/data/coco/val2014/COCO_val2014_000000040361.jpg']	Is there a dining table in the image?	No,	No
['/content/data/coco/val2014/COCO_val2014_000000040361.jpg']	Is there a sports ball in the image?	Yes,	Yes
['/content/data/coco/val2014/COCO_val2014_000000040361.jpg']	Is there a car in the image?	No,	No
['/content/data/coco/val2014/COCO_val2014_000000040361.jpg']	Is there a baseball bat in the image?	Yes,	Yes
['/content/data/coco/val2014/COCO_val2014_000000040361.jpg']	Is there a chair in the image?	No,	No
['/content/data/coco/val2014/COCO_val2014_000000378873.jpg']	Is there a truck in the image?	Yes,	Yes
['/content/data/coco/val2014/COCO_val2014_000000378873.jpg']	Is there a car in the image?	No,	No
['/content/data/coco/val2014/COCO_val2014_000000378873.jpg']	Is there a bowl in the image?	No,	Yes
['/content/data/coco/val2014/COCO_val2014_000000378873.jpg']	Is there a chair in the image?	No,	No
['/content/data/coco/val2014/COCO_val2014_000000378873.jpg']	Is there a person in the image?	Yes,	Yes
['/content/data/coco/val2014/COCO_val2014_000000378873.jpg']	Is there a cup in the image?	Yes,	No
['/content/data/coco/val2014/COCO_val2014_000000574790.jpg']	Is there a traffic light in the image?	Yes,	Yes
['/content/data/coco/val2014/COCO_val2014_000000574790.jpg']	Is there a person in the image?	No,	No
['/content/data/coco/val2014/COCO_val2014_000000574790.jpg']	Is there a truck in the image?	Yes,	Yes
['/content/data/coco/val2014/COCO_val2014_000000574790.jpg']	Is there a dining table in the image?	No,	No
['/content/data/coco/val2014/COCO_val2014_000000574790.jpg']	Is there a car in the image?	Yes,	Yes
['/content/data/coco/val2014/COCO_val2014_000000574790.jpg']	Is there a chair in the image?	No,	No
['/content/data/coco/val2014/COCO_val2014_000000011241.jpg']	Is there a bowl in the image?	Yes,	Yes
['/content/data/coco/val2014/COCO_val2014_000000011241.jpg']	Is there a person in the image?	No,	No
['/content/data/coco/val2014/COCO_val2014_000000011241.jpg']	Is there a spoon in the image?	Yes,	Yes
['/content/data/coco/val2014/COCO_val2014_000000011241.jpg']	Is there a dining table in the image?	Yes,	No
['/content/data/coco/val2014/COCO_val2014_000000011241.jpg']	Is there a sandwich in the image?	Yes,	Yes
['/content/data/coco/val2014/COCO_val2014_000000011241.jpg']	Is there a car in the image?	No,	No
['/content/data/coco/val2014/COCO_val2014_000000525667.jpg']	Is there a person in the image?	Yes,	Yes
['/content/data/coco/val2014/COCO_val2014_000000525667.jpg']	Is there a car in the image?	No,	No
['/content/data/coco/val2014/COCO_val2014_000000525667.jpg']	Is there a bicycle in the image?	Yes,	Yes
['/content/data/coco/val2014/COCO_val2014_000000525667.jpg']	Is there a chair in the image?	No,	No
['/content/data/coco/val2014/COCO_val2014_000000525667.jpg']	Is there a dining table in the image?	Yes,	Yes
['/content/data/coco/val2014/COCO_val2014_000000525667.jpg']	Is there a bottle in the image?	Yes,	No
['/content/data/coco/val2014/COCO_val2014_000000246145.jpg']	Is there a chair in the image?	Yes,	Yes
['/content/data/coco/val2014/COCO_val2014_000000246145.jpg']	Is there a person in the image?	No,	No
['/content/data/coco/val2014/COCO_val2014_000000246145.jpg']	Is there a clock in the image?	Yes,	Yes
['/content/data/coco/val2014/COCO_val2014_000000246145.jpg']	Is there a car in the image?	No,	No
['/content/data/coco/val2014/COCO_val2014_000000246145.jpg']	Is there a dining table in the image?	No,	Yes
['/content/data/coco/val2014/COCO_val2014_000000246145.jpg']	Is there a cup in the image?	No,	No
['/content/data/coco/val2014/COCO_val2014_000000313162.jpg']	Is there a pizza in the image?	Yes,	Yes
['/content/data/coco/val2014/COCO_val2014_000000313162.jpg']	Is there a person in the image?	No,	No
['/content/data/coco/val2014/COCO_val2014_000000313162.jpg']	Is there a cup in the image?	Yes,	Yes
['/content/data/coco/val2014/COCO_val2014_000000313162.jpg']	Is there a car in the image?	No,	No
['/content/data/coco/val2014/COCO_val2014_000000313162.jpg']	Is there a dining table in the image?	Yes,	Yes
['/content/data/coco/val2014/COCO_val2014_000000313162.jpg']	Is there a chair in the image?	No,	No
['/content/data/coco/val2014/COCO_val2014_000000529668.jpg']	Is there a person in the image?	Yes,	Yes
['/content/data/coco/val2014/COCO_val2014_000000529668.jpg']	Is there a dining table in the image?	No,	No
['/content/data/coco/val2014/COCO_val2014_000000529668.jpg']	Is there a handbag in the image?	Yes,	Yes
['/content/data/coco/val2014/COCO_val2014_000000529668.jpg']	Is there a car in the image?	No,	No
['/content/data/coco/val2014/COCO_val2014_000000529668.jpg']	Is there a cell phone in the image?	Yes,	Yes
['/content/data/coco/val2014/COCO_val2014_000000529668.jpg']	Is there a chair in the image?	No,	No
['/content/data/coco/val2014/COCO_val2014_000000376959.jpg']	Is there a chair in the image?	Yes,	Yes
['/content/data/coco/val2014/COCO_val2014_000000376959.jpg']	Is there a car in the image?	Yes,	No
['/content/data/coco/val2014/COCO_val2014_000000376959.jpg']	Is there a person in the image?	Yes,	Yes
['/content/data/coco/val2014/COCO_val2014_000000376959.jpg']	Is there a cup in the image?	No,	No
['/content/data/coco/val2014/COCO_val2014_000000376959.jpg']	Is there a cell phone in the image?	Yes,	Yes
['/content/data/coco/val2014/COCO_val2014_000000376959.jpg']	Is there a bottle in the image?	No,	No
['/content/data/coco/val2014/COCO_val2014_000000275863.jpg']	Is there a chair in the image?	No,	Yes
['/content/data/coco/val2014/COCO_val2014_000000275863.jpg']	Is there a dining table in the image?	No,	No
['/content/data/coco/val2014/COCO_val2014_000000275863.jpg']	Is there a person in the image?	Yes,	Yes
['/content/data/coco/val2014/COCO_val2014_000000275863.jpg']	Is there a car in the image?	No,	No
['/content/data/coco/val2014/COCO_val2014_000000275863.jpg']	Is there a bench in the image?	Yes,	Yes
['/content/data/coco/val2014/COCO_val2014_000000275863.jpg']	Is there a cup in the image?	No,	No
['/content/data/coco/val2014/COCO_val2014_000000327038.jpg']	Is there a person in the image?	Yes,	Yes
['/content/data/coco/val2014/COCO_val2014_000000327038.jpg']	Is there a dining table in the image?	Yes,	No
['/content/data/coco/val2014/COCO_val2014_000000327038.jpg']	Is there a spoon in the image?	Yes,	Yes
['/content/data/coco/val2014/COCO_val2014_000000327038.jpg']	Is there a car in the image?	No,	No
['/content/data/coco/val2014/COCO_val2014_000000327038.jpg']	Is there a bowl in the image?	Yes,	Yes
['/content/data/coco/val2014/COCO_val2014_000000327038.jpg']	Is there a chair in the image?	No,	No
['/content/data/coco/val2014/COCO_val2014_000000513136.jpg']	Is there a pizza in the image?	Yes,	Yes
['/content/data/coco/val2014/COCO_val2014_000000513136.jpg']	Is there a person in the image?	No,	No
['/content/data/coco/val2014/COCO_val2014_000000513136.jpg']	Is there a cup in the image?	Yes,	Yes
['/content/data/coco/val2014/COCO_val2014_000000513136.jpg']	Is there a car in the image?	No,	No
['/content/data/coco/val2014/COCO_val2014_000000513136.jpg']	Is there a dining table in the image?	Yes,	Yes
['/content/data/coco/val2014/COCO_val2014_000000513136.jpg']	Is there a chair in the image?	No,	No
['/content/data/coco/val2014/COCO_val2014_000000184338.jpg']	Is there a truck in the image?	Yes,	Yes
['/content/data/coco/val2014/COCO_val2014_000000184338.jpg']	Is there a dining table in the image?	No,	No
['/content/data/coco/val2014/COCO_val2014_000000184338.jpg']	Is there a bed in the image?	Yes,	Yes
['/content/data/coco/val2014/COCO_val2014_000000184338.jpg']	Is there a car in the image?	Yes,	No
['/content/data/coco/val2014/COCO_val2014_000000184338.jpg']	Is there a person in the image?	No,	Yes
['/content/data/coco/val2014/COCO_val2014_000000184338.jpg']	Is there a chair in the image?	Yes,	No
['/content/data/coco/val2014/COCO_val2014_000000175437.jpg']	Is there a person in the image?	Yes,	Yes
['/content/data/coco/val2014/COCO_val2014_000000175437.jpg']	Is there a car in the image?	No,	No
['/content/data/coco/val2014/COCO_val2014_000000175437.jpg']	Is there a dining table in the image?	Yes,	Yes
['/content/data/coco/val2014/COCO_val2014_000000175437.jpg']	Is there a chair in the image?	No,	No
['/content/data/coco/val2014/COCO_val2014_000000175437.jpg']	Is there a donut in the image?	Yes,	Yes
['/content/data/coco/val2014/COCO_val2014_000000175437.jpg']	Is there a cup in the image?	No,	No
['/content/data/coco/val2014/COCO_val2014_000000498100.jpg']	Is there a vase in the image?	Yes,	Yes
['/content/data/coco/val2014/COCO_val2014_000000498100.jpg']	Is there a car in the image?	No,	No
['/content/data/coco/val2014/COCO_val2014_000000498100.jpg']	Is there a person in the image?	Yes,	Yes
['/content/data/coco/val2014/COCO_val2014_000000498100.jpg']	Is there a chair in the image?	No,	No
['/content/data/coco/val2014/COCO_val2014_000000498100.jpg']	Is there a dining table in the image?	Yes,	Yes
['/content/data/coco/val2014/COCO_val2014_000000498100.jpg']	Is there a cup in the image?	Yes,	No
['/content/data/coco/val2014/COCO_val2014_000000375909.jpg']	Is there a refrigerator in the image?	Yes,	Yes
['/content/data/coco/val2014/COCO_val2014_000000375909.jpg']	Is there a person in the image?	No,	No
['/content/data/coco/val2014/COCO_val2014_000000375909.jpg']	Is there a couch in the image?	Yes,	Yes
['/content/data/coco/val2014/COCO_val2014_000000375909.jpg']	Is there a dining table in the image?	No,	No
['/content/data/coco/val2014/COCO_val2014_000000375909.jpg']	Is there a bed in the image?	Yes,	Yes
['/content/data/coco/val2014/COCO_val2014_000000375909.jpg']	Is there a car in the image?	No,	No
['/content/data/coco/val2014/COCO_val2014_000000396338.jpg']	Is there a backpack in the image?	Yes,	Yes
['/content/data/coco/val2014/COCO_val2014_000000396338.jpg']	Is there a dining table in the image?	No,	No
['/content/data/coco/val2014/COCO_val2014_000000396338.jpg']	Is there a truck in the image?	Yes,	Yes
['/content/data/coco/val2014/COCO_val2014_000000396338.jpg']	Is there a chair in the image?	No,	No
['/content/data/coco/val2014/COCO_val2014_000000396338.jpg']	Is there a person in the image?	Yes,	Yes
['/content/data/coco/val2014/COCO_val2014_000000396338.jpg']	Is there a cup in the image?	No,	No
['/content/data/coco/val2014/COCO_val2014_000000124930.jpg']	Is there a person in the image?	Yes,	Yes
['/content/data/coco/val2014/COCO_val2014_000000124930.jpg']	Is there a dining table in the image?	Yes,	No
['/content/data/coco/val2014/COCO_val2014_000000124930.jpg']	Is there a bowl in the image?	Yes,	Yes
['/content/data/coco/val2014/COCO_val2014_000000124930.jpg']	Is there a car in the image?	No,	No
['/content/data/coco/val2014/COCO_val2014_000000124930.jpg']	Is there a spoon in the image?	Yes,	Yes
['/content/data/coco/val2014/COCO_val2014_000000124930.jpg']	Is there a chair in the image?	Yes,	No
['/content/data/coco/val2014/COCO_val2014_000000112664.jpg']	Is there a person in the image?	Yes,	Yes
['/content/data/coco/val2014/COCO_val2014_000000112664.jpg']	Is there a dining table in the image?	No,	No
['/content/data/coco/val2014/COCO_val2014_000000112664.jpg']	Is there a handbag in the image?	Yes,	Yes
['/content/data/coco/val2014/COCO_val2014_000000112664.jpg']	Is there a car in the image?	No,	No
['/content/data/coco/val2014/COCO_val2014_000000112664.jpg']	Is there a suitcase in the image?	Yes,	Yes
['/content/data/coco/val2014/COCO_val2014_000000112664.jpg']	Is there a chair in the image?	No,	No
['/content/data/coco/val2014/COCO_val2014_000000377879.jpg']	Is there a truck in the image?	Yes,	Yes
['/content/data/coco/val2014/COCO_val2014_000000377879.jpg']	Is there a person in the image?	No,	No
['/content/data/coco/val2014/COCO_val2014_000000377879.jpg']	Is there a train in the image?	No,	Yes
['/content/data/coco/val2014/COCO_val2014_000000377879.jpg']	Is there a dining table in the image?	No,	No
['/content/data/coco/val2014/COCO_val2014_000000377879.jpg']	Is there a bed in the image?	No,	Yes
['/content/data/coco/val2014/COCO_val2014_000000377879.jpg']	Is there a car in the image?	No,	No
['/content/data/coco/val2014/COCO_val2014_000000377401.jpg']	Is there a truck in the image?	Yes,	Yes
['/content/data/coco/val2014/COCO_val2014_000000377401.jpg']	Is there a person in the image?	No,	No
['/content/data/coco/val2014/COCO_val2014_000000377401.jpg']	Is there a clock in the image?	Yes,	Yes
['/content/data/coco/val2014/COCO_val2014_000000377401.jpg']	Is there a dining table in the image?	No,	No
['/content/data/coco/val2014/COCO_val2014_000000377401.jpg']	Is there a car in the image?	Yes,	Yes
['/content/data/coco/val2014/COCO_val2014_000000377401.jpg']	Is there a chair in the image?	No,	No
['/content/data/coco/val2014/COCO_val2014_000000049473.jpg']	Is there a vase in the image?	Yes,	Yes
['/content/data/coco/val2014/COCO_val2014_000000049473.jpg']	Is there a person in the image?	No,	No
['/content/data/coco/val2014/COCO_val2014_000000049473.jpg']	Is there a book in the image?	No,	Yes
['/content/data/coco/val2014/COCO_val2014_000000049473.jpg']	Is there a car in the image?	No,	No
['/content/data/coco/val2014/COCO_val2014_000000049473.jpg']	Is there a dining table in the image?	Yes,	Yes
['/content/data/coco/val2014/COCO_val2014_000000049473.jpg']	Is there a chair in the image?	No,	No
['/content/data/coco/val2014/COCO_val2014_000000153865.jpg']	Is there a person in the image?	Yes,	Yes
['/content/data/coco/val2014/COCO_val2014_000000153865.jpg']	Is there a dining table in the image?	No,	No
['/content/data/coco/val2014/COCO_val2014_000000153865.jpg']	Is there a car in the image?	No,	Yes
['/content/data/coco/val2014/COCO_val2014_000000153865.jpg']	Is there a chair in the image?	Yes,	No
['/content/data/coco/val2014/COCO_val2014_000000153865.jpg']	Is there a kite in the image?	Yes,	Yes
['/content/data/coco/val2014/COCO_val2014_000000153865.jpg']	Is there a cup in the image?	No,	No
['/content/data/coco/val2014/COCO_val2014_000000383185.jpg']	Is there a banana in the image?	Yes,	Yes
['/content/data/coco/val2014/COCO_val2014_000000383185.jpg']	Is there a person in the image?	No,	No
['/content/data/coco/val2014/COCO_val2014_000000383185.jpg']	Is there a spoon in the image?	Yes,	Yes
['/content/data/coco/val2014/COCO_val2014_000000383185.jpg']	Is there a dining table in the image?	No,	No
['/content/data/coco/val2014/COCO_val2014_000000383185.jpg']	Is there a bowl in the image?	Yes,	Yes
['/content/data/coco/val2014/COCO_val2014_000000383185.jpg']	Is there a car in the image?	No,	No
['/content/data/coco/val2014/COCO_val2014_000000388983.jpg']	Is there a person in the image?	No,	Yes
['/content/data/coco/val2014/COCO_val2014_000000388983.jpg']	Is there a car in the image?	No,	No
['/content/data/coco/val2014/COCO_val2014_000000388983.jpg']	Is there a bowl in the image?	No,	Yes
['/content/data/coco/val2014/COCO_val2014_000000388983.jpg']	Is there a chair in the image?	No,	No
['/content/data/coco/val2014/COCO_val2014_000000388983.jpg']	Is there a sandwich in the image?	Yes,	Yes
['/content/data/coco/val2014/COCO_val2014_000000388983.jpg']	Is there a bottle in the image?	No,	No
['/content/data/coco/val2014/COCO_val2014_000000295377.jpg']	Is there a backpack in the image?	Yes,	Yes
['/content/data/coco/val2014/COCO_val2014_000000295377.jpg']	Is there a dining table in the image?	No,	No
['/content/data/coco/val2014/COCO_val2014_000000295377.jpg']	Is there a person in the image?	Yes,	Yes
['/content/data/coco/val2014/COCO_val2014_000000295377.jpg']	Is there a car in the image?	No,	No
['/content/data/coco/val2014/COCO_val2014_000000295377.jpg']	Is there a skis in the image?	Yes,	Yes
['/content/data/coco/val2014/COCO_val2014_000000295377.jpg']	Is there a chair in the image?	No,	No
['/content/data/coco/val2014/COCO_val2014_000000034773.jpg']	Is there a chair in the image?	Yes,	Yes
['/content/data/coco/val2014/COCO_val2014_000000034773.jpg']	Is there a person in the image?	No,	No
['/content/data/coco/val2014/COCO_val2014_000000034773.jpg']	Is there a dog in the image?	Yes,	Yes
['/content/data/coco/val2014/COCO_val2014_000000034773.jpg']	Is there a dining table in the image?	Yes,	No
['/content/data/coco/val2014/COCO_val2014_000000034773.jpg']	Is there a couch in the image?	Yes,	Yes
['/content/data/coco/val2014/COCO_val2014_000000034773.jpg']	Is there a car in the image?	No,	No
['/content/data/coco/val2014/COCO_val2014_000000244455.jpg']	Is there a truck in the image?	Yes,	Yes
['/content/data/coco/val2014/COCO_val2014_000000244455.jpg']	Is there a dining table in the image?	No,	No
['/content/data/coco/val2014/COCO_val2014_000000244455.jpg']	Is there a person in the image?	Yes,	Yes
['/content/data/coco/val2014/COCO_val2014_000000244455.jpg']	Is there a chair in the image?	No,	No
['/content/data/coco/val2014/COCO_val2014_000000244455.jpg']	Is there a bicycle in the image?	No,	Yes
['/content/data/coco/val2014/COCO_val2014_000000244455.jpg']	Is there a cup in the image?	No,	No
['/content/data/coco/val2014/COCO_val2014_000000303652.jpg']	Is there a spoon in the image?	Yes,	Yes
['/content/data/coco/val2014/COCO_val2014_000000303652.jpg']	Is there a person in the image?	No,	No
['/content/data/coco/val2014/COCO_val2014_000000303652.jpg']	Is there a dining table in the image?	Yes,	Yes
['/content/data/coco/val2014/COCO_val2014_000000303652.jpg']	Is there a car in the image?	No,	No
['/content/data/coco/val2014/COCO_val2014_000000303652.jpg']	Is there a knife in the image?	Yes,	Yes
['/content/data/coco/val2014/COCO_val2014_000000303652.jpg']	Is there a chair in the image?	Yes,	No
['/content/data/coco/val2014/COCO_val2014_000000098493.jpg']	Is there a truck in the image?	Yes,	Yes
['/content/data/coco/val2014/COCO_val2014_000000098493.jpg']	Is there a dining table in the image?	No,	No
['/content/data/coco/val2014/COCO_val2014_000000098493.jpg']	Is there a clock in the image?	Yes,	Yes
['/content/data/coco/val2014/COCO_val2014_000000098493.jpg']	Is there a cup in the image?	Yes,	No
['/content/data/coco/val2014/COCO_val2014_000000098493.jpg']	Is there a person in the image?	Yes,	Yes
['/content/data/coco/val2014/COCO_val2014_000000098493.jpg']	Is there a bottle in the image?	Yes,	No
['/content/data/coco/val2014/COCO_val2014_000000201148.jpg']	Is there a traffic light in the image?	Yes,	Yes
['/content/data/coco/val2014/COCO_val2014_000000201148.jpg']	Is there a dining table in the image?	No,	No
['/content/data/coco/val2014/COCO_val2014_000000201148.jpg']	Is there a person in the image?	No,	Yes
['/content/data/coco/val2014/COCO_val2014_000000201148.jpg']	Is there a car in the image?	No,	No
['/content/data/coco/val2014/COCO_val2014_000000201148.jpg']	Is there a train in the image?	Yes,	Yes
['/content/data/coco/val2014/COCO_val2014_000000201148.jpg']	Is there a chair in the image?	No,	No
['/content/data/coco/val2014/COCO_val2014_000000307166.jpg']	Is there a pizza in the image?	Yes,	Yes
['/content/data/coco/val2014/COCO_val2014_000000307166.jpg']	Is there a person in the image?	No,	No
['/content/data/coco/val2014/COCO_val2014_000000307166.jpg']	Is there a bottle in the image?	Yes,	Yes
['/content/data/coco/val2014/COCO_val2014_000000307166.jpg']	Is there a car in the image?	No,	No
['/content/data/coco/val2014/COCO_val2014_000000307166.jpg']	Is there an oven in the image?	Yes,	Yes
['/content/data/coco/val2014/COCO_val2014_000000307166.jpg']	Is there a chair in the image?	No,	No
['/content/data/coco/val2014/COCO_val2014_000000313034.jpg']	Is there a clock in the image?	No,	Yes
['/content/data/coco/val2014/COCO_val2014_000000313034.jpg']	Is there a dining table in the image?	Yes,	No
['/content/data/coco/val2014/COCO_val2014_000000313034.jpg']	Is there a person in the image?	Yes,	Yes
['/content/data/coco/val2014/COCO_val2014_000000313034.jpg']	Is there a car in the image?	Yes,	No
['/content/data/coco/val2014/COCO_val2014_000000313034.jpg']	Is there a bottle in the image?	Yes,	Yes
['/content/data/coco/val2014/COCO_val2014_000000313034.jpg']	Is there a chair in the image?	Yes,	No
['/content/data/coco/val2014/COCO_val2014_000000355342.jpg']	Is there a person in the image?	Yes,	Yes
['/content/data/coco/val2014/COCO_val2014_000000355342.jpg']	Is there a dining table in the image?	No,	No
['/content/data/coco/val2014/COCO_val2014_000000355342.jpg']	Is there an orange in the image?	No,	Yes
['/content/data/coco/val2014/COCO_val2014_000000355342.jpg']	Is there a car in the image?	No,	No
['/content/data/coco/val2014/COCO_val2014_000000355342.jpg']	Is there an umbrella in the image?	Yes,	Yes
['/content/data/coco/val2014/COCO_val2014_000000355342.jpg']	Is there a chair in the image?	No,	No
['/content/data/coco/val2014/COCO_val2014_000000333237.jpg']	Is there a chair in the image?	Yes,	Yes
['/content/data/coco/val2014/COCO_val2014_000000333237.jpg']	Is there a person in the image?	No,	No
['/content/data/coco/val2014/COCO_val2014_000000333237.jpg']	Is there a bed in the image?	Yes,	Yes
['/content/data/coco/val2014/COCO_val2014_000000333237.jpg']	Is there a car in the image?	No,	No
['/content/data/coco/val2014/COCO_val2014_000000333237.jpg']	Is there a dining table in the image?	Yes,	Yes
['/content/data/coco/val2014/COCO_val2014_000000333237.jpg']	Is there a cup in the image?	Yes,	No
['/content/data/coco/val2014/COCO_val2014_000000526368.jpg']	Is there a laptop in the image?	Yes,	Yes
['/content/data/coco/val2014/COCO_val2014_000000526368.jpg']	Is there a person in the image?	No,	No
['/content/data/coco/val2014/COCO_val2014_000000526368.jpg']	Is there a dining table in the image?	Yes,	Yes
['/content/data/coco/val2014/COCO_val2014_000000526368.jpg']	Is there a car in the image?	No,	No
['/content/data/coco/val2014/COCO_val2014_000000526368.jpg']	Is there a chair in the image?	Yes,	Yes
['/content/data/coco/val2014/COCO_val2014_000000526368.jpg']	Is there a cup in the image?	No,	No
['/content/data/coco/val2014/COCO_val2014_000000429033.jpg']	Is there a chair in the image?	Yes,	Yes
['/content/data/coco/val2014/COCO_val2014_000000429033.jpg']	Is there a dining table in the image?	No,	No
['/content/data/coco/val2014/COCO_val2014_000000429033.jpg']	Is there a person in the image?	Yes,	Yes
['/content/data/coco/val2014/COCO_val2014_000000429033.jpg']	Is there a car in the image?	No,	No
['/content/data/coco/val2014/COCO_val2014_000000429033.jpg']	Is there a laptop in the image?	Yes,	Yes
['/content/data/coco/val2014/COCO_val2014_000000429033.jpg']	Is there a cup in the image?	No,	No
['/content/data/coco/val2014/COCO_val2014_000000287035.jpg']	Is there a tv in the image?	No,	Yes
['/content/data/coco/val2014/COCO_val2014_000000287035.jpg']	Is there a person in the image?	No,	No
['/content/data/coco/val2014/COCO_val2014_000000287035.jpg']	Is there a mouse in the image?	Yes,	Yes
['/content/data/coco/val2014/COCO_val2014_000000287035.jpg']	Is there a car in the image?	No,	No
['/content/data/coco/val2014/COCO_val2014_000000287035.jpg']	Is there a laptop in the image?	Yes,	Yes
['/content/data/coco/val2014/COCO_val2014_000000287035.jpg']	Is there a cup in the image?	No,	No
['/content/data/coco/val2014/COCO_val2014_000000299074.jpg']	Is there a person in the image?	Yes,	Yes
['/content/data/coco/val2014/COCO_val2014_000000299074.jpg']	Is there a dining table in the image?	No,	No
['/content/data/coco/val2014/COCO_val2014_000000299074.jpg']	Is there a cell phone in the image?	Yes,	Yes
['/content/data/coco/val2014/COCO_val2014_000000299074.jpg']	Is there a car in the image?	No,	No
['/content/data/coco/val2014/COCO_val2014_000000299074.jpg']	Is there a bus in the image?	Yes,	Yes
['/content/data/coco/val2014/COCO_val2014_000000299074.jpg']	Is there a chair in the image?	No,	No
['/content/data/coco/val2014/COCO_val2014_000000120648.jpg']	Is there a handbag in the image?	Yes,	Yes
['/content/data/coco/val2014/COCO_val2014_000000120648.jpg']	Is there a person in the image?	No,	No
['/content/data/coco/val2014/COCO_val2014_000000120648.jpg']	Is there a dining table in the image?	Yes,	Yes
['/content/data/coco/val2014/COCO_val2014_000000120648.jpg']	Is there a car in the image?	No,	No
['/content/data/coco/val2014/COCO_val2014_000000120648.jpg']	Is there a suitcase in the image?	Yes,	Yes
['/content/data/coco/val2014/COCO_val2014_000000120648.jpg']	Is there a chair in the image?	Yes,	No
['/content/data/coco/val2014/COCO_val2014_000000186709.jpg']	Is there a car in the image?	Yes,	Yes
['/content/data/coco/val2014/COCO_val2014_000000186709.jpg']	Is there a person in the image?	Yes,	No
['/content/data/coco/val2014/COCO_val2014_000000186709.jpg']	Is there a truck in the image?	Yes,	Yes
['/content/data/coco/val2014/COCO_val2014_000000186709.jpg']	Is there a dining table in the image?	Yes,	No
['/content/data/coco/val2014/COCO_val2014_000000186709.jpg']	Is there an orange in the image?	Yes,	Yes
['/content/data/coco/val2014/COCO_val2014_000000186709.jpg']	Is there a chair in the image?	Yes,	No
['/content/data/coco/val2014/COCO_val2014_000000025972.jpg']	Is there a truck in the image?	Yes,	Yes
['/content/data/coco/val2014/COCO_val2014_000000025972.jpg']	Is there a person in the image?	No,	No
['/content/data/coco/val2014/COCO_val2014_000000025972.jpg']	Is there a couch in the image?	Yes,	Yes
['/content/data/coco/val2014/COCO_val2014_000000025972.jpg']	Is there a dining table in the image?	No,	No
['/content/data/coco/val2014/COCO_val2014_000000025972.jpg']	Is there a car in the image?	Yes,	Yes
['/content/data/coco/val2014/COCO_val2014_000000025972.jpg']	Is there a cup in the image?	No,	No
['/content/data/coco/val2014/COCO_val2014_000000505542.jpg']	Is there a person in the image?	No,	Yes
['/content/data/coco/val2014/COCO_val2014_000000505542.jpg']	Is there a dining table in the image?	No,	No
['/content/data/coco/val2014/COCO_val2014_000000505542.jpg']	Is there a train in the image?	Yes,	Yes
['/content/data/coco/val2014/COCO_val2014_000000505542.jpg']	Is there a chair in the image?	No,	No
['/content/data/coco/val2014/COCO_val2014_000000505542.jpg']	Is there a car in the image?	Yes,	Yes
['/content/data/coco/val2014/COCO_val2014_000000505542.jpg']	Is there a cup in the image?	No,	No
['/content/data/coco/val2014/COCO_val2014_000000115636.jpg']	Is there a person in the image?	Yes,	Yes
['/content/data/coco/val2014/COCO_val2014_000000115636.jpg']	Is there a dining table in the image?	No,	No
['/content/data/coco/val2014/COCO_val2014_000000115636.jpg']	Is there a horse in the image?	Yes,	Yes
['/content/data/coco/val2014/COCO_val2014_000000115636.jpg']	Is there a car in the image?	No,	No
['/content/data/coco/val2014/COCO_val2014_000000115636.jpg']	Is there a cow in the image?	No,	Yes
['/content/data/coco/val2014/COCO_val2014_000000115636.jpg']	Is there a chair in the image?	No,	No
['/content/data/coco/val2014/COCO_val2014_000000280810.jpg']	Is there a broccoli in the image?	Yes,	Yes
['/content/data/coco/val2014/COCO_val2014_000000280810.jpg']	Is there a person in the image?	Yes,	No
['/content/data/coco/val2014/COCO_val2014_000000280810.jpg']	Is there a fork in the image?	Yes,	Yes
['/content/data/coco/val2014/COCO_val2014_000000280810.jpg']	Is there a car in the image?	No,	No
['/content/data/coco/val2014/COCO_val2014_000000280810.jpg']	Is there a laptop in the image?	Yes,	Yes
['/content/data/coco/val2014/COCO_val2014_000000280810.jpg']	Is there a chair in the image?	No,	No
['/content/data/coco/val2014/COCO_val2014_000000037900.jpg']	Is there a backpack in the image?	Yes,	Yes
['/content/data/coco/val2014/COCO_val2014_000000037900.jpg']	Is there a person in the image?	No,	No
['/content/data/coco/val2014/COCO_val2014_000000037900.jpg']	Is there a handbag in the image?	Yes,	Yes
['/content/data/coco/val2014/COCO_val2014_000000037900.jpg']	Is there a dining table in the image?	No,	No
['/content/data/coco/val2014/COCO_val2014_000000037900.jpg']	Is there a knife in the image?	Yes,	Yes
['/content/data/coco/val2014/COCO_val2014_000000037900.jpg']	Is there a car in the image?	No,	No
['/content/data/coco/val2014/COCO_val2014_000000534516.jpg']	Is there a traffic light in the image?	Yes,	Yes
['/content/data/coco/val2014/COCO_val2014_000000534516.jpg']	Is there a dining table in the image?	No,	No
['/content/data/coco/val2014/COCO_val2014_000000534516.jpg']	Is there a person in the image?	Yes,	Yes
['/content/data/coco/val2014/COCO_val2014_000000534516.jpg']	Is there a car in the image?	No,	No
['/content/data/coco/val2014/COCO_val2014_000000534516.jpg']	Is there a tie in the image?	Yes,	Yes
['/content/data/coco/val2014/COCO_val2014_000000534516.jpg']	Is there a chair in the image?	No,	No
['/content/data/coco/val2014/COCO_val2014_000000123017.jpg']	Is there a bowl in the image?	Yes,	Yes
['/content/data/coco/val2014/COCO_val2014_000000123017.jpg']	Is there a person in the image?	No,	No
['/content/data/coco/val2014/COCO_val2014_000000123017.jpg']	Is there a dining table in the image?	Yes,	Yes
['/content/data/coco/val2014/COCO_val2014_000000123017.jpg']	Is there a car in the image?	No,	No
['/content/data/coco/val2014/COCO_val2014_000000123017.jpg']	Is there a chair in the image?	Yes,	Yes
['/content/data/coco/val2014/COCO_val2014_000000123017.jpg']	Is there a cup in the image?	Yes,	No
['/content/data/coco/val2014/COCO_val2014_000000316237.jpg']	Is there a person in the image?	Yes,	Yes
['/content/data/coco/val2014/COCO_val2014_000000316237.jpg']	Is there a dining table in the image?	No,	No
['/content/data/coco/val2014/COCO_val2014_000000316237.jpg']	Is there a handbag in the image?	Yes,	Yes
['/content/data/coco/val2014/COCO_val2014_000000316237.jpg']	Is there a car in the image?	No,	No
['/content/data/coco/val2014/COCO_val2014_000000316237.jpg']	Is there a cell phone in the image?	Yes,	Yes
['/content/data/coco/val2014/COCO_val2014_000000316237.jpg']	Is there a chair in the image?	No,	No
['/content/data/coco/val2014/COCO_val2014_000000463522.jpg']	Is there a backpack in the image?	Yes,	Yes
['/content/data/coco/val2014/COCO_val2014_000000463522.jpg']	Is there a dining table in the image?	No,	No
['/content/data/coco/val2014/COCO_val2014_000000463522.jpg']	Is there a person in the image?	Yes,	Yes
['/content/data/coco/val2014/COCO_val2014_000000463522.jpg']	Is there a car in the image?	No,	No
['/content/data/coco/val2014/COCO_val2014_000000463522.jpg']	Is there a dog in the image?	Yes,	Yes
['/content/data/coco/val2014/COCO_val2014_000000463522.jpg']	Is there a chair in the image?	No,	No
['/content/data/coco/val2014/COCO_val2014_000000511341.jpg']	Is there a backpack in the image?	Yes,	Yes
['/content/data/coco/val2014/COCO_val2014_000000511341.jpg']	Is there a dining table in the image?	No,	No
['/content/data/coco/val2014/COCO_val2014_000000511341.jpg']	Is there a person in the image?	Yes,	Yes
['/content/data/coco/val2014/COCO_val2014_000000511341.jpg']	Is there a chair in the image?	No,	No
['/content/data/coco/val2014/COCO_val2014_000000511341.jpg']	Is there a handbag in the image?	Yes,	Yes
['/content/data/coco/val2014/COCO_val2014_000000511341.jpg']	Is there a cup in the image?	No,	No
['/content/data/coco/val2014/COCO_val2014_000000200583.jpg']	Is there a bottle in the image?	Yes,	Yes
['/content/data/coco/val2014/COCO_val2014_000000200583.jpg']	Is there a person in the image?	Yes,	No
['/content/data/coco/val2014/COCO_val2014_000000200583.jpg']	Is there a boat in the image?	No,	Yes
['/content/data/coco/val2014/COCO_val2014_000000200583.jpg']	Is there a car in the image?	No,	No
['/content/data/coco/val2014/COCO_val2014_000000200583.jpg']	Is there a bench in the image?	Yes,	Yes
['/content/data/coco/val2014/COCO_val2014_000000200583.jpg']	Is there a chair in the image?	Yes,	No
['/content/data/coco/val2014/COCO_val2014_000000424585.jpg']	Is there a truck in the image?	Yes,	Yes
['/content/data/coco/val2014/COCO_val2014_000000424585.jpg']	Is there a dining table in the image?	Yes,	No
['/content/data/coco/val2014/COCO_val2014_000000424585.jpg']	Is there a car in the image?	Yes,	Yes
['/content/data/coco/val2014/COCO_val2014_000000424585.jpg']	Is there a chair in the image?	Yes,	No
['/content/data/coco/val2014/COCO_val2014_000000424585.jpg']	Is there a person in the image?	Yes,	Yes
['/content/data/coco/val2014/COCO_val2014_000000424585.jpg']	Is there a cup in the image?	No,	No
['/content/data/coco/val2014/COCO_val2014_000000100215.jpg']	Is there a clock in the image?	Yes,	Yes
['/content/data/coco/val2014/COCO_val2014_000000100215.jpg']	Is there a person in the image?	No,	No
['/content/data/coco/val2014/COCO_val2014_000000100215.jpg']	Is there a bed in the image?	Yes,	Yes
['/content/data/coco/val2014/COCO_val2014_000000100215.jpg']	Is there a dining table in the image?	No,	No
['/content/data/coco/val2014/COCO_val2014_000000100215.jpg']	Is there a bottle in the image?	No,	Yes
['/content/data/coco/val2014/COCO_val2014_000000100215.jpg']	Is there a car in the image?	No,	No
['/content/data/coco/val2014/COCO_val2014_000000017379.jpg']	Is there a tv in the image?	Yes,	Yes
['/content/data/coco/val2014/COCO_val2014_000000017379.jpg']	Is there a dining table in the image?	No,	No
['/content/data/coco/val2014/COCO_val2014_000000017379.jpg']	Is there a sink in the image?	Yes,	Yes
['/content/data/coco/val2014/COCO_val2014_000000017379.jpg']	Is there a car in the image?	No,	No
['/content/data/coco/val2014/COCO_val2014_000000017379.jpg']	Is there a person in the image?	No,	Yes
['/content/data/coco/val2014/COCO_val2014_000000017379.jpg']	Is there a chair in the image?	No,	No
['/content/data/coco/val2014/COCO_val2014_000000511622.jpg']	Is there a bowl in the image?	Yes,	Yes
['/content/data/coco/val2014/COCO_val2014_000000511622.jpg']	Is there a dining table in the image?	Yes,	No
['/content/data/coco/val2014/COCO_val2014_000000511622.jpg']	Is there a scissors in the image?	No,	Yes
['/content/data/coco/val2014/COCO_val2014_000000511622.jpg']	Is there a car in the image?	No,	No
['/content/data/coco/val2014/COCO_val2014_000000511622.jpg']	Is there a person in the image?	Yes,	Yes
['/content/data/coco/val2014/COCO_val2014_000000511622.jpg']	Is there a chair in the image?	No,	No
['/content/data/coco/val2014/COCO_val2014_000000407386.jpg']	Is there a tv in the image?	No,	Yes
['/content/data/coco/val2014/COCO_val2014_000000407386.jpg']	Is there a person in the image?	No,	No
['/content/data/coco/val2014/COCO_val2014_000000407386.jpg']	Is there a laptop in the image?	Yes,	Yes
['/content/data/coco/val2014/COCO_val2014_000000407386.jpg']	Is there a car in the image?	No,	No
['/content/data/coco/val2014/COCO_val2014_000000407386.jpg']	Is there a dining table in the image?	Yes,	Yes
['/content/data/coco/val2014/COCO_val2014_000000407386.jpg']	Is there a chair in the image?	No,	No
['/content/data/coco/val2014/COCO_val2014_000000039516.jpg']	Is there a spoon in the image?	Yes,	Yes
['/content/data/coco/val2014/COCO_val2014_000000039516.jpg']	Is there a person in the image?	No,	No
['/content/data/coco/val2014/COCO_val2014_000000039516.jpg']	Is there an orange in the image?	Yes,	Yes
['/content/data/coco/val2014/COCO_val2014_000000039516.jpg']	Is there a dining table in the image?	Yes,	No
['/content/data/coco/val2014/COCO_val2014_000000039516.jpg']	Is there a cake in the image?	Yes,	Yes
['/content/data/coco/val2014/COCO_val2014_000000039516.jpg']	Is there a car in the image?	No,	No
['/content/data/coco/val2014/COCO_val2014_000000018918.jpg']	Is there a sink in the image?	Yes,	Yes
['/content/data/coco/val2014/COCO_val2014_000000018918.jpg']	Is there a person in the image?	No,	No
['/content/data/coco/val2014/COCO_val2014_000000018918.jpg']	Is there a bowl in the image?	Yes,	Yes
['/content/data/coco/val2014/COCO_val2014_000000018918.jpg']	Is there a dining table in the image?	No,	No
['/content/data/coco/val2014/COCO_val2014_000000018918.jpg']	Is there an oven in the image?	Yes,	Yes
['/content/data/coco/val2014/COCO_val2014_000000018918.jpg']	Is there a car in the image?	No,	No
['/content/data/coco/val2014/COCO_val2014_000000115626.jpg']	Is there a person in the image?	Yes,	Yes
['/content/data/coco/val2014/COCO_val2014_000000115626.jpg']	Is there a dining table in the image?	No,	No
['/content/data/coco/val2014/COCO_val2014_000000115626.jpg']	Is there a motorcycle in the image?	Yes,	Yes
['/content/data/coco/val2014/COCO_val2014_000000115626.jpg']	Is there a car in the image?	No,	No
['/content/data/coco/val2014/COCO_val2014_000000115626.jpg']	Is there a parking meter in the image?	Yes,	Yes
['/content/data/coco/val2014/COCO_val2014_000000115626.jpg']	Is there a chair in the image?	No,	No
['/content/data/coco/val2014/COCO_val2014_000000391735.jpg']	Is there a traffic light in the image?	Yes,	Yes
['/content/data/coco/val2014/COCO_val2014_000000391735.jpg']	Is there a dining table in the image?	Yes,	No
['/content/data/coco/val2014/COCO_val2014_000000391735.jpg']	Is there a toothbrush in the image?	No,	Yes
['/content/data/coco/val2014/COCO_val2014_000000391735.jpg']	Is there a car in the image?	No,	No
['/content/data/coco/val2014/COCO_val2014_000000391735.jpg']	Is there a person in the image?	Yes,	Yes
['/content/data/coco/val2014/COCO_val2014_000000391735.jpg']	Is there a chair in the image?	No,	No
['/content/data/coco/val2014/COCO_val2014_000000236370.jpg']	Is there a chair in the image?	Yes,	Yes
['/content/data/coco/val2014/COCO_val2014_000000236370.jpg']	Is there a dining table in the image?	Yes,	No
['/content/data/coco/val2014/COCO_val2014_000000236370.jpg']	Is there a person in the image?	Yes,	Yes
['/content/data/coco/val2014/COCO_val2014_000000236370.jpg']	Is there a car in the image?	No,	No
['/content/data/coco/val2014/COCO_val2014_000000236370.jpg']	Is there a book in the image?	Yes,	Yes
['/content/data/coco/val2014/COCO_val2014_000000236370.jpg']	Is there a cup in the image?	No,	No
['/content/data/coco/val2014/COCO_val2014_000000463542.jpg']	Is there a snowboard in the image?	Yes,	Yes
['/content/data/coco/val2014/COCO_val2014_000000463542.jpg']	Is there a dining table in the image?	No,	No
['/content/data/coco/val2014/COCO_val2014_000000463542.jpg']	Is there a skis in the image?	Yes,	Yes
['/content/data/coco/val2014/COCO_val2014_000000463542.jpg']	Is there a car in the image?	No,	No
['/content/data/coco/val2014/COCO_val2014_000000463542.jpg']	Is there a person in the image?	Yes,	Yes
['/content/data/coco/val2014/COCO_val2014_000000463542.jpg']	Is there a chair in the image?	No,	No
['/content/data/coco/val2014/COCO_val2014_000000377352.jpg']	Is there a person in the image?	Yes,	Yes
['/content/data/coco/val2014/COCO_val2014_000000377352.jpg']	Is there a dining table in the image?	No,	No
['/content/data/coco/val2014/COCO_val2014_000000377352.jpg']	Is there a motorcycle in the image?	Yes,	Yes
['/content/data/coco/val2014/COCO_val2014_000000377352.jpg']	Is there a chair in the image?	No,	No
['/content/data/coco/val2014/COCO_val2014_000000377352.jpg']	Is there a car in the image?	Yes,	Yes
['/content/data/coco/val2014/COCO_val2014_000000377352.jpg']	Is there a cup in the image?	No,	No
['/content/data/coco/val2014/COCO_val2014_000000302405.jpg']	Is there a snowboard in the image?	Yes,	Yes
['/content/data/coco/val2014/COCO_val2014_000000302405.jpg']	Is there a dining table in the image?	No,	No
['/content/data/coco/val2014/COCO_val2014_000000302405.jpg']	Is there a backpack in the image?	Yes,	Yes
['/content/data/coco/val2014/COCO_val2014_000000302405.jpg']	Is there a car in the image?	No,	No
['/content/data/coco/val2014/COCO_val2014_000000302405.jpg']	Is there a person in the image?	Yes,	Yes
['/content/data/coco/val2014/COCO_val2014_000000302405.jpg']	Is there a chair in the image?	Yes,	No
['/content/data/coco/val2014/COCO_val2014_000000554328.jpg']	Is there a baseball glove in the image?	Yes,	Yes
['/content/data/coco/val2014/COCO_val2014_000000554328.jpg']	Is there a dining table in the image?	No,	No
['/content/data/coco/val2014/COCO_val2014_000000554328.jpg']	Is there a person in the image?	Yes,	Yes
['/content/data/coco/val2014/COCO_val2014_000000554328.jpg']	Is there a car in the image?	No,	No
['/content/data/coco/val2014/COCO_val2014_000000554328.jpg']	Is there a sports ball in the image?	Yes,	Yes
['/content/data/coco/val2014/COCO_val2014_000000554328.jpg']	Is there a chair in the image?	No,	No
['/content/data/coco/val2014/COCO_val2014_000000384040.jpg']	Is there a spoon in the image?	Yes,	Yes
['/content/data/coco/val2014/COCO_val2014_000000384040.jpg']	Is there a person in the image?	No,	No
['/content/data/coco/val2014/COCO_val2014_000000384040.jpg']	Is there a dining table in the image?	Yes,	Yes
['/content/data/coco/val2014/COCO_val2014_000000384040.jpg']	Is there a car in the image?	No,	No
['/content/data/coco/val2014/COCO_val2014_000000384040.jpg']	Is there a knife in the image?	Yes,	Yes
['/content/data/coco/val2014/COCO_val2014_000000384040.jpg']	Is there a chair in the image?	No,	No
['/content/data/coco/val2014/COCO_val2014_000000023731.jpg']	Is there a clock in the image?	No,	Yes
['/content/data/coco/val2014/COCO_val2014_000000023731.jpg']	Is there a person in the image?	No,	No
['/content/data/coco/val2014/COCO_val2014_000000023731.jpg']	Is there a dining table in the image?	Yes,	Yes
['/content/data/coco/val2014/COCO_val2014_000000023731.jpg']	Is there a car in the image?	No,	No
['/content/data/coco/val2014/COCO_val2014_000000023731.jpg']	Is there a chair in the image?	Yes,	Yes
['/content/data/coco/val2014/COCO_val2014_000000023731.jpg']	Is there a cup in the image?	Yes,	No
['/content/data/coco/val2014/COCO_val2014_000000463640.jpg']	Is there a person in the image?	Yes,	Yes
['/content/data/coco/val2014/COCO_val2014_000000463640.jpg']	Is there a car in the image?	No,	No
['/content/data/coco/val2014/COCO_val2014_000000463640.jpg']	Is there a wine glass in the image?	Yes,	Yes
['/content/data/coco/val2014/COCO_val2014_000000463640.jpg']	Is there a chair in the image?	Yes,	No
['/content/data/coco/val2014/COCO_val2014_000000463640.jpg']	Is there a dining table in the image?	Yes,	Yes
['/content/data/coco/val2014/COCO_val2014_000000463640.jpg']	Is there a cup in the image?	Yes,	No
['/content/data/coco/val2014/COCO_val2014_000000365822.jpg']	Is there a potted plant in the image?	Yes,	Yes
['/content/data/coco/val2014/COCO_val2014_000000365822.jpg']	Is there a person in the image?	No,	No
['/content/data/coco/val2014/COCO_val2014_000000365822.jpg']	Is there a bottle in the image?	Yes,	Yes
['/content/data/coco/val2014/COCO_val2014_000000365822.jpg']	Is there a dining table in the image?	Yes,	No
['/content/data/coco/val2014/COCO_val2014_000000365822.jpg']	Is there a chair in the image?	Yes,	Yes
['/content/data/coco/val2014/COCO_val2014_000000365822.jpg']	Is there a car in the image?	No,	No
['/content/data/coco/val2014/COCO_val2014_000000524979.jpg']	Is there a baseball glove in the image?	Yes,	Yes
['/content/data/coco/val2014/COCO_val2014_000000524979.jpg']	Is there a dining table in the image?	No,	No
['/content/data/coco/val2014/COCO_val2014_000000524979.jpg']	Is there a person in the image?	Yes,	Yes
['/content/data/coco/val2014/COCO_val2014_000000524979.jpg']	Is there a car in the image?	No,	No
['/content/data/coco/val2014/COCO_val2014_000000524979.jpg']	Is there a sports ball in the image?	No,	Yes
['/content/data/coco/val2014/COCO_val2014_000000524979.jpg']	Is there a chair in the image?	No,	No
['/content/data/coco/val2014/COCO_val2014_000000070813.jpg']	Is there a handbag in the image?	Yes,	Yes
['/content/data/coco/val2014/COCO_val2014_000000070813.jpg']	Is there a person in the image?	No,	No
['/content/data/coco/val2014/COCO_val2014_000000070813.jpg']	Is there a bed in the image?	Yes,	Yes
['/content/data/coco/val2014/COCO_val2014_000000070813.jpg']	Is there a car in the image?	No,	No
['/content/data/coco/val2014/COCO_val2014_000000070813.jpg']	Is there a bottle in the image?	Yes,	Yes
['/content/data/coco/val2014/COCO_val2014_000000070813.jpg']	Is there a chair in the image?	Yes,	No
['/content/data/coco/val2014/COCO_val2014_000000318209.jpg']	Is there a sandwich in the image?	Yes,	Yes
['/content/data/coco/val2014/COCO_val2014_000000318209.jpg']	Is there a person in the image?	Yes,	No
['/content/data/coco/val2014/COCO_val2014_000000318209.jpg']	Is there a fork in the image?	No,	Yes
['/content/data/coco/val2014/COCO_val2014_000000318209.jpg']	Is there a car in the image?	Yes,	No
['/content/data/coco/val2014/COCO_val2014_000000318209.jpg']	Is there a dining table in the image?	Yes,	Yes
['/content/data/coco/val2014/COCO_val2014_000000318209.jpg']	Is there a chair in the image?	Yes,	No
['/content/data/coco/val2014/COCO_val2014_000000016775.jpg']	Is there a bird in the image?	No,	Yes
['/content/data/coco/val2014/COCO_val2014_000000016775.jpg']	Is there a dining table in the image?	Yes,	No
['/content/data/coco/val2014/COCO_val2014_000000016775.jpg']	Is there a truck in the image?	Yes,	Yes
['/content/data/coco/val2014/COCO_val2014_000000016775.jpg']	Is there a car in the image?	Yes,	No
['/content/data/coco/val2014/COCO_val2014_000000016775.jpg']	Is there a person in the image?	Yes,	Yes
['/content/data/coco/val2014/COCO_val2014_000000016775.jpg']	Is there a chair in the image?	No,	No
['/content/data/coco/val2014/COCO_val2014_000000015338.jpg']	Is there a truck in the image?	Yes,	Yes
['/content/data/coco/val2014/COCO_val2014_000000015338.jpg']	Is there a dining table in the image?	No,	No
['/content/data/coco/val2014/COCO_val2014_000000015338.jpg']	Is there a person in the image?	No,	Yes
['/content/data/coco/val2014/COCO_val2014_000000015338.jpg']	Is there a chair in the image?	No,	No
['/content/data/coco/val2014/COCO_val2014_000000015338.jpg']	Is there a sports ball in the image?	No,	Yes
['/content/data/coco/val2014/COCO_val2014_000000015338.jpg']	Is there a cup in the image?	No,	No
['/content/data/coco/val2014/COCO_val2014_000000441156.jpg']	Is there a backpack in the image?	Yes,	Yes
['/content/data/coco/val2014/COCO_val2014_000000441156.jpg']	Is there a dining table in the image?	No,	No
['/content/data/coco/val2014/COCO_val2014_000000441156.jpg']	Is there a person in the image?	Yes,	Yes
['/content/data/coco/val2014/COCO_val2014_000000441156.jpg']	Is there a car in the image?	No,	No
['/content/data/coco/val2014/COCO_val2014_000000441156.jpg']	Is there an elephant in the image?	Yes,	Yes
['/content/data/coco/val2014/COCO_val2014_000000441156.jpg']	Is there a chair in the image?	No,	No
['/content/data/coco/val2014/COCO_val2014_000000408757.jpg']	Is there a person in the image?	Yes,	Yes
['/content/data/coco/val2014/COCO_val2014_000000408757.jpg']	Is there a dining table in the image?	No,	No
['/content/data/coco/val2014/COCO_val2014_000000408757.jpg']	Is there a kite in the image?	Yes,	Yes
['/content/data/coco/val2014/COCO_val2014_000000408757.jpg']	Is there a car in the image?	No,	No
['/content/data/coco/val2014/COCO_val2014_000000408757.jpg']	Is there an umbrella in the image?	Yes,	Yes
['/content/data/coco/val2014/COCO_val2014_000000408757.jpg']	Is there a chair in the image?	No,	No
['/content/data/coco/val2014/COCO_val2014_000000550691.jpg']	Is there a person in the image?	Yes,	Yes
['/content/data/coco/val2014/COCO_val2014_000000550691.jpg']	Is there a dining table in the image?	No,	No
['/content/data/coco/val2014/COCO_val2014_000000550691.jpg']	Is there a car in the image?	Yes,	Yes
['/content/data/coco/val2014/COCO_val2014_000000550691.jpg']	Is there a chair in the image?	No,	No
['/content/data/coco/val2014/COCO_val2014_000000550691.jpg']	Is there a bus in the image?	Yes,	Yes
['/content/data/coco/val2014/COCO_val2014_000000550691.jpg']	Is there a cup in the image?	No,	No
['/content/data/coco/val2014/COCO_val2014_000000204100.jpg']	Is there a banana in the image?	Yes,	Yes
['/content/data/coco/val2014/COCO_val2014_000000204100.jpg']	Is there a dining table in the image?	No,	No
['/content/data/coco/val2014/COCO_val2014_000000204100.jpg']	Is there a person in the image?	Yes,	Yes
['/content/data/coco/val2014/COCO_val2014_000000204100.jpg']	Is there a car in the image?	No,	No
['/content/data/coco/val2014/COCO_val2014_000000204100.jpg']	Is there a bowl in the image?	Yes,	Yes
['/content/data/coco/val2014/COCO_val2014_000000204100.jpg']	Is there a chair in the image?	Yes,	No
['/content/data/coco/val2014/COCO_val2014_000000468169.jpg']	Is there a person in the image?	Yes,	Yes
['/content/data/coco/val2014/COCO_val2014_000000468169.jpg']	Is there a dining table in the image?	No,	No
['/content/data/coco/val2014/COCO_val2014_000000468169.jpg']	Is there a bench in the image?	Yes,	Yes
['/content/data/coco/val2014/COCO_val2014_000000468169.jpg']	Is there a car in the image?	No,	No
['/content/data/coco/val2014/COCO_val2014_000000468169.jpg']	Is there a sports ball in the image?	Yes,	Yes
['/content/data/coco/val2014/COCO_val2014_000000468169.jpg']	Is there a chair in the image?	Yes,	No
['/content/data/coco/val2014/COCO_val2014_000000198312.jpg']	Is there a bowl in the image?	Yes,	Yes
['/content/data/coco/val2014/COCO_val2014_000000198312.jpg']	Is there a person in the image?	No,	No
['/content/data/coco/val2014/COCO_val2014_000000198312.jpg']	Is there a couch in the image?	Yes,	Yes
['/content/data/coco/val2014/COCO_val2014_000000198312.jpg']	Is there a car in the image?	No,	No
['/content/data/coco/val2014/COCO_val2014_000000198312.jpg']	Is there a potted plant in the image?	Yes,	Yes
['/content/data/coco/val2014/COCO_val2014_000000198312.jpg']	Is there a cup in the image?	No,	No
['/content/data/coco/val2014/COCO_val2014_000000485485.jpg']	Is there a person in the image?	No,	Yes
['/content/data/coco/val2014/COCO_val2014_000000485485.jpg']	Is there a dining table in the image?	No,	No
['/content/data/coco/val2014/COCO_val2014_000000485485.jpg']	Is there a car in the image?	Yes,	Yes
['/content/data/coco/val2014/COCO_val2014_000000485485.jpg']	Is there a chair in the image?	No,	No
['/content/data/coco/val2014/COCO_val2014_000000485485.jpg']	Is there an elephant in the image?	Yes,	Yes
['/content/data/coco/val2014/COCO_val2014_000000485485.jpg']	Is there a cup in the image?	No,	No
['/content/data/coco/val2014/COCO_val2014_000000309371.jpg']	Is there a backpack in the image?	Yes,	Yes
['/content/data/coco/val2014/COCO_val2014_000000309371.jpg']	Is there a dining table in the image?	Yes,	No
['/content/data/coco/val2014/COCO_val2014_000000309371.jpg']	Is there a person in the image?	Yes,	Yes
['/content/data/coco/val2014/COCO_val2014_000000309371.jpg']	Is there a car in the image?	No,	No
['/content/data/coco/val2014/COCO_val2014_000000309371.jpg']	Is there a bench in the image?	Yes,	Yes
['/content/data/coco/val2014/COCO_val2014_000000309371.jpg']	Is there a chair in the image?	Yes,	No
['/content/data/coco/val2014/COCO_val2014_000000472143.jpg']	Is there a bird in the image?	Yes,	Yes
['/content/data/coco/val2014/COCO_val2014_000000472143.jpg']	Is there a cup in the image?	No,	No
['/content/data/coco/val2014/COCO_val2014_000000472143.jpg']	Is there a person in the image?	Yes,	Yes
['/content/data/coco/val2014/COCO_val2014_000000472143.jpg']	Is there a bottle in the image?	No,	No
['/content/data/coco/val2014/COCO_val2014_000000472143.jpg']	Is there a dining table in the image?	Yes,	Yes
['/content/data/coco/val2014/COCO_val2014_000000472143.jpg']	Is there a bowl in the image?	Yes,	No
['/content/data/coco/val2014/COCO_val2014_000000236023.jpg']	Is there a person in the image?	Yes,	Yes
['/content/data/coco/val2014/COCO_val2014_000000236023.jpg']	Is there a dining table in the image?	No,	No
['/content/data/coco/val2014/COCO_val2014_000000236023.jpg']	Is there a clock in the image?	Yes,	Yes
['/content/data/coco/val2014/COCO_val2014_000000236023.jpg']	Is there a car in the image?	No,	No
['/content/data/coco/val2014/COCO_val2014_000000236023.jpg']	Is there a bottle in the image?	Yes,	Yes
['/content/data/coco/val2014/COCO_val2014_000000236023.jpg']	Is there a chair in the image?	No,	No
['/content/data/coco/val2014/COCO_val2014_000000214244.jpg']	Is there a snowboard in the image?	No,	Yes
['/content/data/coco/val2014/COCO_val2014_000000214244.jpg']	Is there a dining table in the image?	No,	No
['/content/data/coco/val2014/COCO_val2014_000000214244.jpg']	Is there a person in the image?	Yes,	Yes
['/content/data/coco/val2014/COCO_val2014_000000214244.jpg']	Is there a car in the image?	No,	No
['/content/data/coco/val2014/COCO_val2014_000000214244.jpg']	Is there a skis in the image?	Yes,	Yes
['/content/data/coco/val2014/COCO_val2014_000000214244.jpg']	Is there a chair in the image?	No,	No
['/content/data/coco/val2014/COCO_val2014_000000397665.jpg']	Is there a motorcycle in the image?	Yes,	Yes
['/content/data/coco/val2014/COCO_val2014_000000397665.jpg']	Is there a dining table in the image?	Yes,	No
['/content/data/coco/val2014/COCO_val2014_000000397665.jpg']	Is there a person in the image?	Yes,	Yes
['/content/data/coco/val2014/COCO_val2014_000000397665.jpg']	Is there a chair in the image?	No,	No
['/content/data/coco/val2014/COCO_val2014_000000397665.jpg']	Is there a handbag in the image?	Yes,	Yes
['/content/data/coco/val2014/COCO_val2014_000000397665.jpg']	Is there a cup in the image?	No,	No
['/content/data/coco/val2014/COCO_val2014_000000183965.jpg']	Is there a bowl in the image?	Yes,	Yes
['/content/data/coco/val2014/COCO_val2014_000000183965.jpg']	Is there a person in the image?	No,	No
['/content/data/coco/val2014/COCO_val2014_000000183965.jpg']	Is there a sandwich in the image?	Yes,	Yes
['/content/data/coco/val2014/COCO_val2014_000000183965.jpg']	Is there a car in the image?	No,	No
['/content/data/coco/val2014/COCO_val2014_000000183965.jpg']	Is there a hot dog in the image?	No,	Yes
['/content/data/coco/val2014/COCO_val2014_000000183965.jpg']	Is there a chair in the image?	No,	No
['/content/data/coco/val2014/COCO_val2014_000000499105.jpg']	Is there a person in the image?	Yes,	Yes
['/content/data/coco/val2014/COCO_val2014_000000499105.jpg']	Is there a dining table in the image?	No,	No
['/content/data/coco/val2014/COCO_val2014_000000499105.jpg']	Is there a sports ball in the image?	Yes,	Yes
['/content/data/coco/val2014/COCO_val2014_000000499105.jpg']	Is there a car in the image?	Yes,	No
['/content/data/coco/val2014/COCO_val2014_000000499105.jpg']	Is there a tennis racket in the image?	Yes,	Yes
['/content/data/coco/val2014/COCO_val2014_000000499105.jpg']	Is there a chair in the image?	No,	No
['/content/data/coco/val2014/COCO_val2014_000000259755.jpg']	Is there a baseball glove in the image?	Yes,	Yes
['/content/data/coco/val2014/COCO_val2014_000000259755.jpg']	Is there a dining table in the image?	No,	No
['/content/data/coco/val2014/COCO_val2014_000000259755.jpg']	Is there a person in the image?	Yes,	Yes
['/content/data/coco/val2014/COCO_val2014_000000259755.jpg']	Is there a car in the image?	Yes,	No
['/content/data/coco/val2014/COCO_val2014_000000259755.jpg']	Is there a sports ball in the image?	No,	Yes
['/content/data/coco/val2014/COCO_val2014_000000259755.jpg']	Is there a chair in the image?	No,	No
['/content/data/coco/val2014/COCO_val2014_000000281028.jpg']	Is there a chair in the image?	Yes,	Yes
['/content/data/coco/val2014/COCO_val2014_000000281028.jpg']	Is there a dining table in the image?	No,	No
['/content/data/coco/val2014/COCO_val2014_000000281028.jpg']	Is there a person in the image?	No,	Yes
['/content/data/coco/val2014/COCO_val2014_000000281028.jpg']	Is there a cup in the image?	No,	No
['/content/data/coco/val2014/COCO_val2014_000000281028.jpg']	Is there a train in the image?	Yes,	Yes
['/content/data/coco/val2014/COCO_val2014_000000281028.jpg']	Is there a bottle in the image?	No,	No
['/content/data/coco/val2014/COCO_val2014_000000199122.jpg']	Is there a baseball glove in the image?	Yes,	Yes
['/content/data/coco/val2014/COCO_val2014_000000199122.jpg']	Is there a dining table in the image?	No,	No
['/content/data/coco/val2014/COCO_val2014_000000199122.jpg']	Is there a person in the image?	Yes,	Yes
['/content/data/coco/val2014/COCO_val2014_000000199122.jpg']	Is there a car in the image?	No,	No
['/content/data/coco/val2014/COCO_val2014_000000199122.jpg']	Is there a sports ball in the image?	Yes,	Yes
['/content/data/coco/val2014/COCO_val2014_000000199122.jpg']	Is there a cup in the image?	No,	No
['/content/data/coco/val2014/COCO_val2014_000000442809.jpg']	Is there a bottle in the image?	No,	Yes
['/content/data/coco/val2014/COCO_val2014_000000442809.jpg']	Is there a person in the image?	No,	No
['/content/data/coco/val2014/COCO_val2014_000000442809.jpg']	Is there a cake in the image?	Yes,	Yes
['/content/data/coco/val2014/COCO_val2014_000000442809.jpg']	Is there a dining table in the image?	Yes,	No
['/content/data/coco/val2014/COCO_val2014_000000442809.jpg']	Is there a cup in the image?	Yes,	Yes
['/content/data/coco/val2014/COCO_val2014_000000442809.jpg']	Is there a car in the image?	No,	No
['/content/data/coco/val2014/COCO_val2014_000000482829.jpg']	Is there a person in the image?	Yes,	Yes
['/content/data/coco/val2014/COCO_val2014_000000482829.jpg']	Is there a dining table in the image?	No,	No
['/content/data/coco/val2014/COCO_val2014_000000482829.jpg']	Is there a sports ball in the image?	No,	Yes
['/content/data/coco/val2014/COCO_val2014_000000482829.jpg']	Is there a car in the image?	No,	No
['/content/data/coco/val2014/COCO_val2014_000000482829.jpg']	Is there a tennis racket in the image?	Yes,	Yes
['/content/data/coco/val2014/COCO_val2014_000000482829.jpg']	Is there a chair in the image?	No,	No
['/content/data/coco/val2014/COCO_val2014_000000097994.jpg']	Is there a clock in the image?	Yes,	Yes
['/content/data/coco/val2014/COCO_val2014_000000097994.jpg']	Is there a person in the image?	No,	No
['/content/data/coco/val2014/COCO_val2014_000000097994.jpg']	Is there a laptop in the image?	Yes,	Yes
['/content/data/coco/val2014/COCO_val2014_000000097994.jpg']	Is there a car in the image?	No,	No
['/content/data/coco/val2014/COCO_val2014_000000097994.jpg']	Is there a dining table in the image?	No,	Yes
['/content/data/coco/val2014/COCO_val2014_000000097994.jpg']	Is there a chair in the image?	No,	No
['/content/data/coco/val2014/COCO_val2014_000000246999.jpg']	Is there a tv in the image?	Yes,	Yes
['/content/data/coco/val2014/COCO_val2014_000000246999.jpg']	Is there a person in the image?	No,	No
['/content/data/coco/val2014/COCO_val2014_000000246999.jpg']	Is there a clock in the image?	Yes,	Yes
['/content/data/coco/val2014/COCO_val2014_000000246999.jpg']	Is there a dining table in the image?	Yes,	No
['/content/data/coco/val2014/COCO_val2014_000000246999.jpg']	Is there a couch in the image?	Yes,	Yes
['/content/data/coco/val2014/COCO_val2014_000000246999.jpg']	Is there a car in the image?	No,	No
['/content/data/coco/val2014/COCO_val2014_000000338291.jpg']	Is there a snowboard in the image?	Yes,	Yes
['/content/data/coco/val2014/COCO_val2014_000000338291.jpg']	Is there a dining table in the image?	No,	No
['/content/data/coco/val2014/COCO_val2014_000000338291.jpg']	Is there a backpack in the image?	Yes,	Yes
['/content/data/coco/val2014/COCO_val2014_000000338291.jpg']	Is there a car in the image?	No,	No
['/content/data/coco/val2014/COCO_val2014_000000338291.jpg']	Is there a person in the image?	Yes,	Yes
['/content/data/coco/val2014/COCO_val2014_000000338291.jpg']	Is there a chair in the image?	Yes,	No
['/content/data/coco/val2014/COCO_val2014_000000331366.jpg']	Is there a truck in the image?	Yes,	Yes
['/content/data/coco/val2014/COCO_val2014_000000331366.jpg']	Is there a dining table in the image?	No,	No
['/content/data/coco/val2014/COCO_val2014_000000331366.jpg']	Is there a person in the image?	Yes,	Yes
['/content/data/coco/val2014/COCO_val2014_000000331366.jpg']	Is there a chair in the image?	No,	No
['/content/data/coco/val2014/COCO_val2014_000000331366.jpg']	Is there a bicycle in the image?	Yes,	Yes
['/content/data/coco/val2014/COCO_val2014_000000331366.jpg']	Is there a cup in the image?	No,	No
['/content/data/coco/val2014/COCO_val2014_000000348524.jpg']	Is there a snowboard in the image?	Yes,	Yes
['/content/data/coco/val2014/COCO_val2014_000000348524.jpg']	Is there a dining table in the image?	No,	No
['/content/data/coco/val2014/COCO_val2014_000000348524.jpg']	Is there a person in the image?	Yes,	Yes
['/content/data/coco/val2014/COCO_val2014_000000348524.jpg']	Is there a car in the image?	No,	No
['/content/data/coco/val2014/COCO_val2014_000000348524.jpg']	Is there a skis in the image?	Yes,	Yes
['/content/data/coco/val2014/COCO_val2014_000000348524.jpg']	Is there a chair in the image?	No,	No
['/content/data/coco/val2014/COCO_val2014_000000108189.jpg']	Is there a sandwich in the image?	Yes,	Yes
['/content/data/coco/val2014/COCO_val2014_000000108189.jpg']	Is there a person in the image?	No,	No
['/content/data/coco/val2014/COCO_val2014_000000108189.jpg']	Is there a fork in the image?	Yes,	Yes
['/content/data/coco/val2014/COCO_val2014_000000108189.jpg']	Is there a car in the image?	No,	No
['/content/data/coco/val2014/COCO_val2014_000000108189.jpg']	Is there a dining table in the image?	Yes,	Yes
['/content/data/coco/val2014/COCO_val2014_000000108189.jpg']	Is there a chair in the image?	No,	No
['/content/data/coco/val2014/COCO_val2014_000000301575.jpg']	Is there a tv in the image?	Yes,	Yes
['/content/data/coco/val2014/COCO_val2014_000000301575.jpg']	Is there a dining table in the image?	Yes,	No
['/content/data/coco/val2014/COCO_val2014_000000301575.jpg']	Is there a person in the image?	No,	Yes
['/content/data/coco/val2014/COCO_val2014_000000301575.jpg']	Is there a car in the image?	No,	No
['/content/data/coco/val2014/COCO_val2014_000000301575.jpg']	Is there a couch in the image?	Yes,	Yes
['/content/data/coco/val2014/COCO_val2014_000000301575.jpg']	Is there a cup in the image?	Yes,	No
['/content/data/coco/val2014/COCO_val2014_000000239773.jpg']	Is there a baseball glove in the image?	Yes,	Yes
['/content/data/coco/val2014/COCO_val2014_000000239773.jpg']	Is there a dining table in the image?	No,	No
['/content/data/coco/val2014/COCO_val2014_000000239773.jpg']	Is there a person in the image?	Yes,	Yes
['/content/data/coco/val2014/COCO_val2014_000000239773.jpg']	Is there a car in the image?	No,	No
['/content/data/coco/val2014/COCO_val2014_000000239773.jpg']	Is there a sports ball in the image?	Yes,	Yes
['/content/data/coco/val2014/COCO_val2014_000000239773.jpg']	Is there a chair in the image?	No,	No
['/content/data/coco/val2014/COCO_val2014_000000354976.jpg']	Is there a person in the image?	No,	Yes
['/content/data/coco/val2014/COCO_val2014_000000354976.jpg']	Is there a car in the image?	No,	No
['/content/data/coco/val2014/COCO_val2014_000000354976.jpg']	Is there a clock in the image?	Yes,	Yes
['/content/data/coco/val2014/COCO_val2014_000000354976.jpg']	Is there a cup in the image?	Yes,	No
['/content/data/coco/val2014/COCO_val2014_000000354976.jpg']	Is there a laptop in the image?	Yes,	Yes
['/content/data/coco/val2014/COCO_val2014_000000354976.jpg']	Is there a bottle in the image?	Yes,	No
['/content/data/coco/val2014/COCO_val2014_000000473199.jpg']	Is there a person in the image?	No,	Yes
['/content/data/coco/val2014/COCO_val2014_000000473199.jpg']	Is there a car in the image?	No,	No
['/content/data/coco/val2014/COCO_val2014_000000473199.jpg']	Is there a handbag in the image?	No,	Yes
['/content/data/coco/val2014/COCO_val2014_000000473199.jpg']	Is there a cup in the image?	No,	No
['/content/data/coco/val2014/COCO_val2014_000000473199.jpg']	Is there a potted plant in the image?	Yes,	Yes
['/content/data/coco/val2014/COCO_val2014_000000473199.jpg']	Is there a bottle in the image?	No,	No
['/content/data/coco/val2014/COCO_val2014_000000311759.jpg']	Is there a backpack in the image?	No,	Yes
['/content/data/coco/val2014/COCO_val2014_000000311759.jpg']	Is there a person in the image?	No,	No
['/content/data/coco/val2014/COCO_val2014_000000311759.jpg']	Is there a teddy bear in the image?	Yes,	Yes
['/content/data/coco/val2014/COCO_val2014_000000311759.jpg']	Is there a dining table in the image?	No,	No
['/content/data/coco/val2014/COCO_val2014_000000311759.jpg']	Is there a bear in the image?	Yes,	Yes
['/content/data/coco/val2014/COCO_val2014_000000311759.jpg']	Is there a car in the image?	No,	No
['/content/data/coco/val2014/COCO_val2014_000000431615.jpg']	Is there a dog in the image?	Yes,	Yes
['/content/data/coco/val2014/COCO_val2014_000000431615.jpg']	Is there a dining table in the image?	Yes,	No
['/content/data/coco/val2014/COCO_val2014_000000431615.jpg']	Is there a person in the image?	Yes,	Yes
['/content/data/coco/val2014/COCO_val2014_000000431615.jpg']	Is there a car in the image?	No,	No
['/content/data/coco/val2014/COCO_val2014_000000431615.jpg']	Is there a boat in the image?	Yes,	Yes
['/content/data/coco/val2014/COCO_val2014_000000431615.jpg']	Is there a chair in the image?	No,	No
['/content/data/coco/val2014/COCO_val2014_000000343401.jpg']	Is there a car in the image?	Yes,	Yes
['/content/data/coco/val2014/COCO_val2014_000000343401.jpg']	Is there a dining table in the image?	No,	No
['/content/data/coco/val2014/COCO_val2014_000000343401.jpg']	Is there a dog in the image?	Yes,	Yes
['/content/data/coco/val2014/COCO_val2014_000000343401.jpg']	Is there a chair in the image?	No,	No
['/content/data/coco/val2014/COCO_val2014_000000343401.jpg']	Is there a person in the image?	Yes,	Yes
['/content/data/coco/val2014/COCO_val2014_000000343401.jpg']	Is there a cup in the image?	No,	No
['/content/data/coco/val2014/COCO_val2014_000000246199.jpg']	Is there a banana in the image?	Yes,	Yes
['/content/data/coco/val2014/COCO_val2014_000000246199.jpg']	Is there a person in the image?	No,	No
['/content/data/coco/val2014/COCO_val2014_000000246199.jpg']	Is there an orange in the image?	Yes,	Yes
['/content/data/coco/val2014/COCO_val2014_000000246199.jpg']	Is there a car in the image?	No,	No
['/content/data/coco/val2014/COCO_val2014_000000246199.jpg']	Is there a dining table in the image?	No,	Yes
['/content/data/coco/val2014/COCO_val2014_000000246199.jpg']	Is there a chair in the image?	No,	No
['/content/data/coco/val2014/COCO_val2014_000000372009.jpg']	Is there a bird in the image?	Yes,	Yes
['/content/data/coco/val2014/COCO_val2014_000000372009.jpg']	Is there a person in the image?	No,	No
['/content/data/coco/val2014/COCO_val2014_000000372009.jpg']	Is there a bed in the image?	Yes,	Yes
['/content/data/coco/val2014/COCO_val2014_000000372009.jpg']	Is there a dining table in the image?	No,	No
['/content/data/coco/val2014/COCO_val2014_000000372009.jpg']	Is there a teddy bear in the image?	Yes,	Yes
['/content/data/coco/val2014/COCO_val2014_000000372009.jpg']	Is there a car in the image?	No,	No
['/content/data/coco/val2014/COCO_val2014_000000346707.jpg']	Is there a banana in the image?	Yes,	Yes
['/content/data/coco/val2014/COCO_val2014_000000346707.jpg']	Is there a dining table in the image?	No,	No
['/content/data/coco/val2014/COCO_val2014_000000346707.jpg']	Is there a bowl in the image?	No,	Yes
['/content/data/coco/val2014/COCO_val2014_000000346707.jpg']	Is there a car in the image?	No,	No
['/content/data/coco/val2014/COCO_val2014_000000346707.jpg']	Is there a person in the image?	No,	Yes
['/content/data/coco/val2014/COCO_val2014_000000346707.jpg']	Is there a chair in the image?	No,	No
['/content/data/coco/val2014/COCO_val2014_000000501898.jpg']	Is there a person in the image?	Yes,	Yes
['/content/data/coco/val2014/COCO_val2014_000000501898.jpg']	Is there a dining table in the image?	No,	No
['/content/data/coco/val2014/COCO_val2014_000000501898.jpg']	Is there a sports ball in the image?	Yes,	Yes
['/content/data/coco/val2014/COCO_val2014_000000501898.jpg']	Is there a car in the image?	No,	No
['/content/data/coco/val2014/COCO_val2014_000000501898.jpg']	Is there a tennis racket in the image?	Yes,	Yes
['/content/data/coco/val2014/COCO_val2014_000000501898.jpg']	Is there a chair in the image?	Yes,	No
['/content/data/coco/val2014/COCO_val2014_000000281766.jpg']	Is there a person in the image?	Yes,	Yes
['/content/data/coco/val2014/COCO_val2014_000000281766.jpg']	Is there a dining table in the image?	No,	No
['/content/data/coco/val2014/COCO_val2014_000000281766.jpg']	Is there a bicycle in the image?	Yes,	Yes
['/content/data/coco/val2014/COCO_val2014_000000281766.jpg']	Is there a car in the image?	No,	No
['/content/data/coco/val2014/COCO_val2014_000000281766.jpg']	Is there a handbag in the image?	Yes,	Yes
['/content/data/coco/val2014/COCO_val2014_000000281766.jpg']	Is there a chair in the image?	No,	No
['/content/data/coco/val2014/COCO_val2014_000000245448.jpg']	Is there a truck in the image?	Yes,	Yes
['/content/data/coco/val2014/COCO_val2014_000000245448.jpg']	Is there a dining table in the image?	No,	No
['/content/data/coco/val2014/COCO_val2014_000000245448.jpg']	Is there a person in the image?	Yes,	Yes
['/content/data/coco/val2014/COCO_val2014_000000245448.jpg']	Is there a car in the image?	Yes,	No
['/content/data/coco/val2014/COCO_val2014_000000245448.jpg']	Is there a motorcycle in the image?	Yes,	Yes
['/content/data/coco/val2014/COCO_val2014_000000245448.jpg']	Is there a chair in the image?	No,	No
['/content/data/coco/val2014/COCO_val2014_000000510138.jpg']	Is there a person in the image?	Yes,	Yes
['/content/data/coco/val2014/COCO_val2014_000000510138.jpg']	Is there a car in the image?	No,	No
['/content/data/coco/val2014/COCO_val2014_000000510138.jpg']	Is there a wine glass in the image?	Yes,	Yes
['/content/data/coco/val2014/COCO_val2014_000000510138.jpg']	Is there a chair in the image?	Yes,	No
['/content/data/coco/val2014/COCO_val2014_000000510138.jpg']	Is there a couch in the image?	Yes,	Yes
['/content/data/coco/val2014/COCO_val2014_000000510138.jpg']	Is there a cup in the image?	No,	No
['/content/data/coco/val2014/COCO_val2014_000000001171.jpg']	Is there a truck in the image?	No,	Yes
['/content/data/coco/val2014/COCO_val2014_000000001171.jpg']	Is there a person in the image?	No,	No
['/content/data/coco/val2014/COCO_val2014_000000001171.jpg']	Is there a train in the image?	Yes,	Yes
['/content/data/coco/val2014/COCO_val2014_000000001171.jpg']	Is there a dining table in the image?	No,	No
['/content/data/coco/val2014/COCO_val2014_000000001171.jpg']	Is there a car in the image?	No,	Yes
['/content/data/coco/val2014/COCO_val2014_000000001171.jpg']	Is there a chair in the image?	No,	No
['/content/data/coco/val2014/COCO_val2014_000000100238.jpg']	Is there a person in the image?	Yes,	Yes
['/content/data/coco/val2014/COCO_val2014_000000100238.jpg']	Is there a dining table in the image?	No,	No
['/content/data/coco/val2014/COCO_val2014_000000100238.jpg']	Is there a bottle in the image?	Yes,	Yes
['/content/data/coco/val2014/COCO_val2014_000000100238.jpg']	Is there a car in the image?	No,	No
['/content/data/coco/val2014/COCO_val2014_000000100238.jpg']	Is there a frisbee in the image?	Yes,	Yes
['/content/data/coco/val2014/COCO_val2014_000000100238.jpg']	Is there a chair in the image?	No,	No
['/content/data/coco/val2014/COCO_val2014_000000465418.jpg']	Is there a traffic light in the image?	Yes,	Yes
['/content/data/coco/val2014/COCO_val2014_000000465418.jpg']	Is there a dining table in the image?	No,	No
['/content/data/coco/val2014/COCO_val2014_000000465418.jpg']	Is there a person in the image?	Yes,	Yes
['/content/data/coco/val2014/COCO_val2014_000000465418.jpg']	Is there a car in the image?	No,	No
['/content/data/coco/val2014/COCO_val2014_000000465418.jpg']	Is there a bus in the image?	Yes,	Yes
['/content/data/coco/val2014/COCO_val2014_000000465418.jpg']	Is there a chair in the image?	No,	No
['/content/data/coco/val2014/COCO_val2014_000000392364.jpg']	Is there a car in the image?	Yes,	Yes
['/content/data/coco/val2014/COCO_val2014_000000392364.jpg']	Is there a dining table in the image?	No,	No
['/content/data/coco/val2014/COCO_val2014_000000392364.jpg']	Is there a traffic light in the image?	Yes,	Yes
['/content/data/coco/val2014/COCO_val2014_000000392364.jpg']	Is there a chair in the image?	No,	No
['/content/data/coco/val2014/COCO_val2014_000000392364.jpg']	Is there a person in the image?	No,	Yes
['/content/data/coco/val2014/COCO_val2014_000000392364.jpg']	Is there a cup in the image?	No,	No
['/content/data/coco/val2014/COCO_val2014_000000188958.jpg']	Is there a snowboard in the image?	Yes,	Yes
['/content/data/coco/val2014/COCO_val2014_000000188958.jpg']	Is there a dining table in the image?	No,	No
['/content/data/coco/val2014/COCO_val2014_000000188958.jpg']	Is there a person in the image?	Yes,	Yes
['/content/data/coco/val2014/COCO_val2014_000000188958.jpg']	Is there a car in the image?	No,	No
['/content/data/coco/val2014/COCO_val2014_000000188958.jpg']	Is there a skis in the image?	Yes,	Yes
['/content/data/coco/val2014/COCO_val2014_000000188958.jpg']	Is there a chair in the image?	No,	No
['/content/data/coco/val2014/COCO_val2014_000000436127.jpg']	Is there a clock in the image?	Yes,	Yes
['/content/data/coco/val2014/COCO_val2014_000000436127.jpg']	Is there a dining table in the image?	No,	No
['/content/data/coco/val2014/COCO_val2014_000000436127.jpg']	Is there a person in the image?	Yes,	Yes
['/content/data/coco/val2014/COCO_val2014_000000436127.jpg']	Is there a chair in the image?	No,	No
['/content/data/coco/val2014/COCO_val2014_000000436127.jpg']	Is there a horse in the image?	Yes,	Yes
['/content/data/coco/val2014/COCO_val2014_000000436127.jpg']	Is there a cup in the image?	No,	No
['/content/data/coco/val2014/COCO_val2014_000000198397.jpg']	Is there a chair in the image?	Yes,	Yes
['/content/data/coco/val2014/COCO_val2014_000000198397.jpg']	Is there a dining table in the image?	No,	No
['/content/data/coco/val2014/COCO_val2014_000000198397.jpg']	Is there a person in the image?	Yes,	Yes
['/content/data/coco/val2014/COCO_val2014_000000198397.jpg']	Is there a car in the image?	No,	No
['/content/data/coco/val2014/COCO_val2014_000000198397.jpg']	Is there a sports ball in the image?	Yes,	Yes
['/content/data/coco/val2014/COCO_val2014_000000198397.jpg']	Is there a cup in the image?	No,	No
['/content/data/coco/val2014/COCO_val2014_000000349936.jpg']	Is there an oven in the image?	Yes,	Yes
['/content/data/coco/val2014/COCO_val2014_000000349936.jpg']	Is there a person in the image?	No,	No
['/content/data/coco/val2014/COCO_val2014_000000349936.jpg']	Is there a dining table in the image?	Yes,	Yes
['/content/data/coco/val2014/COCO_val2014_000000349936.jpg']	Is there a car in the image?	No,	No
['/content/data/coco/val2014/COCO_val2014_000000349936.jpg']	Is there a chair in the image?	Yes,	Yes
['/content/data/coco/val2014/COCO_val2014_000000349936.jpg']	Is there a bottle in the image?	Yes,	No
['/content/data/coco/val2014/COCO_val2014_000000333756.jpg']	Is there a person in the image?	Yes,	Yes
['/content/data/coco/val2014/COCO_val2014_000000333756.jpg']	Is there a dining table in the image?	No,	No
['/content/data/coco/val2014/COCO_val2014_000000333756.jpg']	Is there a sports ball in the image?	Yes,	Yes
['/content/data/coco/val2014/COCO_val2014_000000333756.jpg']	Is there a car in the image?	No,	No
['/content/data/coco/val2014/COCO_val2014_000000333756.jpg']	Is there a tennis racket in the image?	Yes,	Yes
['/content/data/coco/val2014/COCO_val2014_000000333756.jpg']	Is there a chair in the image?	No,	No
['/content/data/coco/val2014/COCO_val2014_000000474741.jpg']	Is there a backpack in the image?	Yes,	Yes
['/content/data/coco/val2014/COCO_val2014_000000474741.jpg']	Is there a car in the image?	No,	No
['/content/data/coco/val2014/COCO_val2014_000000474741.jpg']	Is there a clock in the image?	Yes,	Yes
['/content/data/coco/val2014/COCO_val2014_000000474741.jpg']	Is there a chair in the image?	Yes,	No
['/content/data/coco/val2014/COCO_val2014_000000474741.jpg']	Is there a person in the image?	Yes,	Yes
['/content/data/coco/val2014/COCO_val2014_000000474741.jpg']	Is there a cup in the image?	Yes,	No
['/content/data/coco/val2014/COCO_val2014_000000286342.jpg']	Is there a keyboard in the image?	Yes,	Yes
['/content/data/coco/val2014/COCO_val2014_000000286342.jpg']	Is there a person in the image?	No,	No
['/content/data/coco/val2014/COCO_val2014_000000286342.jpg']	Is there a mouse in the image?	Yes,	Yes
['/content/data/coco/val2014/COCO_val2014_000000286342.jpg']	Is there a car in the image?	No,	No
['/content/data/coco/val2014/COCO_val2014_000000286342.jpg']	Is there a laptop in the image?	No,	Yes
['/content/data/coco/val2014/COCO_val2014_000000286342.jpg']	Is there a chair in the image?	No,	No
['/content/data/coco/val2014/COCO_val2014_000000093948.jpg']	Is there a tv in the image?	No,	Yes
['/content/data/coco/val2014/COCO_val2014_000000093948.jpg']	Is there a person in the image?	No,	No
['/content/data/coco/val2014/COCO_val2014_000000093948.jpg']	Is there a mouse in the image?	No,	Yes
['/content/data/coco/val2014/COCO_val2014_000000093948.jpg']	Is there a car in the image?	No,	No
['/content/data/coco/val2014/COCO_val2014_000000093948.jpg']	Is there a laptop in the image?	No,	Yes
['/content/data/coco/val2014/COCO_val2014_000000093948.jpg']	Is there a chair in the image?	No,	No
['/content/data/coco/val2014/COCO_val2014_000000405740.jpg']	Is there a wine glass in the image?	Yes,	Yes
['/content/data/coco/val2014/COCO_val2014_000000405740.jpg']	Is there a dining table in the image?	Yes,	No
['/content/data/coco/val2014/COCO_val2014_000000405740.jpg']	Is there a person in the image?	Yes,	Yes
['/content/data/coco/val2014/COCO_val2014_000000405740.jpg']	Is there a car in the image?	No,	No
['/content/data/coco/val2014/COCO_val2014_000000405740.jpg']	Is there a laptop in the image?	Yes,	Yes
['/content/data/coco/val2014/COCO_val2014_000000405740.jpg']	Is there a chair in the image?	No,	No
['/content/data/coco/val2014/COCO_val2014_000000304387.jpg']	Is there a person in the image?	Yes,	Yes
['/content/data/coco/val2014/COCO_val2014_000000304387.jpg']	Is there a dining table in the image?	No,	No
['/content/data/coco/val2014/COCO_val2014_000000304387.jpg']	Is there a surfboard in the image?	Yes,	Yes
['/content/data/coco/val2014/COCO_val2014_000000304387.jpg']	Is there a car in the image?	No,	No
['/content/data/coco/val2014/COCO_val2014_000000304387.jpg']	Is there a kite in the image?	Yes,	Yes
['/content/data/coco/val2014/COCO_val2014_000000304387.jpg']	Is there a chair in the image?	No,	No
['/content/data/coco/val2014/COCO_val2014_000000147165.jpg']	Is there a sink in the image?	Yes,	Yes
['/content/data/coco/val2014/COCO_val2014_000000147165.jpg']	Is there a dining table in the image?	No,	No
['/content/data/coco/val2014/COCO_val2014_000000147165.jpg']	Is there a person in the image?	Yes,	Yes
['/content/data/coco/val2014/COCO_val2014_000000147165.jpg']	Is there a car in the image?	No,	No
['/content/data/coco/val2014/COCO_val2014_000000147165.jpg']	Is there a spoon in the image?	Yes,	Yes
['/content/data/coco/val2014/COCO_val2014_000000147165.jpg']	Is there a chair in the image?	No,	No
['/content/data/coco/val2014/COCO_val2014_000000495311.jpg']	Is there a truck in the image?	Yes,	Yes
['/content/data/coco/val2014/COCO_val2014_000000495311.jpg']	Is there a dining table in the image?	No,	No
['/content/data/coco/val2014/COCO_val2014_000000495311.jpg']	Is there a person in the image?	Yes,	Yes
['/content/data/coco/val2014/COCO_val2014_000000495311.jpg']	Is there a car in the image?	Yes,	No
['/content/data/coco/val2014/COCO_val2014_000000495311.jpg']	Is there an airplane in the image?	Yes,	Yes
['/content/data/coco/val2014/COCO_val2014_000000495311.jpg']	Is there a chair in the image?	Yes,	No
['/content/data/coco/val2014/COCO_val2014_000000312406.jpg']	Is there a banana in the image?	Yes,	Yes
['/content/data/coco/val2014/COCO_val2014_000000312406.jpg']	Is there a person in the image?	No,	No
['/content/data/coco/val2014/COCO_val2014_000000312406.jpg']	Is there a bowl in the image?	Yes,	Yes
['/content/data/coco/val2014/COCO_val2014_000000312406.jpg']	Is there a car in the image?	No,	No
['/content/data/coco/val2014/COCO_val2014_000000312406.jpg']	Is there a cup in the image?	Yes,	Yes
['/content/data/coco/val2014/COCO_val2014_000000312406.jpg']	Is there a chair in the image?	No,	No
['/content/data/coco/val2014/COCO_val2014_000000515820.jpg']	Is there a tv in the image?	Yes,	Yes
['/content/data/coco/val2014/COCO_val2014_000000515820.jpg']	Is there a dining table in the image?	No,	No
['/content/data/coco/val2014/COCO_val2014_000000515820.jpg']	Is there a clock in the image?	Yes,	Yes
['/content/data/coco/val2014/COCO_val2014_000000515820.jpg']	Is there a car in the image?	Yes,	No
['/content/data/coco/val2014/COCO_val2014_000000515820.jpg']	Is there a person in the image?	No,	Yes
['/content/data/coco/val2014/COCO_val2014_000000515820.jpg']	Is there a chair in the image?	No,	No
['/content/data/coco/val2014/COCO_val2014_000000031971.jpg']	Is there an orange in the image?	Yes,	Yes
['/content/data/coco/val2014/COCO_val2014_000000031971.jpg']	Is there a person in the image?	No,	No
['/content/data/coco/val2014/COCO_val2014_000000031971.jpg']	Is there a bed in the image?	Yes,	Yes
['/content/data/coco/val2014/COCO_val2014_000000031971.jpg']	Is there a dining table in the image?	Yes,	No
['/content/data/coco/val2014/COCO_val2014_000000031971.jpg']	Is there a book in the image?	Yes,	Yes
['/content/data/coco/val2014/COCO_val2014_000000031971.jpg']	Is there a car in the image?	No,	No
['/content/data/coco/val2014/COCO_val2014_000000418680.jpg']	Is there a snowboard in the image?	Yes,	Yes
['/content/data/coco/val2014/COCO_val2014_000000418680.jpg']	Is there a dining table in the image?	No,	No
['/content/data/coco/val2014/COCO_val2014_000000418680.jpg']	Is there a person in the image?	Yes,	Yes
['/content/data/coco/val2014/COCO_val2014_000000418680.jpg']	Is there a car in the image?	No,	No
['/content/data/coco/val2014/COCO_val2014_000000418680.jpg']	Is there a skis in the image?	Yes,	Yes
['/content/data/coco/val2014/COCO_val2014_000000418680.jpg']	Is there a chair in the image?	No,	No
['/content/data/coco/val2014/COCO_val2014_000000459680.jpg']	Is there a person in the image?	Yes,	Yes
['/content/data/coco/val2014/COCO_val2014_000000459680.jpg']	Is there a dining table in the image?	No,	No
['/content/data/coco/val2014/COCO_val2014_000000459680.jpg']	Is there an orange in the image?	No,	Yes
['/content/data/coco/val2014/COCO_val2014_000000459680.jpg']	Is there a car in the image?	No,	No
['/content/data/coco/val2014/COCO_val2014_000000459680.jpg']	Is there an umbrella in the image?	Yes,	Yes
['/content/data/coco/val2014/COCO_val2014_000000459680.jpg']	Is there a chair in the image?	No,	No
['/content/data/coco/val2014/COCO_val2014_000000196462.jpg']	Is there a bowl in the image?	Yes,	Yes
['/content/data/coco/val2014/COCO_val2014_000000196462.jpg']	Is there a person in the image?	Yes,	No
['/content/data/coco/val2014/COCO_val2014_000000196462.jpg']	Is there a fork in the image?	No,	Yes
['/content/data/coco/val2014/COCO_val2014_000000196462.jpg']	Is there a dining table in the image?	Yes,	No
['/content/data/coco/val2014/COCO_val2014_000000196462.jpg']	Is there a cup in the image?	Yes,	Yes
['/content/data/coco/val2014/COCO_val2014_000000196462.jpg']	Is there a car in the image?	No,	No
['/content/data/coco/val2014/COCO_val2014_000000276693.jpg']	Is there a dog in the image?	Yes,	Yes
['/content/data/coco/val2014/COCO_val2014_000000276693.jpg']	Is there a dining table in the image?	No,	No
['/content/data/coco/val2014/COCO_val2014_000000276693.jpg']	Is there a person in the image?	Yes,	Yes
['/content/data/coco/val2014/COCO_val2014_000000276693.jpg']	Is there a car in the image?	No,	No
['/content/data/coco/val2014/COCO_val2014_000000276693.jpg']	Is there a skis in the image?	Yes,	Yes
['/content/data/coco/val2014/COCO_val2014_000000276693.jpg']	Is there a chair in the image?	No,	No
['/content/data/coco/val2014/COCO_val2014_000000356424.jpg']	Is there a person in the image?	Yes,	Yes
['/content/data/coco/val2014/COCO_val2014_000000356424.jpg']	Is there a backpack in the image?	No,	No
['/content/data/coco/val2014/COCO_val2014_000000356424.jpg']	Is there a car in the image?	Yes,	Yes
['/content/data/coco/val2014/COCO_val2014_000000356424.jpg']	Is there a handbag in the image?	Yes,	No
['/content/data/coco/val2014/COCO_val2014_000000356424.jpg']	Is there a bottle in the image?	Yes,	Yes
['/content/data/coco/val2014/COCO_val2014_000000356424.jpg']	Is there a bowl in the image?	Yes,	No
['/content/data/coco/val2014/COCO_val2014_000000505335.jpg']	Is there a person in the image?	Yes,	Yes
['/content/data/coco/val2014/COCO_val2014_000000505335.jpg']	Is there a dining table in the image?	No,	No
['/content/data/coco/val2014/COCO_val2014_000000505335.jpg']	Is there a bottle in the image?	No,	Yes
['/content/data/coco/val2014/COCO_val2014_000000505335.jpg']	Is there a car in the image?	No,	No
['/content/data/coco/val2014/COCO_val2014_000000505335.jpg']	Is there an umbrella in the image?	Yes,	Yes
['/content/data/coco/val2014/COCO_val2014_000000505335.jpg']	Is there a chair in the image?	No,	No
['/content/data/coco/val2014/COCO_val2014_000000172342.jpg']	Is there a person in the image?	Yes,	Yes
['/content/data/coco/val2014/COCO_val2014_000000172342.jpg']	Is there a car in the image?	No,	No
['/content/data/coco/val2014/COCO_val2014_000000172342.jpg']	Is there a spoon in the image?	Yes,	Yes
['/content/data/coco/val2014/COCO_val2014_000000172342.jpg']	Is there a chair in the image?	No,	No
['/content/data/coco/val2014/COCO_val2014_000000172342.jpg']	Is there a bowl in the image?	Yes,	Yes
['/content/data/coco/val2014/COCO_val2014_000000172342.jpg']	Is there a backpack in the image?	No,	No
['/content/data/coco/val2014/COCO_val2014_000000384970.jpg']	Is there a truck in the image?	Yes,	Yes
['/content/data/coco/val2014/COCO_val2014_000000384970.jpg']	Is there a dining table in the image?	No,	No
['/content/data/coco/val2014/COCO_val2014_000000384970.jpg']	Is there a person in the image?	No,	Yes
['/content/data/coco/val2014/COCO_val2014_000000384970.jpg']	Is there a chair in the image?	No,	No
['/content/data/coco/val2014/COCO_val2014_000000384970.jpg']	Is there a car in the image?	Yes,	Yes
['/content/data/coco/val2014/COCO_val2014_000000384970.jpg']	Is there a cup in the image?	No,	No
['/content/data/coco/val2014/COCO_val2014_000000572260.jpg']	Is there a wine glass in the image?	No,	Yes
['/content/data/coco/val2014/COCO_val2014_000000572260.jpg']	Is there a person in the image?	No,	No
['/content/data/coco/val2014/COCO_val2014_000000572260.jpg']	Is there a teddy bear in the image?	Yes,	Yes
['/content/data/coco/val2014/COCO_val2014_000000572260.jpg']	Is there a dining table in the image?	No,	No
['/content/data/coco/val2014/COCO_val2014_000000572260.jpg']	Is there an apple in the image?	Yes,	Yes
['/content/data/coco/val2014/COCO_val2014_000000572260.jpg']	Is there a car in the image?	Yes,	No
['/content/data/coco/val2014/COCO_val2014_000000418471.jpg']	Is there a person in the image?	Yes,	Yes
['/content/data/coco/val2014/COCO_val2014_000000418471.jpg']	Is there a car in the image?	No,	No
['/content/data/coco/val2014/COCO_val2014_000000418471.jpg']	Is there a dining table in the image?	Yes,	Yes
['/content/data/coco/val2014/COCO_val2014_000000418471.jpg']	Is there a bottle in the image?	Yes,	No
['/content/data/coco/val2014/COCO_val2014_000000418471.jpg']	Is there a chair in the image?	Yes,	Yes
['/content/data/coco/val2014/COCO_val2014_000000418471.jpg']	Is there a backpack in the image?	No,	No
['/content/data/coco/val2014/COCO_val2014_000000379404.jpg']	Is there a banana in the image?	Yes,	Yes
['/content/data/coco/val2014/COCO_val2014_000000379404.jpg']	Is there a person in the image?	No,	No
['/content/data/coco/val2014/COCO_val2014_000000379404.jpg']	Is there a sandwich in the image?	Yes,	Yes
['/content/data/coco/val2014/COCO_val2014_000000379404.jpg']	Is there a car in the image?	No,	No
['/content/data/coco/val2014/COCO_val2014_000000379404.jpg']	Is there a dining table in the image?	Yes,	Yes
['/content/data/coco/val2014/COCO_val2014_000000379404.jpg']	Is there a chair in the image?	No,	No
['/content/data/coco/val2014/COCO_val2014_000000044801.jpg']	Is there a traffic light in the image?	Yes,	Yes
['/content/data/coco/val2014/COCO_val2014_000000044801.jpg']	Is there a dining table in the image?	No,	No
['/content/data/coco/val2014/COCO_val2014_000000044801.jpg']	Is there a person in the image?	Yes,	Yes
['/content/data/coco/val2014/COCO_val2014_000000044801.jpg']	Is there a chair in the image?	No,	No
['/content/data/coco/val2014/COCO_val2014_000000044801.jpg']	Is there a truck in the image?	No,	Yes
['/content/data/coco/val2014/COCO_val2014_000000044801.jpg']	Is there a cup in the image?	No,	No
['/content/data/coco/val2014/COCO_val2014_000000293564.jpg']	Is there a person in the image?	Yes,	Yes
['/content/data/coco/val2014/COCO_val2014_000000293564.jpg']	Is there a dining table in the image?	No,	No
['/content/data/coco/val2014/COCO_val2014_000000293564.jpg']	Is there a surfboard in the image?	Yes,	Yes
['/content/data/coco/val2014/COCO_val2014_000000293564.jpg']	Is there a car in the image?	Yes,	No
['/content/data/coco/val2014/COCO_val2014_000000293564.jpg']	Is there an umbrella in the image?	Yes,	Yes
['/content/data/coco/val2014/COCO_val2014_000000293564.jpg']	Is there a chair in the image?	No,	No
['/content/data/coco/val2014/COCO_val2014_000000452297.jpg']	Is there a banana in the image?	Yes,	Yes
['/content/data/coco/val2014/COCO_val2014_000000452297.jpg']	Is there a person in the image?	No,	No
['/content/data/coco/val2014/COCO_val2014_000000452297.jpg']	Is there a spoon in the image?	Yes,	Yes
['/content/data/coco/val2014/COCO_val2014_000000452297.jpg']	Is there a dining table in the image?	Yes,	No
['/content/data/coco/val2014/COCO_val2014_000000452297.jpg']	Is there a bowl in the image?	Yes,	Yes
['/content/data/coco/val2014/COCO_val2014_000000452297.jpg']	Is there a car in the image?	No,	No
['/content/data/coco/val2014/COCO_val2014_000000543393.jpg']	Is there a fire hydrant in the image?	Yes,	Yes
['/content/data/coco/val2014/COCO_val2014_000000543393.jpg']	Is there a person in the image?	No,	No
['/content/data/coco/val2014/COCO_val2014_000000543393.jpg']	Is there a car in the image?	Yes,	Yes
['/content/data/coco/val2014/COCO_val2014_000000543393.jpg']	Is there a dining table in the image?	No,	No
['/content/data/coco/val2014/COCO_val2014_000000543393.jpg']	Is there a stop sign in the image?	Yes,	Yes
['/content/data/coco/val2014/COCO_val2014_000000543393.jpg']	Is there a chair in the image?	No,	No
['/content/data/coco/val2014/COCO_val2014_000000172648.jpg']	Is there a truck in the image?	Yes,	Yes
['/content/data/coco/val2014/COCO_val2014_000000172648.jpg']	Is there a dining table in the image?	No,	No
['/content/data/coco/val2014/COCO_val2014_000000172648.jpg']	Is there a car in the image?	Yes,	Yes
['/content/data/coco/val2014/COCO_val2014_000000172648.jpg']	Is there a chair in the image?	No,	No
['/content/data/coco/val2014/COCO_val2014_000000172648.jpg']	Is there a person in the image?	Yes,	Yes
['/content/data/coco/val2014/COCO_val2014_000000172648.jpg']	Is there a cup in the image?	No,	No
['/content/data/coco/val2014/COCO_val2014_000000308907.jpg']	Is there a traffic light in the image?	Yes,	Yes
['/content/data/coco/val2014/COCO_val2014_000000308907.jpg']	Is there a dining table in the image?	No,	No
['/content/data/coco/val2014/COCO_val2014_000000308907.jpg']	Is there a person in the image?	No,	Yes
['/content/data/coco/val2014/COCO_val2014_000000308907.jpg']	Is there a car in the image?	No,	No
['/content/data/coco/val2014/COCO_val2014_000000308907.jpg']	Is there a bicycle in the image?	Yes,	Yes
['/content/data/coco/val2014/COCO_val2014_000000308907.jpg']	Is there a chair in the image?	No,	No
['/content/data/coco/val2014/COCO_val2014_000000263594.jpg']	Is there a bird in the image?	Yes,	Yes
['/content/data/coco/val2014/COCO_val2014_000000263594.jpg']	Is there a person in the image?	No,	No
['/content/data/coco/val2014/COCO_val2014_000000263594.jpg']	Is there a truck in the image?	Yes,	Yes
['/content/data/coco/val2014/COCO_val2014_000000263594.jpg']	Is there a dining table in the image?	No,	No
['/content/data/coco/val2014/COCO_val2014_000000263594.jpg']	Is there a car in the image?	Yes,	Yes
['/content/data/coco/val2014/COCO_val2014_000000263594.jpg']	Is there a chair in the image?	No,	No
['/content/data/coco/val2014/COCO_val2014_000000501294.jpg']	Is there a tv in the image?	Yes,	Yes
['/content/data/coco/val2014/COCO_val2014_000000501294.jpg']	Is there a dining table in the image?	No,	No
['/content/data/coco/val2014/COCO_val2014_000000501294.jpg']	Is there a person in the image?	Yes,	Yes
['/content/data/coco/val2014/COCO_val2014_000000501294.jpg']	Is there a car in the image?	No,	No
['/content/data/coco/val2014/COCO_val2014_000000501294.jpg']	Is there a couch in the image?	Yes,	Yes
['/content/data/coco/val2014/COCO_val2014_000000501294.jpg']	Is there a chair in the image?	Yes,	No
['/content/data/coco/val2014/COCO_val2014_000000500680.jpg']	Is there a person in the image?	Yes,	Yes
['/content/data/coco/val2014/COCO_val2014_000000500680.jpg']	Is there a car in the image?	No,	No
['/content/data/coco/val2014/COCO_val2014_000000500680.jpg']	Is there a handbag in the image?	Yes,	Yes
['/content/data/coco/val2014/COCO_val2014_000000500680.jpg']	Is there a chair in the image?	No,	No
['/content/data/coco/val2014/COCO_val2014_000000500680.jpg']	Is there a dining table in the image?	Yes,	Yes
['/content/data/coco/val2014/COCO_val2014_000000500680.jpg']	Is there a cup in the image?	No,	No
['/content/data/coco/val2014/COCO_val2014_000000091954.jpg']	Is there a truck in the image?	Yes,	Yes
['/content/data/coco/val2014/COCO_val2014_000000091954.jpg']	Is there a person in the image?	No,	No
['/content/data/coco/val2014/COCO_val2014_000000091954.jpg']	Is there a train in the image?	Yes,	Yes
['/content/data/coco/val2014/COCO_val2014_000000091954.jpg']	Is there a dining table in the image?	No,	No
['/content/data/coco/val2014/COCO_val2014_000000091954.jpg']	Is there a car in the image?	No,	Yes
['/content/data/coco/val2014/COCO_val2014_000000091954.jpg']	Is there a chair in the image?	No,	No
['/content/data/coco/val2014/COCO_val2014_000000454607.jpg']	Is there a book in the image?	Yes,	Yes
['/content/data/coco/val2014/COCO_val2014_000000454607.jpg']	Is there a dining table in the image?	No,	No
['/content/data/coco/val2014/COCO_val2014_000000454607.jpg']	Is there a person in the image?	Yes,	Yes
['/content/data/coco/val2014/COCO_val2014_000000454607.jpg']	Is there a car in the image?	No,	No
['/content/data/coco/val2014/COCO_val2014_000000454607.jpg']	Is there a cell phone in the image?	Yes,	Yes
['/content/data/coco/val2014/COCO_val2014_000000454607.jpg']	Is there a chair in the image?	No,	No
['/content/data/coco/val2014/COCO_val2014_000000363908.jpg']	Is there a baseball glove in the image?	Yes,	Yes
['/content/data/coco/val2014/COCO_val2014_000000363908.jpg']	Is there a dining table in the image?	No,	No
['/content/data/coco/val2014/COCO_val2014_000000363908.jpg']	Is there a person in the image?	Yes,	Yes
['/content/data/coco/val2014/COCO_val2014_000000363908.jpg']	Is there a car in the image?	No,	No
['/content/data/coco/val2014/COCO_val2014_000000363908.jpg']	Is there a sports ball in the image?	Yes,	Yes
['/content/data/coco/val2014/COCO_val2014_000000363908.jpg']	Is there a chair in the image?	No,	No
['/content/data/coco/val2014/COCO_val2014_000000560064.jpg']	Is there a person in the image?	Yes,	Yes
['/content/data/coco/val2014/COCO_val2014_000000560064.jpg']	Is there a dining table in the image?	Yes,	No
['/content/data/coco/val2014/COCO_val2014_000000560064.jpg']	Is there a bench in the image?	Yes,	Yes
['/content/data/coco/val2014/COCO_val2014_000000560064.jpg']	Is there a car in the image?	Yes,	No
['/content/data/coco/val2014/COCO_val2014_000000560064.jpg']	Is there a potted plant in the image?	Yes,	Yes
['/content/data/coco/val2014/COCO_val2014_000000560064.jpg']	Is there a chair in the image?	Yes,	No
['/content/data/coco/val2014/COCO_val2014_000000348469.jpg']	Is there a bird in the image?	Yes,	Yes
['/content/data/coco/val2014/COCO_val2014_000000348469.jpg']	Is there a dining table in the image?	No,	No
['/content/data/coco/val2014/COCO_val2014_000000348469.jpg']	Is there a person in the image?	Yes,	Yes
['/content/data/coco/val2014/COCO_val2014_000000348469.jpg']	Is there a car in the image?	No,	No
['/content/data/coco/val2014/COCO_val2014_000000348469.jpg']	Is there a baseball bat in the image?	Yes,	Yes
['/content/data/coco/val2014/COCO_val2014_000000348469.jpg']	Is there a chair in the image?	No,	No
['/content/data/coco/val2014/COCO_val2014_000000167724.jpg']	Is there an oven in the image?	Yes,	Yes
['/content/data/coco/val2014/COCO_val2014_000000167724.jpg']	Is there a dining table in the image?	Yes,	No
['/content/data/coco/val2014/COCO_val2014_000000167724.jpg']	Is there a spoon in the image?	Yes,	Yes
['/content/data/coco/val2014/COCO_val2014_000000167724.jpg']	Is there a car in the image?	No,	No
['/content/data/coco/val2014/COCO_val2014_000000167724.jpg']	Is there a bottle in the image?	No,	Yes
['/content/data/coco/val2014/COCO_val2014_000000167724.jpg']	Is there a chair in the image?	No,	No
['/content/data/coco/val2014/COCO_val2014_000000262736.jpg']	Is there a dog in the image?	Yes,	Yes
['/content/data/coco/val2014/COCO_val2014_000000262736.jpg']	Is there a person in the image?	No,	No
['/content/data/coco/val2014/COCO_val2014_000000262736.jpg']	Is there a truck in the image?	Yes,	Yes
['/content/data/coco/val2014/COCO_val2014_000000262736.jpg']	Is there a dining table in the image?	No,	No
['/content/data/coco/val2014/COCO_val2014_000000262736.jpg']	Is there a car in the image?	Yes,	Yes
['/content/data/coco/val2014/COCO_val2014_000000262736.jpg']	Is there a chair in the image?	No,	No
['/content/data/coco/val2014/COCO_val2014_000000076416.jpg']	Is there a person in the image?	Yes,	Yes
['/content/data/coco/val2014/COCO_val2014_000000076416.jpg']	Is there a dining table in the image?	Yes,	No
['/content/data/coco/val2014/COCO_val2014_000000076416.jpg']	Is there a bicycle in the image?	Yes,	Yes
['/content/data/coco/val2014/COCO_val2014_000000076416.jpg']	Is there a car in the image?	No,	No
['/content/data/coco/val2014/COCO_val2014_000000076416.jpg']	Is there a cell phone in the image?	Yes,	Yes
['/content/data/coco/val2014/COCO_val2014_000000076416.jpg']	Is there a chair in the image?	No,	No
['/content/data/coco/val2014/COCO_val2014_000000541783.jpg']	Is there a backpack in the image?	Yes,	Yes
['/content/data/coco/val2014/COCO_val2014_000000541783.jpg']	Is there a dining table in the image?	No,	No
['/content/data/coco/val2014/COCO_val2014_000000541783.jpg']	Is there a person in the image?	Yes,	Yes
['/content/data/coco/val2014/COCO_val2014_000000541783.jpg']	Is there a car in the image?	No,	No
['/content/data/coco/val2014/COCO_val2014_000000541783.jpg']	Is there a motorcycle in the image?	Yes,	Yes
['/content/data/coco/val2014/COCO_val2014_000000541783.jpg']	Is there a chair in the image?	No,	No
['/content/data/coco/val2014/COCO_val2014_000000445200.jpg']	Is there a bowl in the image?	Yes,	Yes
['/content/data/coco/val2014/COCO_val2014_000000445200.jpg']	Is there a person in the image?	No,	No
['/content/data/coco/val2014/COCO_val2014_000000445200.jpg']	Is there a broccoli in the image?	Yes,	Yes
['/content/data/coco/val2014/COCO_val2014_000000445200.jpg']	Is there a car in the image?	No,	No
['/content/data/coco/val2014/COCO_val2014_000000445200.jpg']	Is there a dining table in the image?	Yes,	Yes
['/content/data/coco/val2014/COCO_val2014_000000445200.jpg']	Is there a chair in the image?	Yes,	No
['/content/data/coco/val2014/COCO_val2014_000000433574.jpg']	Is there a person in the image?	Yes,	Yes
['/content/data/coco/val2014/COCO_val2014_000000433574.jpg']	Is there a car in the image?	No,	No
['/content/data/coco/val2014/COCO_val2014_000000433574.jpg']	Is there a couch in the image?	Yes,	Yes
['/content/data/coco/val2014/COCO_val2014_000000433574.jpg']	Is there a cup in the image?	No,	No
['/content/data/coco/val2014/COCO_val2014_000000433574.jpg']	Is there a dining table in the image?	Yes,	Yes
['/content/data/coco/val2014/COCO_val2014_000000433574.jpg']	Is there a bottle in the image?	No,	No
['/content/data/coco/val2014/COCO_val2014_000000212241.jpg']	Is there a truck in the image?	Yes,	Yes
['/content/data/coco/val2014/COCO_val2014_000000212241.jpg']	Is there a dining table in the image?	No,	No
['/content/data/coco/val2014/COCO_val2014_000000212241.jpg']	Is there a person in the image?	Yes,	Yes
['/content/data/coco/val2014/COCO_val2014_000000212241.jpg']	Is there a chair in the image?	No,	No
['/content/data/coco/val2014/COCO_val2014_000000212241.jpg']	Is there a train in the image?	Yes,	Yes
['/content/data/coco/val2014/COCO_val2014_000000212241.jpg']	Is there a cup in the image?	No,	No
['/content/data/coco/val2014/COCO_val2014_000000114941.jpg']	Is there a person in the image?	Yes,	Yes
['/content/data/coco/val2014/COCO_val2014_000000114941.jpg']	Is there a dining table in the image?	No,	No
['/content/data/coco/val2014/COCO_val2014_000000114941.jpg']	Is there a train in the image?	Yes,	Yes
['/content/data/coco/val2014/COCO_val2014_000000114941.jpg']	Is there a chair in the image?	No,	No
['/content/data/coco/val2014/COCO_val2014_000000114941.jpg']	Is there a car in the image?	No,	Yes
['/content/data/coco/val2014/COCO_val2014_000000114941.jpg']	Is there a cup in the image?	Yes,	No
['/content/data/coco/val2014/COCO_val2014_000000493753.jpg']	Is there a remote in the image?	Yes,	Yes
['/content/data/coco/val2014/COCO_val2014_000000493753.jpg']	Is there a person in the image?	No,	No
['/content/data/coco/val2014/COCO_val2014_000000493753.jpg']	Is there a laptop in the image?	No,	Yes
['/content/data/coco/val2014/COCO_val2014_000000493753.jpg']	Is there a car in the image?	No,	No
['/content/data/coco/val2014/COCO_val2014_000000493753.jpg']	Is there a chair in the image?	Yes,	Yes
['/content/data/coco/val2014/COCO_val2014_000000493753.jpg']	Is there a backpack in the image?	Yes,	No
['/content/data/coco/val2014/COCO_val2014_000000410597.jpg']	Is there a person in the image?	Yes,	Yes
['/content/data/coco/val2014/COCO_val2014_000000410597.jpg']	Is there a car in the image?	No,	No
['/content/data/coco/val2014/COCO_val2014_000000410597.jpg']	Is there a wine glass in the image?	Yes,	Yes
['/content/data/coco/val2014/COCO_val2014_000000410597.jpg']	Is there a chair in the image?	No,	No
['/content/data/coco/val2014/COCO_val2014_000000410597.jpg']	Is there a dining table in the image?	Yes,	Yes
['/content/data/coco/val2014/COCO_val2014_000000410597.jpg']	Is there a bottle in the image?	Yes,	No
['/content/data/coco/val2014/COCO_val2014_000000382617.jpg']	Is there a mouse in the image?	Yes,	Yes
['/content/data/coco/val2014/COCO_val2014_000000382617.jpg']	Is there a person in the image?	No,	No
['/content/data/coco/val2014/COCO_val2014_000000382617.jpg']	Is there a dining table in the image?	No,	Yes
['/content/data/coco/val2014/COCO_val2014_000000382617.jpg']	Is there a car in the image?	No,	No
['/content/data/coco/val2014/COCO_val2014_000000382617.jpg']	Is there a book in the image?	Yes,	Yes
['/content/data/coco/val2014/COCO_val2014_000000382617.jpg']	Is there a chair in the image?	No,	No
['/content/data/coco/val2014/COCO_val2014_000000467887.jpg']	Is there a person in the image?	Yes,	Yes
['/content/data/coco/val2014/COCO_val2014_000000467887.jpg']	Is there a car in the image?	No,	No
['/content/data/coco/val2014/COCO_val2014_000000467887.jpg']	Is there a mouse in the image?	Yes,	Yes
['/content/data/coco/val2014/COCO_val2014_000000467887.jpg']	Is there a cup in the image?	No,	No
['/content/data/coco/val2014/COCO_val2014_000000467887.jpg']	Is there a couch in the image?	Yes,	Yes
['/content/data/coco/val2014/COCO_val2014_000000467887.jpg']	Is there a bottle in the image?	Yes,	No
['/content/data/coco/val2014/COCO_val2014_000000120792.jpg']	Is there a person in the image?	Yes,	Yes
['/content/data/coco/val2014/COCO_val2014_000000120792.jpg']	Is there a dining table in the image?	No,	No
['/content/data/coco/val2014/COCO_val2014_000000120792.jpg']	Is there a remote in the image?	Yes,	Yes
['/content/data/coco/val2014/COCO_val2014_000000120792.jpg']	Is there a car in the image?	No,	No
['/content/data/coco/val2014/COCO_val2014_000000120792.jpg']	Is there a chair in the image?	Yes,	Yes
['/content/data/coco/val2014/COCO_val2014_000000120792.jpg']	Is there a backpack in the image?	Yes,	No
['/content/data/coco/val2014/COCO_val2014_000000125524.jpg']	Is there a person in the image?	No,	Yes
['/content/data/coco/val2014/COCO_val2014_000000125524.jpg']	Is there a dining table in the image?	No,	No
['/content/data/coco/val2014/COCO_val2014_000000125524.jpg']	Is there a bus in the image?	Yes,	Yes
['/content/data/coco/val2014/COCO_val2014_000000125524.jpg']	Is there a car in the image?	Yes,	No
['/content/data/coco/val2014/COCO_val2014_000000125524.jpg']	Is there a fire hydrant in the image?	Yes,	Yes
['/content/data/coco/val2014/COCO_val2014_000000125524.jpg']	Is there a chair in the image?	No,	No
['/content/data/coco/val2014/COCO_val2014_000000196053.jpg']	Is there a person in the image?	Yes,	Yes
['/content/data/coco/val2014/COCO_val2014_000000196053.jpg']	Is there a dining table in the image?	No,	No
['/content/data/coco/val2014/COCO_val2014_000000196053.jpg']	Is there a sports ball in the image?	Yes,	Yes
['/content/data/coco/val2014/COCO_val2014_000000196053.jpg']	Is there a car in the image?	No,	No
['/content/data/coco/val2014/COCO_val2014_000000196053.jpg']	Is there a tennis racket in the image?	Yes,	Yes
['/content/data/coco/val2014/COCO_val2014_000000196053.jpg']	Is there a chair in the image?	No,	No
['/content/data/coco/val2014/COCO_val2014_000000156704.jpg']	Is there a person in the image?	Yes,	Yes
['/content/data/coco/val2014/COCO_val2014_000000156704.jpg']	Is there a dining table in the image?	No,	No
['/content/data/coco/val2014/COCO_val2014_000000156704.jpg']	Is there a surfboard in the image?	Yes,	Yes
['/content/data/coco/val2014/COCO_val2014_000000156704.jpg']	Is there a car in the image?	No,	No
['/content/data/coco/val2014/COCO_val2014_000000156704.jpg']	Is there an umbrella in the image?	Yes,	Yes
['/content/data/coco/val2014/COCO_val2014_000000156704.jpg']	Is there a chair in the image?	Yes,	No
['/content/data/coco/val2014/COCO_val2014_000000088507.jpg']	Is there a backpack in the image?	Yes,	Yes
['/content/data/coco/val2014/COCO_val2014_000000088507.jpg']	Is there a dining table in the image?	No,	No
['/content/data/coco/val2014/COCO_val2014_000000088507.jpg']	Is there a person in the image?	Yes,	Yes
['/content/data/coco/val2014/COCO_val2014_000000088507.jpg']	Is there a car in the image?	No,	No
['/content/data/coco/val2014/COCO_val2014_000000088507.jpg']	Is there an orange in the image?	No,	Yes
['/content/data/coco/val2014/COCO_val2014_000000088507.jpg']	Is there a chair in the image?	No,	No
['/content/data/coco/val2014/COCO_val2014_000000279499.jpg']	Is there a person in the image?	No,	Yes
['/content/data/coco/val2014/COCO_val2014_000000279499.jpg']	Is there a dining table in the image?	No,	No
['/content/data/coco/val2014/COCO_val2014_000000279499.jpg']	Is there a bus in the image?	Yes,	Yes
['/content/data/coco/val2014/COCO_val2014_000000279499.jpg']	Is there a car in the image?	No,	No
['/content/data/coco/val2014/COCO_val2014_000000279499.jpg']	Is there an umbrella in the image?	Yes,	Yes
['/content/data/coco/val2014/COCO_val2014_000000279499.jpg']	Is there a chair in the image?	No,	No
['/content/data/coco/val2014/COCO_val2014_000000155131.jpg']	Is there a person in the image?	Yes,	Yes
['/content/data/coco/val2014/COCO_val2014_000000155131.jpg']	Is there a dining table in the image?	No,	No
['/content/data/coco/val2014/COCO_val2014_000000155131.jpg']	Is there a sports ball in the image?	Yes,	Yes
['/content/data/coco/val2014/COCO_val2014_000000155131.jpg']	Is there a car in the image?	No,	No
['/content/data/coco/val2014/COCO_val2014_000000155131.jpg']	Is there a tennis racket in the image?	Yes,	Yes
['/content/data/coco/val2014/COCO_val2014_000000155131.jpg']	Is there a chair in the image?	Yes,	No
['/content/data/coco/val2014/COCO_val2014_000000252135.jpg']	Is there a chair in the image?	Yes,	Yes
['/content/data/coco/val2014/COCO_val2014_000000252135.jpg']	Is there a dining table in the image?	Yes,	No
['/content/data/coco/val2014/COCO_val2014_000000252135.jpg']	Is there a person in the image?	Yes,	Yes
['/content/data/coco/val2014/COCO_val2014_000000252135.jpg']	Is there a car in the image?	No,	No
['/content/data/coco/val2014/COCO_val2014_000000252135.jpg']	Is there a couch in the image?	Yes,	Yes
['/content/data/coco/val2014/COCO_val2014_000000252135.jpg']	Is there a cup in the image?	No,	No
['/content/data/coco/val2014/COCO_val2014_000000501652.jpg']	Is there a chair in the image?	No,	Yes
['/content/data/coco/val2014/COCO_val2014_000000501652.jpg']	Is there a dining table in the image?	No,	No
['/content/data/coco/val2014/COCO_val2014_000000501652.jpg']	Is there a person in the image?	Yes,	Yes
['/content/data/coco/val2014/COCO_val2014_000000501652.jpg']	Is there a cup in the image?	No,	No
['/content/data/coco/val2014/COCO_val2014_000000501652.jpg']	Is there a car in the image?	Yes,	Yes
['/content/data/coco/val2014/COCO_val2014_000000501652.jpg']	Is there a bottle in the image?	Yes,	No
['/content/data/coco/val2014/COCO_val2014_000000238691.jpg']	Is there a backpack in the image?	Yes,	Yes
['/content/data/coco/val2014/COCO_val2014_000000238691.jpg']	Is there a dining table in the image?	No,	No
['/content/data/coco/val2014/COCO_val2014_000000238691.jpg']	Is there a person in the image?	Yes,	Yes
['/content/data/coco/val2014/COCO_val2014_000000238691.jpg']	Is there a car in the image?	No,	No
['/content/data/coco/val2014/COCO_val2014_000000238691.jpg']	Is there a handbag in the image?	Yes,	Yes
['/content/data/coco/val2014/COCO_val2014_000000238691.jpg']	Is there a chair in the image?	No,	No
['/content/data/coco/val2014/COCO_val2014_000000332908.jpg']	Is there a bowl in the image?	Yes,	Yes
['/content/data/coco/val2014/COCO_val2014_000000332908.jpg']	Is there a person in the image?	No,	No
['/content/data/coco/val2014/COCO_val2014_000000332908.jpg']	Is there a bottle in the image?	Yes,	Yes
['/content/data/coco/val2014/COCO_val2014_000000332908.jpg']	Is there a dining table in the image?	No,	No
['/content/data/coco/val2014/COCO_val2014_000000332908.jpg']	Is there an oven in the image?	Yes,	Yes
['/content/data/coco/val2014/COCO_val2014_000000332908.jpg']	Is there a car in the image?	No,	No
['/content/data/coco/val2014/COCO_val2014_000000372819.jpg']	Is there a dog in the image?	Yes,	Yes
['/content/data/coco/val2014/COCO_val2014_000000372819.jpg']	Is there a car in the image?	No,	No
['/content/data/coco/val2014/COCO_val2014_000000372819.jpg']	Is there a person in the image?	Yes,	Yes
['/content/data/coco/val2014/COCO_val2014_000000372819.jpg']	Is there a chair in the image?	Yes,	No
['/content/data/coco/val2014/COCO_val2014_000000372819.jpg']	Is there a bench in the image?	Yes,	Yes
['/content/data/coco/val2014/COCO_val2014_000000372819.jpg']	Is there a cup in the image?	Yes,	No
['/content/data/coco/val2014/COCO_val2014_000000470699.jpg']	Is there a dog in the image?	Yes,	Yes
['/content/data/coco/val2014/COCO_val2014_000000470699.jpg']	Is there a dining table in the image?	No,	No
['/content/data/coco/val2014/COCO_val2014_000000470699.jpg']	Is there a person in the image?	Yes,	Yes
['/content/data/coco/val2014/COCO_val2014_000000470699.jpg']	Is there a car in the image?	No,	No
['/content/data/coco/val2014/COCO_val2014_000000470699.jpg']	Is there a surfboard in the image?	Yes,	Yes
['/content/data/coco/val2014/COCO_val2014_000000470699.jpg']	Is there a chair in the image?	No,	No
['/content/data/coco/val2014/COCO_val2014_000000023084.jpg']	Is there a person in the image?	Yes,	Yes
['/content/data/coco/val2014/COCO_val2014_000000023084.jpg']	Is there a dining table in the image?	No,	No
['/content/data/coco/val2014/COCO_val2014_000000023084.jpg']	Is there a sports ball in the image?	Yes,	Yes
['/content/data/coco/val2014/COCO_val2014_000000023084.jpg']	Is there a car in the image?	No,	No
['/content/data/coco/val2014/COCO_val2014_000000023084.jpg']	Is there a tennis racket in the image?	Yes,	Yes
['/content/data/coco/val2014/COCO_val2014_000000023084.jpg']	Is there a chair in the image?	No,	No
['/content/data/coco/val2014/COCO_val2014_000000545353.jpg']	Is there a pizza in the image?	Yes,	Yes
['/content/data/coco/val2014/COCO_val2014_000000545353.jpg']	Is there a car in the image?	No,	No
['/content/data/coco/val2014/COCO_val2014_000000545353.jpg']	Is there a person in the image?	Yes,	Yes
['/content/data/coco/val2014/COCO_val2014_000000545353.jpg']	Is there a chair in the image?	No,	No
['/content/data/coco/val2014/COCO_val2014_000000545353.jpg']	Is there a sink in the image?	Yes,	Yes
['/content/data/coco/val2014/COCO_val2014_000000545353.jpg']	Is there a cup in the image?	No,	No
['/content/data/coco/val2014/COCO_val2014_000000394535.jpg']	Is there a backpack in the image?	Yes,	Yes
['/content/data/coco/val2014/COCO_val2014_000000394535.jpg']	Is there a dining table in the image?	No,	No
['/content/data/coco/val2014/COCO_val2014_000000394535.jpg']	Is there a person in the image?	Yes,	Yes
['/content/data/coco/val2014/COCO_val2014_000000394535.jpg']	Is there a chair in the image?	No,	No
['/content/data/coco/val2014/COCO_val2014_000000394535.jpg']	Is there a handbag in the image?	Yes,	Yes
['/content/data/coco/val2014/COCO_val2014_000000394535.jpg']	Is there a cup in the image?	No,	No
['/content/data/coco/val2014/COCO_val2014_000000579415.jpg']	Is there a traffic light in the image?	Yes,	Yes
['/content/data/coco/val2014/COCO_val2014_000000579415.jpg']	Is there a dining table in the image?	No,	No
['/content/data/coco/val2014/COCO_val2014_000000579415.jpg']	Is there a person in the image?	Yes,	Yes
['/content/data/coco/val2014/COCO_val2014_000000579415.jpg']	Is there a car in the image?	Yes,	No
['/content/data/coco/val2014/COCO_val2014_000000579415.jpg']	Is there a handbag in the image?	Yes,	Yes
['/content/data/coco/val2014/COCO_val2014_000000579415.jpg']	Is there a chair in the image?	No,	No
['/content/data/coco/val2014/COCO_val2014_000000233521.jpg']	Is there a person in the image?	Yes,	Yes
['/content/data/coco/val2014/COCO_val2014_000000233521.jpg']	Is there a dining table in the image?	Yes,	No
['/content/data/coco/val2014/COCO_val2014_000000233521.jpg']	Is there a couch in the image?	Yes,	Yes
['/content/data/coco/val2014/COCO_val2014_000000233521.jpg']	Is there a car in the image?	No,	No
['/content/data/coco/val2014/COCO_val2014_000000233521.jpg']	Is there a bottle in the image?	Yes,	Yes
['/content/data/coco/val2014/COCO_val2014_000000233521.jpg']	Is there a chair in the image?	Yes,	No
['/content/data/coco/val2014/COCO_val2014_000000355256.jpg']	Is there a person in the image?	Yes,	Yes
['/content/data/coco/val2014/COCO_val2014_000000355256.jpg']	Is there a dining table in the image?	Yes,	No
['/content/data/coco/val2014/COCO_val2014_000000355256.jpg']	Is there a bottle in the image?	Yes,	Yes
['/content/data/coco/val2014/COCO_val2014_000000355256.jpg']	Is there a car in the image?	No,	No
['/content/data/coco/val2014/COCO_val2014_000000355256.jpg']	Is there a chair in the image?	No,	Yes
['/content/data/coco/val2014/COCO_val2014_000000355256.jpg']	Is there a cup in the image?	No,	No
['/content/data/coco/val2014/COCO_val2014_000000304819.jpg']	Is there a tv in the image?	Yes,	Yes
['/content/data/coco/val2014/COCO_val2014_000000304819.jpg']	Is there a person in the image?	Yes,	No
['/content/data/coco/val2014/COCO_val2014_000000304819.jpg']	Is there a cat in the image?	Yes,	Yes
['/content/data/coco/val2014/COCO_val2014_000000304819.jpg']	Is there a car in the image?	No,	No
['/content/data/coco/val2014/COCO_val2014_000000304819.jpg']	Is there a laptop in the image?	No,	Yes
['/content/data/coco/val2014/COCO_val2014_000000304819.jpg']	Is there a chair in the image?	Yes,	No
['/content/data/coco/val2014/COCO_val2014_000000240434.jpg']	Is there a clock in the image?	Yes,	Yes
['/content/data/coco/val2014/COCO_val2014_000000240434.jpg']	Is there a dining table in the image?	Yes,	No
['/content/data/coco/val2014/COCO_val2014_000000240434.jpg']	Is there a person in the image?	No,	Yes
['/content/data/coco/val2014/COCO_val2014_000000240434.jpg']	Is there a car in the image?	No,	No
['/content/data/coco/val2014/COCO_val2014_000000240434.jpg']	Is there a remote in the image?	Yes,	Yes
['/content/data/coco/val2014/COCO_val2014_000000240434.jpg']	Is there a cup in the image?	Yes,	No
['/content/data/coco/val2014/COCO_val2014_000000199940.jpg']	Is there a backpack in the image?	Yes,	Yes
['/content/data/coco/val2014/COCO_val2014_000000199940.jpg']	Is there a person in the image?	Yes,	No
['/content/data/coco/val2014/COCO_val2014_000000199940.jpg']	Is there a bowl in the image?	No,	Yes
['/content/data/coco/val2014/COCO_val2014_000000199940.jpg']	Is there a dining table in the image?	Yes,	No
['/content/data/coco/val2014/COCO_val2014_000000199940.jpg']	Is there a bottle in the image?	Yes,	Yes
['/content/data/coco/val2014/COCO_val2014_000000199940.jpg']	Is there a car in the image?	No,	No
['/content/data/coco/val2014/COCO_val2014_000000549390.jpg']	Is there a backpack in the image?	Yes,	Yes
['/content/data/coco/val2014/COCO_val2014_000000549390.jpg']	Is there a dining table in the image?	No,	No
['/content/data/coco/val2014/COCO_val2014_000000549390.jpg']	Is there a person in the image?	Yes,	Yes
['/content/data/coco/val2014/COCO_val2014_000000549390.jpg']	Is there a car in the image?	No,	No
['/content/data/coco/val2014/COCO_val2014_000000549390.jpg']	Is there a bicycle in the image?	Yes,	Yes
['/content/data/coco/val2014/COCO_val2014_000000549390.jpg']	Is there a chair in the image?	No,	No
['/content/data/coco/val2014/COCO_val2014_000000235541.jpg']	Is there a giraffe in the image?	No,	Yes
['/content/data/coco/val2014/COCO_val2014_000000235541.jpg']	Is there a dining table in the image?	No,	No
['/content/data/coco/val2014/COCO_val2014_000000235541.jpg']	Is there a person in the image?	Yes,	Yes
['/content/data/coco/val2014/COCO_val2014_000000235541.jpg']	Is there a car in the image?	No,	No
['/content/data/coco/val2014/COCO_val2014_000000235541.jpg']	Is there a tie in the image?	Yes,	Yes
['/content/data/coco/val2014/COCO_val2014_000000235541.jpg']	Is there a chair in the image?	Yes,	No
['/content/data/coco/val2014/COCO_val2014_000000068418.jpg']	Is there a tv in the image?	No,	Yes
['/content/data/coco/val2014/COCO_val2014_000000068418.jpg']	Is there a person in the image?	No,	No
['/content/data/coco/val2014/COCO_val2014_000000068418.jpg']	Is there a mouse in the image?	Yes,	Yes
['/content/data/coco/val2014/COCO_val2014_000000068418.jpg']	Is there a dining table in the image?	No,	No
['/content/data/coco/val2014/COCO_val2014_000000068418.jpg']	Is there a laptop in the image?	Yes,	Yes
['/content/data/coco/val2014/COCO_val2014_000000068418.jpg']	Is there a car in the image?	No,	No
['/content/data/coco/val2014/COCO_val2014_000000368541.jpg']	Is there a backpack in the image?	Yes,	Yes
['/content/data/coco/val2014/COCO_val2014_000000368541.jpg']	Is there a dining table in the image?	No,	No
['/content/data/coco/val2014/COCO_val2014_000000368541.jpg']	Is there a truck in the image?	Yes,	Yes
['/content/data/coco/val2014/COCO_val2014_000000368541.jpg']	Is there a car in the image?	No,	No
['/content/data/coco/val2014/COCO_val2014_000000368541.jpg']	Is there a person in the image?	Yes,	Yes
['/content/data/coco/val2014/COCO_val2014_000000368541.jpg']	Is there a chair in the image?	Yes,	No
['/content/data/coco/val2014/COCO_val2014_000000006033.jpg']	Is there a person in the image?	Yes,	Yes
['/content/data/coco/val2014/COCO_val2014_000000006033.jpg']	Is there a dining table in the image?	No,	No
['/content/data/coco/val2014/COCO_val2014_000000006033.jpg']	Is there a suitcase in the image?	Yes,	Yes
['/content/data/coco/val2014/COCO_val2014_000000006033.jpg']	Is there a car in the image?	Yes,	No
['/content/data/coco/val2014/COCO_val2014_000000006033.jpg']	Is there a bus in the image?	Yes,	Yes
['/content/data/coco/val2014/COCO_val2014_000000006033.jpg']	Is there a chair in the image?	No,	No
['/content/data/coco/val2014/COCO_val2014_000000021327.jpg']	Is there a tv in the image?	Yes,	Yes
['/content/data/coco/val2014/COCO_val2014_000000021327.jpg']	Is there a person in the image?	No,	No
['/content/data/coco/val2014/COCO_val2014_000000021327.jpg']	Is there a pizza in the image?	Yes,	Yes
['/content/data/coco/val2014/COCO_val2014_000000021327.jpg']	Is there a car in the image?	No,	No
['/content/data/coco/val2014/COCO_val2014_000000021327.jpg']	Is there a dining table in the image?	Yes,	Yes
['/content/data/coco/val2014/COCO_val2014_000000021327.jpg']	Is there a chair in the image?	Yes,	No
['/content/data/coco/val2014/COCO_val2014_000000390157.jpg']	Is there a wine glass in the image?	Yes,	Yes
['/content/data/coco/val2014/COCO_val2014_000000390157.jpg']	Is there a car in the image?	No,	No
['/content/data/coco/val2014/COCO_val2014_000000390157.jpg']	Is there a person in the image?	Yes,	Yes
['/content/data/coco/val2014/COCO_val2014_000000390157.jpg']	Is there a chair in the image?	No,	No
['/content/data/coco/val2014/COCO_val2014_000000390157.jpg']	Is there a bottle in the image?	Yes,	Yes
['/content/data/coco/val2014/COCO_val2014_000000390157.jpg']	Is there a cup in the image?	Yes,	No
['/content/data/coco/val2014/COCO_val2014_000000298633.jpg']	Is there a person in the image?	Yes,	Yes
['/content/data/coco/val2014/COCO_val2014_000000298633.jpg']	Is there a dining table in the image?	No,	No
['/content/data/coco/val2014/COCO_val2014_000000298633.jpg']	Is there a sports ball in the image?	No,	Yes
['/content/data/coco/val2014/COCO_val2014_000000298633.jpg']	Is there a car in the image?	No,	No
['/content/data/coco/val2014/COCO_val2014_000000298633.jpg']	Is there a tennis racket in the image?	Yes,	Yes
['/content/data/coco/val2014/COCO_val2014_000000298633.jpg']	Is there a chair in the image?	No,	No
['/content/data/coco/val2014/COCO_val2014_000000579277.jpg']	Is there a person in the image?	Yes,	Yes
['/content/data/coco/val2014/COCO_val2014_000000579277.jpg']	Is there a dining table in the image?	Yes,	No
['/content/data/coco/val2014/COCO_val2014_000000579277.jpg']	Is there a motorcycle in the image?	Yes,	Yes
['/content/data/coco/val2014/COCO_val2014_000000579277.jpg']	Is there a car in the image?	No,	No
['/content/data/coco/val2014/COCO_val2014_000000579277.jpg']	Is there a carrot in the image?	Yes,	Yes
['/content/data/coco/val2014/COCO_val2014_000000579277.jpg']	Is there a chair in the image?	Yes,	No
['/content/data/coco/val2014/COCO_val2014_000000042685.jpg']	Is there a person in the image?	Yes,	Yes
['/content/data/coco/val2014/COCO_val2014_000000042685.jpg']	Is there a dining table in the image?	No,	No
['/content/data/coco/val2014/COCO_val2014_000000042685.jpg']	Is there a bowl in the image?	Yes,	Yes
['/content/data/coco/val2014/COCO_val2014_000000042685.jpg']	Is there a car in the image?	No,	No
['/content/data/coco/val2014/COCO_val2014_000000042685.jpg']	Is there a pizza in the image?	Yes,	Yes
['/content/data/coco/val2014/COCO_val2014_000000042685.jpg']	Is there a chair in the image?	No,	No
['/content/data/coco/val2014/COCO_val2014_000000553992.jpg']	Is there a tv in the image?	Yes,	Yes
['/content/data/coco/val2014/COCO_val2014_000000553992.jpg']	Is there a dining table in the image?	No,	No
['/content/data/coco/val2014/COCO_val2014_000000553992.jpg']	Is there a person in the image?	Yes,	Yes
['/content/data/coco/val2014/COCO_val2014_000000553992.jpg']	Is there a car in the image?	No,	No
['/content/data/coco/val2014/COCO_val2014_000000553992.jpg']	Is there a remote in the image?	Yes,	Yes
['/content/data/coco/val2014/COCO_val2014_000000553992.jpg']	Is there a cup in the image?	No,	No
['/content/data/coco/val2014/COCO_val2014_000000243158.jpg']	Is there a vase in the image?	Yes,	Yes
['/content/data/coco/val2014/COCO_val2014_000000243158.jpg']	Is there a person in the image?	No,	No
['/content/data/coco/val2014/COCO_val2014_000000243158.jpg']	Is there a couch in the image?	Yes,	Yes
['/content/data/coco/val2014/COCO_val2014_000000243158.jpg']	Is there a car in the image?	No,	No
['/content/data/coco/val2014/COCO_val2014_000000243158.jpg']	Is there a bottle in the image?	Yes,	Yes
['/content/data/coco/val2014/COCO_val2014_000000243158.jpg']	Is there a chair in the image?	Yes,	No
['/content/data/coco/val2014/COCO_val2014_000000303971.jpg']	Is there a tv in the image?	Yes,	Yes
['/content/data/coco/val2014/COCO_val2014_000000303971.jpg']	Is there a dining table in the image?	Yes,	No
['/content/data/coco/val2014/COCO_val2014_000000303971.jpg']	Is there a person in the image?	Yes,	Yes
['/content/data/coco/val2014/COCO_val2014_000000303971.jpg']	Is there a car in the image?	No,	No
['/content/data/coco/val2014/COCO_val2014_000000303971.jpg']	Is there a remote in the image?	Yes,	Yes
['/content/data/coco/val2014/COCO_val2014_000000303971.jpg']	Is there a chair in the image?	Yes,	No
['/content/data/coco/val2014/COCO_val2014_000000405762.jpg']	Is there a car in the image?	Yes,	Yes
['/content/data/coco/val2014/COCO_val2014_000000405762.jpg']	Is there a dining table in the image?	No,	No
['/content/data/coco/val2014/COCO_val2014_000000405762.jpg']	Is there a truck in the image?	Yes,	Yes
['/content/data/coco/val2014/COCO_val2014_000000405762.jpg']	Is there a chair in the image?	No,	No
['/content/data/coco/val2014/COCO_val2014_000000405762.jpg']	Is there a sports ball in the image?	Yes,	Yes
['/content/data/coco/val2014/COCO_val2014_000000405762.jpg']	Is there a cup in the image?	No,	No
['/content/data/coco/val2014/COCO_val2014_000000343967.jpg']	Is there a clock in the image?	Yes,	Yes
['/content/data/coco/val2014/COCO_val2014_000000343967.jpg']	Is there a person in the image?	No,	No
['/content/data/coco/val2014/COCO_val2014_000000343967.jpg']	Is there a couch in the image?	Yes,	Yes
['/content/data/coco/val2014/COCO_val2014_000000343967.jpg']	Is there a dining table in the image?	Yes,	No
['/content/data/coco/val2014/COCO_val2014_000000343967.jpg']	Is there a potted plant in the image?	Yes,	Yes
['/content/data/coco/val2014/COCO_val2014_000000343967.jpg']	Is there a car in the image?	No,	No
['/content/data/coco/val2014/COCO_val2014_000000477598.jpg']	Is there a dog in the image?	Yes,	Yes
['/content/data/coco/val2014/COCO_val2014_000000477598.jpg']	Is there a dining table in the image?	No,	No
['/content/data/coco/val2014/COCO_val2014_000000477598.jpg']	Is there a person in the image?	Yes,	Yes
['/content/data/coco/val2014/COCO_val2014_000000477598.jpg']	Is there a car in the image?	No,	No
['/content/data/coco/val2014/COCO_val2014_000000477598.jpg']	Is there a frisbee in the image?	Yes,	Yes
['/content/data/coco/val2014/COCO_val2014_000000477598.jpg']	Is there a chair in the image?	No,	No
['/content/data/coco/val2014/COCO_val2014_000000044993.jpg']	Is there a banana in the image?	Yes,	Yes
['/content/data/coco/val2014/COCO_val2014_000000044993.jpg']	Is there a person in the image?	No,	No
['/content/data/coco/val2014/COCO_val2014_000000044993.jpg']	Is there a bowl in the image?	No,	Yes
['/content/data/coco/val2014/COCO_val2014_000000044993.jpg']	Is there a dining table in the image?	No,	No
['/content/data/coco/val2014/COCO_val2014_000000044993.jpg']	Is there an orange in the image?	Yes,	Yes
['/content/data/coco/val2014/COCO_val2014_000000044993.jpg']	Is there a car in the image?	No,	No
['/content/data/coco/val2014/COCO_val2014_000000381195.jpg']	Is there a bowl in the image?	Yes,	Yes
['/content/data/coco/val2014/COCO_val2014_000000381195.jpg']	Is there a person in the image?	No,	No
['/content/data/coco/val2014/COCO_val2014_000000381195.jpg']	Is there a broccoli in the image?	Yes,	Yes
['/content/data/coco/val2014/COCO_val2014_000000381195.jpg']	Is there a car in the image?	No,	No
['/content/data/coco/val2014/COCO_val2014_000000381195.jpg']	Is there a dining table in the image?	Yes,	Yes
['/content/data/coco/val2014/COCO_val2014_000000381195.jpg']	Is there a chair in the image?	No,	No
['/content/data/coco/val2014/COCO_val2014_000000337502.jpg']	Is there a pizza in the image?	Yes,	Yes
['/content/data/coco/val2014/COCO_val2014_000000337502.jpg']	Is there a person in the image?	No,	No
['/content/data/coco/val2014/COCO_val2014_000000337502.jpg']	Is there a broccoli in the image?	Yes,	Yes
['/content/data/coco/val2014/COCO_val2014_000000337502.jpg']	Is there a dining table in the image?	Yes,	No
['/content/data/coco/val2014/COCO_val2014_000000337502.jpg']	Is there an oven in the image?	Yes,	Yes
['/content/data/coco/val2014/COCO_val2014_000000337502.jpg']	Is there a car in the image?	No,	No
['/content/data/coco/val2014/COCO_val2014_000000325347.jpg']	Is there a backpack in the image?	Yes,	Yes
['/content/data/coco/val2014/COCO_val2014_000000325347.jpg']	Is there a dining table in the image?	No,	No
['/content/data/coco/val2014/COCO_val2014_000000325347.jpg']	Is there a person in the image?	Yes,	Yes
['/content/data/coco/val2014/COCO_val2014_000000325347.jpg']	Is there a car in the image?	No,	No
['/content/data/coco/val2014/COCO_val2014_000000325347.jpg']	Is there a sports ball in the image?	No,	Yes
['/content/data/coco/val2014/COCO_val2014_000000325347.jpg']	Is there a cup in the image?	Yes,	No
['/content/data/coco/val2014/COCO_val2014_000000256906.jpg']	Is there a traffic light in the image?	Yes,	Yes
['/content/data/coco/val2014/COCO_val2014_000000256906.jpg']	Is there a dining table in the image?	No,	No
['/content/data/coco/val2014/COCO_val2014_000000256906.jpg']	Is there a person in the image?	Yes,	Yes
['/content/data/coco/val2014/COCO_val2014_000000256906.jpg']	Is there a chair in the image?	No,	No
['/content/data/coco/val2014/COCO_val2014_000000256906.jpg']	Is there a truck in the image?	Yes,	Yes
['/content/data/coco/val2014/COCO_val2014_000000256906.jpg']	Is there a cup in the image?	No,	No
['/content/data/coco/val2014/COCO_val2014_000000061507.jpg']	Is there a person in the image?	Yes,	Yes
['/content/data/coco/val2014/COCO_val2014_000000061507.jpg']	Is there a dining table in the image?	Yes,	No
['/content/data/coco/val2014/COCO_val2014_000000061507.jpg']	Is there a bicycle in the image?	Yes,	Yes
['/content/data/coco/val2014/COCO_val2014_000000061507.jpg']	Is there a car in the image?	No,	No
['/content/data/coco/val2014/COCO_val2014_000000061507.jpg']	Is there a suitcase in the image?	No,	Yes
['/content/data/coco/val2014/COCO_val2014_000000061507.jpg']	Is there a chair in the image?	Yes,	No
['/content/data/coco/val2014/COCO_val2014_000000084410.jpg']	Is there a vase in the image?	Yes,	Yes
['/content/data/coco/val2014/COCO_val2014_000000084410.jpg']	Is there a person in the image?	No,	No
['/content/data/coco/val2014/COCO_val2014_000000084410.jpg']	Is there a wine glass in the image?	Yes,	Yes
['/content/data/coco/val2014/COCO_val2014_000000084410.jpg']	Is there a dining table in the image?	Yes,	No
['/content/data/coco/val2014/COCO_val2014_000000084410.jpg']	Is there a cup in the image?	Yes,	Yes
['/content/data/coco/val2014/COCO_val2014_000000084410.jpg']	Is there a car in the image?	No,	No
['/content/data/coco/val2014/COCO_val2014_000000288576.jpg']	Is there a person in the image?	Yes,	Yes
['/content/data/coco/val2014/COCO_val2014_000000288576.jpg']	Is there a dining table in the image?	No,	No
['/content/data/coco/val2014/COCO_val2014_000000288576.jpg']	Is there a bicycle in the image?	Yes,	Yes
['/content/data/coco/val2014/COCO_val2014_000000288576.jpg']	Is there a car in the image?	No,	No
['/content/data/coco/val2014/COCO_val2014_000000288576.jpg']	Is there a frisbee in the image?	Yes,	Yes
['/content/data/coco/val2014/COCO_val2014_000000288576.jpg']	Is there a chair in the image?	No,	No
['/content/data/coco/val2014/COCO_val2014_000000328301.jpg']	Is there a car in the image?	Yes,	Yes
['/content/data/coco/val2014/COCO_val2014_000000328301.jpg']	Is there a person in the image?	No,	No
['/content/data/coco/val2014/COCO_val2014_000000328301.jpg']	Is there a boat in the image?	Yes,	Yes
['/content/data/coco/val2014/COCO_val2014_000000328301.jpg']	Is there a dining table in the image?	No,	No
['/content/data/coco/val2014/COCO_val2014_000000328301.jpg']	Is there a fire hydrant in the image?	No,	Yes
['/content/data/coco/val2014/COCO_val2014_000000328301.jpg']	Is there a chair in the image?	No,	No
['/content/data/coco/val2014/COCO_val2014_000000307262.jpg']	Is there a bowl in the image?	Yes,	Yes
['/content/data/coco/val2014/COCO_val2014_000000307262.jpg']	Is there a person in the image?	No,	No
['/content/data/coco/val2014/COCO_val2014_000000307262.jpg']	Is there a fork in the image?	No,	Yes
['/content/data/coco/val2014/COCO_val2014_000000307262.jpg']	Is there a dining table in the image?	Yes,	No
['/content/data/coco/val2014/COCO_val2014_000000307262.jpg']	Is there a bottle in the image?	Yes,	Yes
['/content/data/coco/val2014/COCO_val2014_000000307262.jpg']	Is there a car in the image?	No,	No
['/content/data/coco/val2014/COCO_val2014_000000573796.jpg']	Is there a knife in the image?	Yes,	Yes
['/content/data/coco/val2014/COCO_val2014_000000573796.jpg']	Is there a person in the image?	Yes,	No
['/content/data/coco/val2014/COCO_val2014_000000573796.jpg']	Is there an apple in the image?	Yes,	Yes
['/content/data/coco/val2014/COCO_val2014_000000573796.jpg']	Is there a car in the image?	No,	No
['/content/data/coco/val2014/COCO_val2014_000000573796.jpg']	Is there a dining table in the image?	No,	Yes
['/content/data/coco/val2014/COCO_val2014_000000573796.jpg']	Is there a chair in the image?	No,	No
['/content/data/coco/val2014/COCO_val2014_000000154846.jpg']	Is there a pizza in the image?	Yes,	Yes
['/content/data/coco/val2014/COCO_val2014_000000154846.jpg']	Is there a car in the image?	No,	No
['/content/data/coco/val2014/COCO_val2014_000000154846.jpg']	Is there a person in the image?	Yes,	Yes
['/content/data/coco/val2014/COCO_val2014_000000154846.jpg']	Is there a chair in the image?	No,	No
['/content/data/coco/val2014/COCO_val2014_000000154846.jpg']	Is there a dining table in the image?	Yes,	Yes
['/content/data/coco/val2014/COCO_val2014_000000154846.jpg']	Is there a cup in the image?	No,	No
['/content/data/coco/val2014/COCO_val2014_000000472375.jpg']	Is there a dog in the image?	Yes,	Yes
['/content/data/coco/val2014/COCO_val2014_000000472375.jpg']	Is there a person in the image?	No,	No
['/content/data/coco/val2014/COCO_val2014_000000472375.jpg']	Is there a motorcycle in the image?	Yes,	Yes
['/content/data/coco/val2014/COCO_val2014_000000472375.jpg']	Is there a dining table in the image?	Yes,	No
['/content/data/coco/val2014/COCO_val2014_000000472375.jpg']	Is there a cup in the image?	Yes,	Yes
['/content/data/coco/val2014/COCO_val2014_000000472375.jpg']	Is there a car in the image?	No,	No
['/content/data/coco/val2014/COCO_val2014_000000446651.jpg']	Is there a person in the image?	Yes,	Yes
['/content/data/coco/val2014/COCO_val2014_000000446651.jpg']	Is there a dining table in the image?	No,	No
['/content/data/coco/val2014/COCO_val2014_000000446651.jpg']	Is there a motorcycle in the image?	No,	Yes
['/content/data/coco/val2014/COCO_val2014_000000446651.jpg']	Is there a chair in the image?	No,	No
['/content/data/coco/val2014/COCO_val2014_000000446651.jpg']	Is there a car in the image?	Yes,	Yes
['/content/data/coco/val2014/COCO_val2014_000000446651.jpg']	Is there a cup in the image?	No,	No
['/content/data/coco/val2014/COCO_val2014_000000267684.jpg']	Is there a backpack in the image?	Yes,	Yes
['/content/data/coco/val2014/COCO_val2014_000000267684.jpg']	Is there a dining table in the image?	No,	No
['/content/data/coco/val2014/COCO_val2014_000000267684.jpg']	Is there a person in the image?	Yes,	Yes
['/content/data/coco/val2014/COCO_val2014_000000267684.jpg']	Is there a car in the image?	No,	No
['/content/data/coco/val2014/COCO_val2014_000000267684.jpg']	Is there a skis in the image?	Yes,	Yes
['/content/data/coco/val2014/COCO_val2014_000000267684.jpg']	Is there a chair in the image?	No,	No
['/content/data/coco/val2014/COCO_val2014_000000238029.jpg']	Is there a person in the image?	No,	Yes
['/content/data/coco/val2014/COCO_val2014_000000238029.jpg']	Is there a car in the image?	No,	No
['/content/data/coco/val2014/COCO_val2014_000000238029.jpg']	Is there a wine glass in the image?	Yes,	Yes
['/content/data/coco/val2014/COCO_val2014_000000238029.jpg']	Is there a chair in the image?	No,	No
['/content/data/coco/val2014/COCO_val2014_000000238029.jpg']	Is there a fork in the image?	No,	Yes
['/content/data/coco/val2014/COCO_val2014_000000238029.jpg']	Is there a cup in the image?	Yes,	No
['/content/data/coco/val2014/COCO_val2014_000000294475.jpg']	Is there a potted plant in the image?	Yes,	Yes
['/content/data/coco/val2014/COCO_val2014_000000294475.jpg']	Is there a person in the image?	No,	No
['/content/data/coco/val2014/COCO_val2014_000000294475.jpg']	Is there a bottle in the image?	Yes,	Yes
['/content/data/coco/val2014/COCO_val2014_000000294475.jpg']	Is there a car in the image?	No,	No
['/content/data/coco/val2014/COCO_val2014_000000294475.jpg']	Is there a dining table in the image?	Yes,	Yes
['/content/data/coco/val2014/COCO_val2014_000000294475.jpg']	Is there a backpack in the image?	No,	No
['/content/data/coco/val2014/COCO_val2014_000000149592.jpg']	Is there a person in the image?	Yes,	Yes
['/content/data/coco/val2014/COCO_val2014_000000149592.jpg']	Is there a dining table in the image?	No,	No
['/content/data/coco/val2014/COCO_val2014_000000149592.jpg']	Is there a bench in the image?	Yes,	Yes
['/content/data/coco/val2014/COCO_val2014_000000149592.jpg']	Is there a car in the image?	No,	No
['/content/data/coco/val2014/COCO_val2014_000000149592.jpg']	Is there a boat in the image?	Yes,	Yes
['/content/data/coco/val2014/COCO_val2014_000000149592.jpg']	Is there a chair in the image?	No,	No
['/content/data/coco/val2014/COCO_val2014_000000447787.jpg']	Is there a person in the image?	Yes,	Yes
['/content/data/coco/val2014/COCO_val2014_000000447787.jpg']	Is there a dining table in the image?	Yes,	No
['/content/data/coco/val2014/COCO_val2014_000000447787.jpg']	Is there a bowl in the image?	Yes,	Yes
['/content/data/coco/val2014/COCO_val2014_000000447787.jpg']	Is there a car in the image?	Yes,	No
['/content/data/coco/val2014/COCO_val2014_000000447787.jpg']	Is there a bottle in the image?	Yes,	Yes
['/content/data/coco/val2014/COCO_val2014_000000447787.jpg']	Is there a chair in the image?	No,	No
['/content/data/coco/val2014/COCO_val2014_000000458325.jpg']	Is there a car in the image?	Yes,	Yes
['/content/data/coco/val2014/COCO_val2014_000000458325.jpg']	Is there a dining table in the image?	No,	No
['/content/data/coco/val2014/COCO_val2014_000000458325.jpg']	Is there a traffic light in the image?	Yes,	Yes
['/content/data/coco/val2014/COCO_val2014_000000458325.jpg']	Is there a chair in the image?	No,	No
['/content/data/coco/val2014/COCO_val2014_000000458325.jpg']	Is there a person in the image?	Yes,	Yes
['/content/data/coco/val2014/COCO_val2014_000000458325.jpg']	Is there a cup in the image?	No,	No
['/content/data/coco/val2014/COCO_val2014_000000388237.jpg']	Is there a chair in the image?	No,	Yes
['/content/data/coco/val2014/COCO_val2014_000000388237.jpg']	Is there a dining table in the image?	Yes,	No
['/content/data/coco/val2014/COCO_val2014_000000388237.jpg']	Is there a person in the image?	Yes,	Yes
['/content/data/coco/val2014/COCO_val2014_000000388237.jpg']	Is there a car in the image?	No,	No
['/content/data/coco/val2014/COCO_val2014_000000388237.jpg']	Is there a skateboard in the image?	Yes,	Yes
['/content/data/coco/val2014/COCO_val2014_000000388237.jpg']	Is there a cup in the image?	Yes,	No
['/content/data/coco/val2014/COCO_val2014_000000038645.jpg']	Is there a chair in the image?	Yes,	Yes
['/content/data/coco/val2014/COCO_val2014_000000038645.jpg']	Is there a person in the image?	No,	No
['/content/data/coco/val2014/COCO_val2014_000000038645.jpg']	Is there a cup in the image?	No,	Yes
['/content/data/coco/val2014/COCO_val2014_000000038645.jpg']	Is there a dining table in the image?	Yes,	No
['/content/data/coco/val2014/COCO_val2014_000000038645.jpg']	Is there a potted plant in the image?	Yes,	Yes
['/content/data/coco/val2014/COCO_val2014_000000038645.jpg']	Is there a car in the image?	No,	No
['/content/data/coco/val2014/COCO_val2014_000000071738.jpg']	Is there a chair in the image?	Yes,	Yes
['/content/data/coco/val2014/COCO_val2014_000000071738.jpg']	Is there a dining table in the image?	No,	No
['/content/data/coco/val2014/COCO_val2014_000000071738.jpg']	Is there a person in the image?	Yes,	Yes
['/content/data/coco/val2014/COCO_val2014_000000071738.jpg']	Is there a car in the image?	No,	No
['/content/data/coco/val2014/COCO_val2014_000000071738.jpg']	Is there a motorcycle in the image?	No,	Yes
['/content/data/coco/val2014/COCO_val2014_000000071738.jpg']	Is there a cup in the image?	No,	No
['/content/data/coco/val2014/COCO_val2014_000000170077.jpg']	Is there a person in the image?	Yes,	Yes
['/content/data/coco/val2014/COCO_val2014_000000170077.jpg']	Is there a car in the image?	No,	No
['/content/data/coco/val2014/COCO_val2014_000000170077.jpg']	Is there a wine glass in the image?	Yes,	Yes
['/content/data/coco/val2014/COCO_val2014_000000170077.jpg']	Is there a cup in the image?	Yes,	No
['/content/data/coco/val2014/COCO_val2014_000000170077.jpg']	Is there a handbag in the image?	Yes,	Yes
['/content/data/coco/val2014/COCO_val2014_000000170077.jpg']	Is there a bottle in the image?	No,	No
['/content/data/coco/val2014/COCO_val2014_000000378751.jpg']	Is there a tv in the image?	Yes,	Yes
['/content/data/coco/val2014/COCO_val2014_000000378751.jpg']	Is there a person in the image?	No,	No
['/content/data/coco/val2014/COCO_val2014_000000378751.jpg']	Is there a couch in the image?	Yes,	Yes
['/content/data/coco/val2014/COCO_val2014_000000378751.jpg']	Is there a dining table in the image?	No,	No
['/content/data/coco/val2014/COCO_val2014_000000378751.jpg']	Is there a remote in the image?	Yes,	Yes
['/content/data/coco/val2014/COCO_val2014_000000378751.jpg']	Is there a car in the image?	No,	No
['/content/data/coco/val2014/COCO_val2014_000000073182.jpg']	Is there a person in the image?	Yes,	Yes
['/content/data/coco/val2014/COCO_val2014_000000073182.jpg']	Is there a dining table in the image?	No,	No
['/content/data/coco/val2014/COCO_val2014_000000073182.jpg']	Is there a handbag in the image?	Yes,	Yes
['/content/data/coco/val2014/COCO_val2014_000000073182.jpg']	Is there a chair in the image?	No,	No
['/content/data/coco/val2014/COCO_val2014_000000073182.jpg']	Is there a bicycle in the image?	No,	Yes
['/content/data/coco/val2014/COCO_val2014_000000073182.jpg']	Is there a cup in the image?	Yes,	No
['/content/data/coco/val2014/COCO_val2014_000000246928.jpg']	Is there a chair in the image?	Yes,	Yes
['/content/data/coco/val2014/COCO_val2014_000000246928.jpg']	Is there a person in the image?	No,	No
['/content/data/coco/val2014/COCO_val2014_000000246928.jpg']	Is there a car in the image?	No,	Yes
['/content/data/coco/val2014/COCO_val2014_000000246928.jpg']	Is there a dining table in the image?	No,	No
['/content/data/coco/val2014/COCO_val2014_000000246928.jpg']	Is there a bed in the image?	Yes,	Yes
['/content/data/coco/val2014/COCO_val2014_000000246928.jpg']	Is there a cup in the image?	No,	No
['/content/data/coco/val2014/COCO_val2014_000000528136.jpg']	Is there a truck in the image?	Yes,	Yes
['/content/data/coco/val2014/COCO_val2014_000000528136.jpg']	Is there a dining table in the image?	Yes,	No
['/content/data/coco/val2014/COCO_val2014_000000528136.jpg']	Is there a person in the image?	Yes,	Yes
['/content/data/coco/val2014/COCO_val2014_000000528136.jpg']	Is there a chair in the image?	Yes,	No
['/content/data/coco/val2014/COCO_val2014_000000528136.jpg']	Is there a car in the image?	No,	Yes
['/content/data/coco/val2014/COCO_val2014_000000528136.jpg']	Is there a cup in the image?	No,	No
['/content/data/coco/val2014/COCO_val2014_000000209290.jpg']	Is there a person in the image?	Yes,	Yes
['/content/data/coco/val2014/COCO_val2014_000000209290.jpg']	Is there a car in the image?	No,	No
['/content/data/coco/val2014/COCO_val2014_000000209290.jpg']	Is there a fork in the image?	Yes,	Yes
['/content/data/coco/val2014/COCO_val2014_000000209290.jpg']	Is there a bottle in the image?	Yes,	No
['/content/data/coco/val2014/COCO_val2014_000000209290.jpg']	Is there a dining table in the image?	Yes,	Yes
['/content/data/coco/val2014/COCO_val2014_000000209290.jpg']	Is there a backpack in the image?	No,	No
['/content/data/coco/val2014/COCO_val2014_000000564511.jpg']	Is there a person in the image?	Yes,	Yes
['/content/data/coco/val2014/COCO_val2014_000000564511.jpg']	Is there a dining table in the image?	No,	No
['/content/data/coco/val2014/COCO_val2014_000000564511.jpg']	Is there a wine glass in the image?	Yes,	Yes
['/content/data/coco/val2014/COCO_val2014_000000564511.jpg']	Is there a car in the image?	No,	No
['/content/data/coco/val2014/COCO_val2014_000000564511.jpg']	Is there a bottle in the image?	Yes,	Yes
['/content/data/coco/val2014/COCO_val2014_000000564511.jpg']	Is there a chair in the image?	No,	No
['/content/data/coco/val2014/COCO_val2014_000000200739.jpg']	Is there a truck in the image?	Yes,	Yes
['/content/data/coco/val2014/COCO_val2014_000000200739.jpg']	Is there a dining table in the image?	No,	No
['/content/data/coco/val2014/COCO_val2014_000000200739.jpg']	Is there a person in the image?	Yes,	Yes
['/content/data/coco/val2014/COCO_val2014_000000200739.jpg']	Is there a chair in the image?	No,	No
['/content/data/coco/val2014/COCO_val2014_000000200739.jpg']	Is there a horse in the image?	Yes,	Yes
['/content/data/coco/val2014/COCO_val2014_000000200739.jpg']	Is there a cup in the image?	No,	No
['/content/data/coco/val2014/COCO_val2014_000000462805.jpg']	Is there a snowboard in the image?	Yes,	Yes
['/content/data/coco/val2014/COCO_val2014_000000462805.jpg']	Is there a dining table in the image?	No,	No
['/content/data/coco/val2014/COCO_val2014_000000462805.jpg']	Is there a person in the image?	Yes,	Yes
['/content/data/coco/val2014/COCO_val2014_000000462805.jpg']	Is there a car in the image?	No,	No
['/content/data/coco/val2014/COCO_val2014_000000462805.jpg']	Is there a skis in the image?	Yes,	Yes
['/content/data/coco/val2014/COCO_val2014_000000462805.jpg']	Is there a chair in the image?	No,	No
['/content/data/coco/val2014/COCO_val2014_000000163575.jpg']	Is there a dog in the image?	Yes,	Yes
['/content/data/coco/val2014/COCO_val2014_000000163575.jpg']	Is there a dining table in the image?	No,	No
['/content/data/coco/val2014/COCO_val2014_000000163575.jpg']	Is there a person in the image?	Yes,	Yes
['/content/data/coco/val2014/COCO_val2014_000000163575.jpg']	Is there a car in the image?	No,	No
['/content/data/coco/val2014/COCO_val2014_000000163575.jpg']	Is there a bed in the image?	Yes,	Yes
['/content/data/coco/val2014/COCO_val2014_000000163575.jpg']	Is there a chair in the image?	No,	No
['/content/data/coco/val2014/COCO_val2014_000000059383.jpg']	Is there an oven in the image?	Yes,	Yes
['/content/data/coco/val2014/COCO_val2014_000000059383.jpg']	Is there a person in the image?	No,	No
['/content/data/coco/val2014/COCO_val2014_000000059383.jpg']	Is there a bottle in the image?	Yes,	Yes
['/content/data/coco/val2014/COCO_val2014_000000059383.jpg']	Is there a dining table in the image?	No,	No
['/content/data/coco/val2014/COCO_val2014_000000059383.jpg']	Is there a sink in the image?	Yes,	Yes
['/content/data/coco/val2014/COCO_val2014_000000059383.jpg']	Is there a car in the image?	No,	No
['/content/data/coco/val2014/COCO_val2014_000000478736.jpg']	Is there a traffic light in the image?	Yes,	Yes
['/content/data/coco/val2014/COCO_val2014_000000478736.jpg']	Is there a person in the image?	No,	No
['/content/data/coco/val2014/COCO_val2014_000000478736.jpg']	Is there a car in the image?	Yes,	Yes
['/content/data/coco/val2014/COCO_val2014_000000478736.jpg']	Is there a dining table in the image?	No,	No
['/content/data/coco/val2014/COCO_val2014_000000478736.jpg']	Is there a stop sign in the image?	No,	Yes
['/content/data/coco/val2014/COCO_val2014_000000478736.jpg']	Is there a chair in the image?	No,	No
['/content/data/coco/val2014/COCO_val2014_000000156282.jpg']	Is there a person in the image?	Yes,	Yes
['/content/data/coco/val2014/COCO_val2014_000000156282.jpg']	Is there a dining table in the image?	No,	No
['/content/data/coco/val2014/COCO_val2014_000000156282.jpg']	Is there a kite in the image?	Yes,	Yes
['/content/data/coco/val2014/COCO_val2014_000000156282.jpg']	Is there a car in the image?	No,	No
['/content/data/coco/val2014/COCO_val2014_000000156282.jpg']	Is there an umbrella in the image?	No,	Yes
['/content/data/coco/val2014/COCO_val2014_000000156282.jpg']	Is there a chair in the image?	No,	No
['/content/data/coco/val2014/COCO_val2014_000000052689.jpg']	Is there a person in the image?	Yes,	Yes
['/content/data/coco/val2014/COCO_val2014_000000052689.jpg']	Is there a dining table in the image?	No,	No
['/content/data/coco/val2014/COCO_val2014_000000052689.jpg']	Is there a bench in the image?	No,	Yes
['/content/data/coco/val2014/COCO_val2014_000000052689.jpg']	Is there a car in the image?	No,	No
['/content/data/coco/val2014/COCO_val2014_000000052689.jpg']	Is there a skis in the image?	Yes,	Yes
['/content/data/coco/val2014/COCO_val2014_000000052689.jpg']	Is there a chair in the image?	Yes,	No
['/content/data/coco/val2014/COCO_val2014_000000516601.jpg']	Is there a snowboard in the image?	Yes,	Yes
['/content/data/coco/val2014/COCO_val2014_000000516601.jpg']	Is there a dining table in the image?	No,	No
['/content/data/coco/val2014/COCO_val2014_000000516601.jpg']	Is there a person in the image?	Yes,	Yes
['/content/data/coco/val2014/COCO_val2014_000000516601.jpg']	Is there a car in the image?	No,	No
['/content/data/coco/val2014/COCO_val2014_000000516601.jpg']	Is there a skis in the image?	Yes,	Yes
['/content/data/coco/val2014/COCO_val2014_000000516601.jpg']	Is there a chair in the image?	No,	No
['/content/data/coco/val2014/COCO_val2014_000000562155.jpg']	Is there a person in the image?	Yes,	Yes
['/content/data/coco/val2014/COCO_val2014_000000562155.jpg']	Is there a dining table in the image?	No,	No
['/content/data/coco/val2014/COCO_val2014_000000562155.jpg']	Is there a car in the image?	Yes,	Yes
['/content/data/coco/val2014/COCO_val2014_000000562155.jpg']	Is there a chair in the image?	No,	No
['/content/data/coco/val2014/COCO_val2014_000000562155.jpg']	Is there a tie in the image?	Yes,	Yes
['/content/data/coco/val2014/COCO_val2014_000000562155.jpg']	Is there a cup in the image?	No,	No
['/content/data/coco/val2014/COCO_val2014_000000142056.jpg']	Is there a person in the image?	Yes,	Yes
['/content/data/coco/val2014/COCO_val2014_000000142056.jpg']	Is there a dining table in the image?	No,	No
['/content/data/coco/val2014/COCO_val2014_000000142056.jpg']	Is there a sports ball in the image?	No,	Yes
['/content/data/coco/val2014/COCO_val2014_000000142056.jpg']	Is there a car in the image?	No,	No
['/content/data/coco/val2014/COCO_val2014_000000142056.jpg']	Is there a tennis racket in the image?	Yes,	Yes
['/content/data/coco/val2014/COCO_val2014_000000142056.jpg']	Is there a chair in the image?	No,	No
['/content/data/coco/val2014/COCO_val2014_000000299986.jpg']	Is there a person in the image?	Yes,	Yes
['/content/data/coco/val2014/COCO_val2014_000000299986.jpg']	Is there a dining table in the image?	No,	No
['/content/data/coco/val2014/COCO_val2014_000000299986.jpg']	Is there a bench in the image?	Yes,	Yes
['/content/data/coco/val2014/COCO_val2014_000000299986.jpg']	Is there a car in the image?	No,	No
['/content/data/coco/val2014/COCO_val2014_000000299986.jpg']	Is there a cell phone in the image?	Yes,	Yes
['/content/data/coco/val2014/COCO_val2014_000000299986.jpg']	Is there a chair in the image?	Yes,	No
['/content/data/coco/val2014/COCO_val2014_000000521643.jpg']	Is there a vase in the image?	Yes,	Yes
['/content/data/coco/val2014/COCO_val2014_000000521643.jpg']	Is there a person in the image?	No,	No
['/content/data/coco/val2014/COCO_val2014_000000521643.jpg']	Is there a bottle in the image?	Yes,	Yes
['/content/data/coco/val2014/COCO_val2014_000000521643.jpg']	Is there a car in the image?	No,	No
['/content/data/coco/val2014/COCO_val2014_000000521643.jpg']	Is there a dining table in the image?	Yes,	Yes
['/content/data/coco/val2014/COCO_val2014_000000521643.jpg']	Is there a chair in the image?	No,	No
['/content/data/coco/val2014/COCO_val2014_000000574454.jpg']	Is there a person in the image?	Yes,	Yes
['/content/data/coco/val2014/COCO_val2014_000000574454.jpg']	Is there a dining table in the image?	No,	No
['/content/data/coco/val2014/COCO_val2014_000000574454.jpg']	Is there a surfboard in the image?	Yes,	Yes
['/content/data/coco/val2014/COCO_val2014_000000574454.jpg']	Is there a car in the image?	No,	No
['/content/data/coco/val2014/COCO_val2014_000000574454.jpg']	Is there a kite in the image?	Yes,	Yes
['/content/data/coco/val2014/COCO_val2014_000000574454.jpg']	Is there a chair in the image?	No,	No
['/content/data/coco/val2014/COCO_val2014_000000415727.jpg']	Is there a backpack in the image?	Yes,	Yes
['/content/data/coco/val2014/COCO_val2014_000000415727.jpg']	Is there a dining table in the image?	No,	No
['/content/data/coco/val2014/COCO_val2014_000000415727.jpg']	Is there a person in the image?	Yes,	Yes
['/content/data/coco/val2014/COCO_val2014_000000415727.jpg']	Is there a car in the image?	No,	No
['/content/data/coco/val2014/COCO_val2014_000000415727.jpg']	Is there a bench in the image?	Yes,	Yes
['/content/data/coco/val2014/COCO_val2014_000000415727.jpg']	Is there a chair in the image?	Yes,	No
['/content/data/coco/val2014/COCO_val2014_000000222118.jpg']	Is there a person in the image?	Yes,	Yes
['/content/data/coco/val2014/COCO_val2014_000000222118.jpg']	Is there a dining table in the image?	No,	No
['/content/data/coco/val2014/COCO_val2014_000000222118.jpg']	Is there a suitcase in the image?	No,	Yes
['/content/data/coco/val2014/COCO_val2014_000000222118.jpg']	Is there a car in the image?	No,	No
['/content/data/coco/val2014/COCO_val2014_000000222118.jpg']	Is there a handbag in the image?	Yes,	Yes
['/content/data/coco/val2014/COCO_val2014_000000222118.jpg']	Is there a chair in the image?	No,	No
['/content/data/coco/val2014/COCO_val2014_000000514292.jpg']	Is there a book in the image?	No,	Yes
['/content/data/coco/val2014/COCO_val2014_000000514292.jpg']	Is there a person in the image?	No,	No
['/content/data/coco/val2014/COCO_val2014_000000514292.jpg']	Is there a teddy bear in the image?	Yes,	Yes
['/content/data/coco/val2014/COCO_val2014_000000514292.jpg']	Is there a dining table in the image?	No,	No
['/content/data/coco/val2014/COCO_val2014_000000514292.jpg']	Is there a bear in the image?	Yes,	Yes
['/content/data/coco/val2014/COCO_val2014_000000514292.jpg']	Is there a car in the image?	No,	No
['/content/data/coco/val2014/COCO_val2014_000000117527.jpg']	Is there a dining table in the image?	Yes,	Yes
['/content/data/coco/val2014/COCO_val2014_000000117527.jpg']	Is there a car in the image?	No,	No
['/content/data/coco/val2014/COCO_val2014_000000117527.jpg']	Is there a person in the image?	Yes,	Yes
['/content/data/coco/val2014/COCO_val2014_000000117527.jpg']	Is there a chair in the image?	No,	No
['/content/data/coco/val2014/COCO_val2014_000000117527.jpg']	Is there a bowl in the image?	Yes,	Yes
['/content/data/coco/val2014/COCO_val2014_000000117527.jpg']	Is there a bottle in the image?	Yes,	No
['/content/data/coco/val2014/COCO_val2014_000000016451.jpg']	Is there a backpack in the image?	Yes,	Yes
['/content/data/coco/val2014/COCO_val2014_000000016451.jpg']	Is there a dining table in the image?	Yes,	No
['/content/data/coco/val2014/COCO_val2014_000000016451.jpg']	Is there a person in the image?	No,	Yes
['/content/data/coco/val2014/COCO_val2014_000000016451.jpg']	Is there a car in the image?	No,	No
['/content/data/coco/val2014/COCO_val2014_000000016451.jpg']	Is there a handbag in the image?	Yes,	Yes
['/content/data/coco/val2014/COCO_val2014_000000016451.jpg']	Is there a cup in the image?	Yes,	No
['/content/data/coco/val2014/COCO_val2014_000000429706.jpg']	Is there a tv in the image?	Yes,	Yes
['/content/data/coco/val2014/COCO_val2014_000000429706.jpg']	Is there a dining table in the image?	No,	No
['/content/data/coco/val2014/COCO_val2014_000000429706.jpg']	Is there a backpack in the image?	Yes,	Yes
['/content/data/coco/val2014/COCO_val2014_000000429706.jpg']	Is there a car in the image?	No,	No
['/content/data/coco/val2014/COCO_val2014_000000429706.jpg']	Is there a person in the image?	Yes,	Yes
['/content/data/coco/val2014/COCO_val2014_000000429706.jpg']	Is there a chair in the image?	No,	No
['/content/data/coco/val2014/COCO_val2014_000000429580.jpg']	Is there a dog in the image?	Yes,	Yes
['/content/data/coco/val2014/COCO_val2014_000000429580.jpg']	Is there a dining table in the image?	No,	No
['/content/data/coco/val2014/COCO_val2014_000000429580.jpg']	Is there a person in the image?	Yes,	Yes
['/content/data/coco/val2014/COCO_val2014_000000429580.jpg']	Is there a car in the image?	Yes,	No
['/content/data/coco/val2014/COCO_val2014_000000429580.jpg']	Is there a frisbee in the image?	Yes,	Yes
['/content/data/coco/val2014/COCO_val2014_000000429580.jpg']	Is there a chair in the image?	No,	No
['/content/data/coco/val2014/COCO_val2014_000000283168.jpg']	Is there a bowl in the image?	Yes,	Yes
['/content/data/coco/val2014/COCO_val2014_000000283168.jpg']	Is there a person in the image?	No,	No
['/content/data/coco/val2014/COCO_val2014_000000283168.jpg']	Is there a sandwich in the image?	Yes,	Yes
['/content/data/coco/val2014/COCO_val2014_000000283168.jpg']	Is there a dining table in the image?	No,	No
['/content/data/coco/val2014/COCO_val2014_000000283168.jpg']	Is there a fork in the image?	Yes,	Yes
['/content/data/coco/val2014/COCO_val2014_000000283168.jpg']	Is there a car in the image?	No,	No
['/content/data/coco/val2014/COCO_val2014_000000405205.jpg']	Is there a truck in the image?	Yes,	Yes
['/content/data/coco/val2014/COCO_val2014_000000405205.jpg']	Is there a dining table in the image?	No,	No
['/content/data/coco/val2014/COCO_val2014_000000405205.jpg']	Is there a person in the image?	No,	Yes
['/content/data/coco/val2014/COCO_val2014_000000405205.jpg']	Is there a car in the image?	No,	No
['/content/data/coco/val2014/COCO_val2014_000000405205.jpg']	Is there a bus in the image?	Yes,	Yes
['/content/data/coco/val2014/COCO_val2014_000000405205.jpg']	Is there a chair in the image?	No,	No
['/content/data/coco/val2014/COCO_val2014_000000123570.jpg']	Is there a person in the image?	Yes,	Yes
['/content/data/coco/val2014/COCO_val2014_000000123570.jpg']	Is there a dining table in the image?	No,	No
['/content/data/coco/val2014/COCO_val2014_000000123570.jpg']	Is there a car in the image?	No,	Yes
['/content/data/coco/val2014/COCO_val2014_000000123570.jpg']	Is there a chair in the image?	No,	No
['/content/data/coco/val2014/COCO_val2014_000000123570.jpg']	Is there an umbrella in the image?	Yes,	Yes
['/content/data/coco/val2014/COCO_val2014_000000123570.jpg']	Is there a cup in the image?	No,	No
['/content/data/coco/val2014/COCO_val2014_000000365317.jpg']	Is there a person in the image?	Yes,	Yes
['/content/data/coco/val2014/COCO_val2014_000000365317.jpg']	Is there a dining table in the image?	No,	No
['/content/data/coco/val2014/COCO_val2014_000000365317.jpg']	Is there a sports ball in the image?	No,	Yes
['/content/data/coco/val2014/COCO_val2014_000000365317.jpg']	Is there a car in the image?	No,	No
['/content/data/coco/val2014/COCO_val2014_000000365317.jpg']	Is there a tennis racket in the image?	Yes,	Yes
['/content/data/coco/val2014/COCO_val2014_000000365317.jpg']	Is there a chair in the image?	No,	No
['/content/data/coco/val2014/COCO_val2014_000000224155.jpg']	Is there a person in the image?	Yes,	Yes
['/content/data/coco/val2014/COCO_val2014_000000224155.jpg']	Is there a dining table in the image?	No,	No
['/content/data/coco/val2014/COCO_val2014_000000224155.jpg']	Is there a toilet in the image?	Yes,	Yes
['/content/data/coco/val2014/COCO_val2014_000000224155.jpg']	Is there a car in the image?	No,	No
['/content/data/coco/val2014/COCO_val2014_000000224155.jpg']	Is there a cell phone in the image?	Yes,	Yes
['/content/data/coco/val2014/COCO_val2014_000000224155.jpg']	Is there a chair in the image?	No,	No
['/content/data/coco/val2014/COCO_val2014_000000191964.jpg']	Is there a keyboard in the image?	Yes,	Yes
['/content/data/coco/val2014/COCO_val2014_000000191964.jpg']	Is there a person in the image?	No,	No
['/content/data/coco/val2014/COCO_val2014_000000191964.jpg']	Is there an orange in the image?	No,	Yes
['/content/data/coco/val2014/COCO_val2014_000000191964.jpg']	Is there a dining table in the image?	No,	No
['/content/data/coco/val2014/COCO_val2014_000000191964.jpg']	Is there a cat in the image?	Yes,	Yes
['/content/data/coco/val2014/COCO_val2014_000000191964.jpg']	Is there a car in the image?	No,	No
['/content/data/coco/val2014/COCO_val2014_000000265472.jpg']	Is there a banana in the image?	Yes,	Yes
['/content/data/coco/val2014/COCO_val2014_000000265472.jpg']	Is there a person in the image?	No,	No
['/content/data/coco/val2014/COCO_val2014_000000265472.jpg']	Is there a bowl in the image?	No,	Yes
['/content/data/coco/val2014/COCO_val2014_000000265472.jpg']	Is there a dining table in the image?	Yes,	No
['/content/data/coco/val2014/COCO_val2014_000000265472.jpg']	Is there an orange in the image?	No,	Yes
['/content/data/coco/val2014/COCO_val2014_000000265472.jpg']	Is there a car in the image?	No,	No
['/content/data/coco/val2014/COCO_val2014_000000550514.jpg']	Is there a snowboard in the image?	Yes,	Yes
['/content/data/coco/val2014/COCO_val2014_000000550514.jpg']	Is there a dining table in the image?	No,	No
['/content/data/coco/val2014/COCO_val2014_000000550514.jpg']	Is there a backpack in the image?	Yes,	Yes
['/content/data/coco/val2014/COCO_val2014_000000550514.jpg']	Is there a car in the image?	No,	No
['/content/data/coco/val2014/COCO_val2014_000000550514.jpg']	Is there a person in the image?	Yes,	Yes
['/content/data/coco/val2014/COCO_val2014_000000550514.jpg']	Is there a chair in the image?	No,	No
['/content/data/coco/val2014/COCO_val2014_000000163814.jpg']	Is there a person in the image?	Yes,	Yes
['/content/data/coco/val2014/COCO_val2014_000000163814.jpg']	Is there a dining table in the image?	No,	No
['/content/data/coco/val2014/COCO_val2014_000000163814.jpg']	Is there a motorcycle in the image?	No,	Yes
['/content/data/coco/val2014/COCO_val2014_000000163814.jpg']	Is there a car in the image?	No,	No
['/content/data/coco/val2014/COCO_val2014_000000163814.jpg']	Is there a skateboard in the image?	Yes,	Yes
['/content/data/coco/val2014/COCO_val2014_000000163814.jpg']	Is there a chair in the image?	Yes,	No
['/content/data/coco/val2014/COCO_val2014_000000505933.jpg']	Is there a truck in the image?	Yes,	Yes
['/content/data/coco/val2014/COCO_val2014_000000505933.jpg']	Is there a person in the image?	No,	No
['/content/data/coco/val2014/COCO_val2014_000000505933.jpg']	Is there a train in the image?	Yes,	Yes
['/content/data/coco/val2014/COCO_val2014_000000505933.jpg']	Is there a dining table in the image?	No,	No
['/content/data/coco/val2014/COCO_val2014_000000505933.jpg']	Is there a car in the image?	Yes,	Yes
['/content/data/coco/val2014/COCO_val2014_000000505933.jpg']	Is there a chair in the image?	No,	No
['/content/data/coco/val2014/COCO_val2014_000000318550.jpg']	Is there a traffic light in the image?	No,	Yes
['/content/data/coco/val2014/COCO_val2014_000000318550.jpg']	Is there a person in the image?	Yes,	No
['/content/data/coco/val2014/COCO_val2014_000000318550.jpg']	Is there a truck in the image?	Yes,	Yes
['/content/data/coco/val2014/COCO_val2014_000000318550.jpg']	Is there a dining table in the image?	No,	No
['/content/data/coco/val2014/COCO_val2014_000000318550.jpg']	Is there a train in the image?	Yes,	Yes
['/content/data/coco/val2014/COCO_val2014_000000318550.jpg']	Is there a chair in the image?	No,	No
['/content/data/coco/val2014/COCO_val2014_000000367528.jpg']	Is there a bowl in the image?	No,	Yes
['/content/data/coco/val2014/COCO_val2014_000000367528.jpg']	Is there a car in the image?	No,	No
['/content/data/coco/val2014/COCO_val2014_000000367528.jpg']	Is there a person in the image?	No,	Yes
['/content/data/coco/val2014/COCO_val2014_000000367528.jpg']	Is there a chair in the image?	Yes,	No
['/content/data/coco/val2014/COCO_val2014_000000367528.jpg']	Is there a remote in the image?	Yes,	Yes
['/content/data/coco/val2014/COCO_val2014_000000367528.jpg']	Is there a bottle in the image?	No,	No
['/content/data/coco/val2014/COCO_val2014_000000252911.jpg']	Is there a person in the image?	Yes,	Yes
['/content/data/coco/val2014/COCO_val2014_000000252911.jpg']	Is there a dining table in the image?	No,	No
['/content/data/coco/val2014/COCO_val2014_000000252911.jpg']	Is there a car in the image?	Yes,	Yes
['/content/data/coco/val2014/COCO_val2014_000000252911.jpg']	Is there a chair in the image?	No,	No
['/content/data/coco/val2014/COCO_val2014_000000252911.jpg']	Is there a boat in the image?	No,	Yes
['/content/data/coco/val2014/COCO_val2014_000000252911.jpg']	Is there a cup in the image?	No,	No
['/content/data/coco/val2014/COCO_val2014_000000214421.jpg']	Is there a tv in the image?	Yes,	Yes
['/content/data/coco/val2014/COCO_val2014_000000214421.jpg']	Is there a car in the image?	No,	No
['/content/data/coco/val2014/COCO_val2014_000000214421.jpg']	Is there a person in the image?	Yes,	Yes
['/content/data/coco/val2014/COCO_val2014_000000214421.jpg']	Is there a chair in the image?	No,	No
['/content/data/coco/val2014/COCO_val2014_000000214421.jpg']	Is there a potted plant in the image?	Yes,	Yes
['/content/data/coco/val2014/COCO_val2014_000000214421.jpg']	Is there a backpack in the image?	Yes,	No
['/content/data/coco/val2014/COCO_val2014_000000050627.jpg']	Is there a baseball glove in the image?	Yes,	Yes
['/content/data/coco/val2014/COCO_val2014_000000050627.jpg']	Is there a dining table in the image?	No,	No
['/content/data/coco/val2014/COCO_val2014_000000050627.jpg']	Is there a person in the image?	Yes,	Yes
['/content/data/coco/val2014/COCO_val2014_000000050627.jpg']	Is there a car in the image?	No,	No
['/content/data/coco/val2014/COCO_val2014_000000050627.jpg']	Is there a sports ball in the image?	No,	Yes
['/content/data/coco/val2014/COCO_val2014_000000050627.jpg']	Is there a chair in the image?	No,	No
['/content/data/coco/val2014/COCO_val2014_000000233426.jpg']	Is there a vase in the image?	Yes,	Yes
['/content/data/coco/val2014/COCO_val2014_000000233426.jpg']	Is there a person in the image?	No,	No
['/content/data/coco/val2014/COCO_val2014_000000233426.jpg']	Is there a potted plant in the image?	No,	Yes
['/content/data/coco/val2014/COCO_val2014_000000233426.jpg']	Is there a car in the image?	No,	No
['/content/data/coco/val2014/COCO_val2014_000000233426.jpg']	Is there a dining table in the image?	No,	Yes
['/content/data/coco/val2014/COCO_val2014_000000233426.jpg']	Is there a chair in the image?	Yes,	No
['/content/data/coco/val2014/COCO_val2014_000000372817.jpg']	Is there a person in the image?	Yes,	Yes
['/content/data/coco/val2014/COCO_val2014_000000372817.jpg']	Is there a dining table in the image?	No,	No
['/content/data/coco/val2014/COCO_val2014_000000372817.jpg']	Is there a car in the image?	Yes,	Yes
['/content/data/coco/val2014/COCO_val2014_000000372817.jpg']	Is there a chair in the image?	No,	No
['/content/data/coco/val2014/COCO_val2014_000000372817.jpg']	Is there a handbag in the image?	Yes,	Yes
['/content/data/coco/val2014/COCO_val2014_000000372817.jpg']	Is there a cup in the image?	No,	No
['/content/data/coco/val2014/COCO_val2014_000000536073.jpg']	Is there a knife in the image?	Yes,	Yes
['/content/data/coco/val2014/COCO_val2014_000000536073.jpg']	Is there a person in the image?	No,	No
['/content/data/coco/val2014/COCO_val2014_000000536073.jpg']	Is there a bottle in the image?	Yes,	Yes
['/content/data/coco/val2014/COCO_val2014_000000536073.jpg']	Is there a dining table in the image?	No,	No
['/content/data/coco/val2014/COCO_val2014_000000536073.jpg']	Is there a cup in the image?	Yes,	Yes
['/content/data/coco/val2014/COCO_val2014_000000536073.jpg']	Is there a car in the image?	No,	No
['/content/data/coco/val2014/COCO_val2014_000000579231.jpg']	Is there a baseball glove in the image?	Yes,	Yes
['/content/data/coco/val2014/COCO_val2014_000000579231.jpg']	Is there a dining table in the image?	No,	No
['/content/data/coco/val2014/COCO_val2014_000000579231.jpg']	Is there a person in the image?	Yes,	Yes
['/content/data/coco/val2014/COCO_val2014_000000579231.jpg']	Is there a car in the image?	No,	No
['/content/data/coco/val2014/COCO_val2014_000000579231.jpg']	Is there a baseball bat in the image?	Yes,	Yes
['/content/data/coco/val2014/COCO_val2014_000000579231.jpg']	Is there a chair in the image?	No,	No
['/content/data/coco/val2014/COCO_val2014_000000092624.jpg']	Is there a giraffe in the image?	Yes,	Yes
['/content/data/coco/val2014/COCO_val2014_000000092624.jpg']	Is there a person in the image?	No,	No
['/content/data/coco/val2014/COCO_val2014_000000092624.jpg']	Is there a cow in the image?	Yes,	Yes
['/content/data/coco/val2014/COCO_val2014_000000092624.jpg']	Is there a dining table in the image?	No,	No
['/content/data/coco/val2014/COCO_val2014_000000092624.jpg']	Is there a zebra in the image?	Yes,	Yes
['/content/data/coco/val2014/COCO_val2014_000000092624.jpg']	Is there a car in the image?	No,	No
['/content/data/coco/val2014/COCO_val2014_000000390184.jpg']	Is there a spoon in the image?	Yes,	Yes
['/content/data/coco/val2014/COCO_val2014_000000390184.jpg']	Is there a person in the image?	No,	No
['/content/data/coco/val2014/COCO_val2014_000000390184.jpg']	Is there a dining table in the image?	Yes,	Yes
['/content/data/coco/val2014/COCO_val2014_000000390184.jpg']	Is there a car in the image?	No,	No
['/content/data/coco/val2014/COCO_val2014_000000390184.jpg']	Is there a chair in the image?	Yes,	Yes
['/content/data/coco/val2014/COCO_val2014_000000390184.jpg']	Is there a cup in the image?	No,	No
['/content/data/coco/val2014/COCO_val2014_000000079213.jpg']	Is there a person in the image?	Yes,	Yes
['/content/data/coco/val2014/COCO_val2014_000000079213.jpg']	Is there a dining table in the image?	Yes,	No
['/content/data/coco/val2014/COCO_val2014_000000079213.jpg']	Is there a couch in the image?	Yes,	Yes
['/content/data/coco/val2014/COCO_val2014_000000079213.jpg']	Is there a car in the image?	No,	No
['/content/data/coco/val2014/COCO_val2014_000000079213.jpg']	Is there a remote in the image?	Yes,	Yes
['/content/data/coco/val2014/COCO_val2014_000000079213.jpg']	Is there a chair in the image?	No,	No
['/content/data/coco/val2014/COCO_val2014_000000465346.jpg']	Is there a spoon in the image?	Yes,	Yes
['/content/data/coco/val2014/COCO_val2014_000000465346.jpg']	Is there a person in the image?	No,	No
['/content/data/coco/val2014/COCO_val2014_000000465346.jpg']	Is there a sandwich in the image?	Yes,	Yes
['/content/data/coco/val2014/COCO_val2014_000000465346.jpg']	Is there a car in the image?	No,	No
['/content/data/coco/val2014/COCO_val2014_000000465346.jpg']	Is there a fork in the image?	Yes,	Yes
['/content/data/coco/val2014/COCO_val2014_000000465346.jpg']	Is there a chair in the image?	No,	No
['/content/data/coco/val2014/COCO_val2014_000000514248.jpg']	Is there a car in the image?	Yes,	Yes
['/content/data/coco/val2014/COCO_val2014_000000514248.jpg']	Is there a dining table in the image?	No,	No
['/content/data/coco/val2014/COCO_val2014_000000514248.jpg']	Is there a person in the image?	No,	Yes
['/content/data/coco/val2014/COCO_val2014_000000514248.jpg']	Is there a chair in the image?	No,	No
['/content/data/coco/val2014/COCO_val2014_000000514248.jpg']	Is there a horse in the image?	No,	Yes
['/content/data/coco/val2014/COCO_val2014_000000514248.jpg']	Is there a cup in the image?	No,	No
['/content/data/coco/val2014/COCO_val2014_000000355776.jpg']	Is there a person in the image?	Yes,	Yes
['/content/data/coco/val2014/COCO_val2014_000000355776.jpg']	Is there a dining table in the image?	No,	No
['/content/data/coco/val2014/COCO_val2014_000000355776.jpg']	Is there a chair in the image?	No,	Yes
['/content/data/coco/val2014/COCO_val2014_000000355776.jpg']	Is there a car in the image?	No,	No
['/content/data/coco/val2014/COCO_val2014_000000355776.jpg']	Is there a sink in the image?	Yes,	Yes
['/content/data/coco/val2014/COCO_val2014_000000355776.jpg']	Is there a bottle in the image?	Yes,	No
['/content/data/coco/val2014/COCO_val2014_000000575355.jpg']	Is there a chair in the image?	Yes,	Yes
['/content/data/coco/val2014/COCO_val2014_000000575355.jpg']	Is there a person in the image?	No,	No
['/content/data/coco/val2014/COCO_val2014_000000575355.jpg']	Is there a bench in the image?	Yes,	Yes
['/content/data/coco/val2014/COCO_val2014_000000575355.jpg']	Is there a car in the image?	No,	No
['/content/data/coco/val2014/COCO_val2014_000000575355.jpg']	Is there a dining table in the image?	Yes,	Yes
['/content/data/coco/val2014/COCO_val2014_000000575355.jpg']	Is there a cup in the image?	Yes,	No
['/content/data/coco/val2014/COCO_val2014_000000396068.jpg']	Is there a tv in the image?	Yes,	Yes
['/content/data/coco/val2014/COCO_val2014_000000396068.jpg']	Is there a dining table in the image?	Yes,	No
['/content/data/coco/val2014/COCO_val2014_000000396068.jpg']	Is there a person in the image?	Yes,	Yes
['/content/data/coco/val2014/COCO_val2014_000000396068.jpg']	Is there a car in the image?	No,	No
['/content/data/coco/val2014/COCO_val2014_000000396068.jpg']	Is there a remote in the image?	Yes,	Yes
['/content/data/coco/val2014/COCO_val2014_000000396068.jpg']	Is there a chair in the image?	Yes,	No
['/content/data/coco/val2014/COCO_val2014_000000559547.jpg']	Is there a baseball glove in the image?	Yes,	Yes
['/content/data/coco/val2014/COCO_val2014_000000559547.jpg']	Is there a dining table in the image?	No,	No
['/content/data/coco/val2014/COCO_val2014_000000559547.jpg']	Is there a person in the image?	Yes,	Yes
['/content/data/coco/val2014/COCO_val2014_000000559547.jpg']	Is there a car in the image?	Yes,	No
['/content/data/coco/val2014/COCO_val2014_000000559547.jpg']	Is there a sports ball in the image?	Yes,	Yes
['/content/data/coco/val2014/COCO_val2014_000000559547.jpg']	Is there a chair in the image?	No,	No
['/content/data/coco/val2014/COCO_val2014_000000230175.jpg']	Is there a person in the image?	Yes,	Yes
['/content/data/coco/val2014/COCO_val2014_000000230175.jpg']	Is there a dining table in the image?	Yes,	No
['/content/data/coco/val2014/COCO_val2014_000000230175.jpg']	Is there a cup in the image?	No,	Yes
['/content/data/coco/val2014/COCO_val2014_000000230175.jpg']	Is there a car in the image?	No,	No
['/content/data/coco/val2014/COCO_val2014_000000230175.jpg']	Is there a tie in the image?	Yes,	Yes
['/content/data/coco/val2014/COCO_val2014_000000230175.jpg']	Is there a chair in the image?	Yes,	No
['/content/data/coco/val2014/COCO_val2014_000000159969.jpg']	Is there a backpack in the image?	Yes,	Yes
['/content/data/coco/val2014/COCO_val2014_000000159969.jpg']	Is there a dining table in the image?	No,	No
['/content/data/coco/val2014/COCO_val2014_000000159969.jpg']	Is there a person in the image?	Yes,	Yes
['/content/data/coco/val2014/COCO_val2014_000000159969.jpg']	Is there a car in the image?	No,	No
['/content/data/coco/val2014/COCO_val2014_000000159969.jpg']	Is there a skis in the image?	Yes,	Yes
['/content/data/coco/val2014/COCO_val2014_000000159969.jpg']	Is there a chair in the image?	No,	No
['/content/data/coco/val2014/COCO_val2014_000000399702.jpg']	Is there a bowl in the image?	Yes,	Yes
['/content/data/coco/val2014/COCO_val2014_000000399702.jpg']	Is there a person in the image?	No,	No
['/content/data/coco/val2014/COCO_val2014_000000399702.jpg']	Is there a sandwich in the image?	Yes,	Yes
['/content/data/coco/val2014/COCO_val2014_000000399702.jpg']	Is there a car in the image?	No,	No
['/content/data/coco/val2014/COCO_val2014_000000399702.jpg']	Is there a cup in the image?	Yes,	Yes
['/content/data/coco/val2014/COCO_val2014_000000399702.jpg']	Is there a chair in the image?	No,	No
['/content/data/coco/val2014/COCO_val2014_000000555538.jpg']	Is there a baseball glove in the image?	Yes,	Yes
['/content/data/coco/val2014/COCO_val2014_000000555538.jpg']	Is there a dining table in the image?	No,	No
['/content/data/coco/val2014/COCO_val2014_000000555538.jpg']	Is there a person in the image?	Yes,	Yes
['/content/data/coco/val2014/COCO_val2014_000000555538.jpg']	Is there a car in the image?	No,	No
['/content/data/coco/val2014/COCO_val2014_000000555538.jpg']	Is there a sports ball in the image?	No,	Yes
['/content/data/coco/val2014/COCO_val2014_000000555538.jpg']	Is there a chair in the image?	Yes,	No
['/content/data/coco/val2014/COCO_val2014_000000264155.jpg']	Is there a person in the image?	Yes,	Yes
['/content/data/coco/val2014/COCO_val2014_000000264155.jpg']	Is there a car in the image?	Yes,	No
['/content/data/coco/val2014/COCO_val2014_000000264155.jpg']	Is there a bottle in the image?	Yes,	Yes
['/content/data/coco/val2014/COCO_val2014_000000264155.jpg']	Is there a chair in the image?	Yes,	No
['/content/data/coco/val2014/COCO_val2014_000000264155.jpg']	Is there a fork in the image?	Yes,	Yes
['/content/data/coco/val2014/COCO_val2014_000000264155.jpg']	Is there a cup in the image?	Yes,	No
['/content/data/coco/val2014/COCO_val2014_000000125572.jpg']	Is there a truck in the image?	No,	Yes
['/content/data/coco/val2014/COCO_val2014_000000125572.jpg']	Is there a dining table in the image?	No,	No
['/content/data/coco/val2014/COCO_val2014_000000125572.jpg']	Is there a clock in the image?	Yes,	Yes
['/content/data/coco/val2014/COCO_val2014_000000125572.jpg']	Is there a car in the image?	No,	No
['/content/data/coco/val2014/COCO_val2014_000000125572.jpg']	Is there a person in the image?	Yes,	Yes
['/content/data/coco/val2014/COCO_val2014_000000125572.jpg']	Is there a chair in the image?	No,	No
['/content/data/coco/val2014/COCO_val2014_000000560744.jpg']	Is there a person in the image?	Yes,	Yes
['/content/data/coco/val2014/COCO_val2014_000000560744.jpg']	Is there a car in the image?	No,	No
['/content/data/coco/val2014/COCO_val2014_000000560744.jpg']	Is there a spoon in the image?	Yes,	Yes
['/content/data/coco/val2014/COCO_val2014_000000560744.jpg']	Is there a backpack in the image?	No,	No
['/content/data/coco/val2014/COCO_val2014_000000560744.jpg']	Is there a bowl in the image?	Yes,	Yes
['/content/data/coco/val2014/COCO_val2014_000000560744.jpg']	Is there a handbag in the image?	No,	No
['/content/data/coco/val2014/COCO_val2014_000000045685.jpg']	Is there a person in the image?	Yes,	Yes
['/content/data/coco/val2014/COCO_val2014_000000045685.jpg']	Is there a dining table in the image?	No,	No
['/content/data/coco/val2014/COCO_val2014_000000045685.jpg']	Is there a sports ball in the image?	Yes,	Yes
['/content/data/coco/val2014/COCO_val2014_000000045685.jpg']	Is there a car in the image?	No,	No
['/content/data/coco/val2014/COCO_val2014_000000045685.jpg']	Is there a tennis racket in the image?	No,	Yes
['/content/data/coco/val2014/COCO_val2014_000000045685.jpg']	Is there a chair in the image?	No,	No
['/content/data/coco/val2014/COCO_val2014_000000434179.jpg']	Is there a chair in the image?	Yes,	Yes
['/content/data/coco/val2014/COCO_val2014_000000434179.jpg']	Is there a person in the image?	No,	No
['/content/data/coco/val2014/COCO_val2014_000000434179.jpg']	Is there a spoon in the image?	Yes,	Yes
['/content/data/coco/val2014/COCO_val2014_000000434179.jpg']	Is there a car in the image?	No,	No
['/content/data/coco/val2014/COCO_val2014_000000434179.jpg']	Is there a cup in the image?	Yes,	Yes
['/content/data/coco/val2014/COCO_val2014_000000434179.jpg']	Is there a bottle in the image?	No,	No
['/content/data/coco/val2014/COCO_val2014_000000008749.jpg']	Is there a pizza in the image?	Yes,	Yes
['/content/data/coco/val2014/COCO_val2014_000000008749.jpg']	Is there a person in the image?	No,	No
['/content/data/coco/val2014/COCO_val2014_000000008749.jpg']	Is there a cup in the image?	Yes,	Yes
['/content/data/coco/val2014/COCO_val2014_000000008749.jpg']	Is there a car in the image?	No,	No
['/content/data/coco/val2014/COCO_val2014_000000008749.jpg']	Is there a dining table in the image?	Yes,	Yes
['/content/data/coco/val2014/COCO_val2014_000000008749.jpg']	Is there a chair in the image?	No,	No
['/content/data/coco/val2014/COCO_val2014_000000069863.jpg']	Is there a car in the image?	No,	Yes
['/content/data/coco/val2014/COCO_val2014_000000069863.jpg']	Is there a person in the image?	No,	No
['/content/data/coco/val2014/COCO_val2014_000000069863.jpg']	Is there a vase in the image?	Yes,	Yes
['/content/data/coco/val2014/COCO_val2014_000000069863.jpg']	Is there a chair in the image?	No,	No
['/content/data/coco/val2014/COCO_val2014_000000069863.jpg']	Is there a potted plant in the image?	Yes,	Yes
['/content/data/coco/val2014/COCO_val2014_000000069863.jpg']	Is there a cup in the image?	Yes,	No
['/content/data/coco/val2014/COCO_val2014_000000041180.jpg']	Is there a backpack in the image?	Yes,	Yes
['/content/data/coco/val2014/COCO_val2014_000000041180.jpg']	Is there a dining table in the image?	No,	No
['/content/data/coco/val2014/COCO_val2014_000000041180.jpg']	Is there a person in the image?	Yes,	Yes
['/content/data/coco/val2014/COCO_val2014_000000041180.jpg']	Is there a car in the image?	Yes,	No
['/content/data/coco/val2014/COCO_val2014_000000041180.jpg']	Is there a cow in the image?	Yes,	Yes
['/content/data/coco/val2014/COCO_val2014_000000041180.jpg']	Is there a chair in the image?	No,	No
['/content/data/coco/val2014/COCO_val2014_000000429913.jpg']	Is there a baseball glove in the image?	Yes,	Yes
['/content/data/coco/val2014/COCO_val2014_000000429913.jpg']	Is there a dining table in the image?	No,	No
['/content/data/coco/val2014/COCO_val2014_000000429913.jpg']	Is there a person in the image?	Yes,	Yes
['/content/data/coco/val2014/COCO_val2014_000000429913.jpg']	Is there a car in the image?	No,	No
['/content/data/coco/val2014/COCO_val2014_000000429913.jpg']	Is there a sports ball in the image?	No,	Yes
['/content/data/coco/val2014/COCO_val2014_000000429913.jpg']	Is there a chair in the image?	No,	No
['/content/data/coco/val2014/COCO_val2014_000000554002.jpg']	Is there a chair in the image?	No,	Yes
['/content/data/coco/val2014/COCO_val2014_000000554002.jpg']	Is there a dining table in the image?	No,	No
['/content/data/coco/val2014/COCO_val2014_000000554002.jpg']	Is there a dog in the image?	Yes,	Yes
['/content/data/coco/val2014/COCO_val2014_000000554002.jpg']	Is there a car in the image?	No,	No
['/content/data/coco/val2014/COCO_val2014_000000554002.jpg']	Is there a person in the image?	Yes,	Yes
['/content/data/coco/val2014/COCO_val2014_000000554002.jpg']	Is there a cup in the image?	No,	No
['/content/data/coco/val2014/COCO_val2014_000000141278.jpg']	Is there a tv in the image?	Yes,	Yes
['/content/data/coco/val2014/COCO_val2014_000000141278.jpg']	Is there a person in the image?	No,	No
['/content/data/coco/val2014/COCO_val2014_000000141278.jpg']	Is there a mouse in the image?	Yes,	Yes
['/content/data/coco/val2014/COCO_val2014_000000141278.jpg']	Is there a car in the image?	No,	No
['/content/data/coco/val2014/COCO_val2014_000000141278.jpg']	Is there a laptop in the image?	Yes,	Yes
['/content/data/coco/val2014/COCO_val2014_000000141278.jpg']	Is there a cup in the image?	Yes,	No
['/content/data/coco/val2014/COCO_val2014_000000190788.jpg']	Is there a person in the image?	Yes,	Yes
['/content/data/coco/val2014/COCO_val2014_000000190788.jpg']	Is there a car in the image?	No,	No
['/content/data/coco/val2014/COCO_val2014_000000190788.jpg']	Is there a dining table in the image?	Yes,	Yes
['/content/data/coco/val2014/COCO_val2014_000000190788.jpg']	Is there a chair in the image?	No,	No
['/content/data/coco/val2014/COCO_val2014_000000190788.jpg']	Is there a knife in the image?	Yes,	Yes
['/content/data/coco/val2014/COCO_val2014_000000190788.jpg']	Is there a bottle in the image?	No,	No
['/content/data/coco/val2014/COCO_val2014_000000534942.jpg']	Is there a bed in the image?	Yes,	Yes
['/content/data/coco/val2014/COCO_val2014_000000534942.jpg']	Is there a person in the image?	No,	No
['/content/data/coco/val2014/COCO_val2014_000000534942.jpg']	Is there a cat in the image?	Yes,	Yes
['/content/data/coco/val2014/COCO_val2014_000000534942.jpg']	Is there a dining table in the image?	No,	No
['/content/data/coco/val2014/COCO_val2014_000000534942.jpg']	Is there a tie in the image?	Yes,	Yes
['/content/data/coco/val2014/COCO_val2014_000000534942.jpg']	Is there a car in the image?	No,	No
['/content/data/coco/val2014/COCO_val2014_000000377951.jpg']	Is there a pizza in the image?	Yes,	Yes
['/content/data/coco/val2014/COCO_val2014_000000377951.jpg']	Is there a car in the image?	No,	No
['/content/data/coco/val2014/COCO_val2014_000000377951.jpg']	Is there a dining table in the image?	Yes,	Yes
['/content/data/coco/val2014/COCO_val2014_000000377951.jpg']	Is there a chair in the image?	No,	No
['/content/data/coco/val2014/COCO_val2014_000000377951.jpg']	Is there a person in the image?	Yes,	Yes
['/content/data/coco/val2014/COCO_val2014_000000377951.jpg']	Is there a bottle in the image?	No,	No
['/content/data/coco/val2014/COCO_val2014_000000533201.jpg']	Is there a truck in the image?	Yes,	Yes
['/content/data/coco/val2014/COCO_val2014_000000533201.jpg']	Is there a dining table in the image?	No,	No
['/content/data/coco/val2014/COCO_val2014_000000533201.jpg']	Is there a person in the image?	Yes,	Yes
['/content/data/coco/val2014/COCO_val2014_000000533201.jpg']	Is there a car in the image?	Yes,	No
['/content/data/coco/val2014/COCO_val2014_000000533201.jpg']	Is there an airplane in the image?	Yes,	Yes
['/content/data/coco/val2014/COCO_val2014_000000533201.jpg']	Is there a chair in the image?	Yes,	No
['/content/data/coco/val2014/COCO_val2014_000000235203.jpg']	Is there a person in the image?	Yes,	Yes
['/content/data/coco/val2014/COCO_val2014_000000235203.jpg']	Is there a dining table in the image?	No,	No
['/content/data/coco/val2014/COCO_val2014_000000235203.jpg']	Is there a couch in the image?	Yes,	Yes
['/content/data/coco/val2014/COCO_val2014_000000235203.jpg']	Is there a car in the image?	No,	No
['/content/data/coco/val2014/COCO_val2014_000000235203.jpg']	Is there a remote in the image?	Yes,	Yes
['/content/data/coco/val2014/COCO_val2014_000000235203.jpg']	Is there a cup in the image?	No,	No
['/content/data/coco/val2014/COCO_val2014_000000468997.jpg']	Is there a baseball glove in the image?	Yes,	Yes
['/content/data/coco/val2014/COCO_val2014_000000468997.jpg']	Is there a dining table in the image?	No,	No
['/content/data/coco/val2014/COCO_val2014_000000468997.jpg']	Is there a person in the image?	Yes,	Yes
['/content/data/coco/val2014/COCO_val2014_000000468997.jpg']	Is there a car in the image?	No,	No
['/content/data/coco/val2014/COCO_val2014_000000468997.jpg']	Is there a sports ball in the image?	Yes,	Yes
['/content/data/coco/val2014/COCO_val2014_000000468997.jpg']	Is there a chair in the image?	Yes,	No
['/content/data/coco/val2014/COCO_val2014_000000401398.jpg']	Is there a person in the image?	Yes,	Yes
['/content/data/coco/val2014/COCO_val2014_000000401398.jpg']	Is there a dining table in the image?	No,	No
['/content/data/coco/val2014/COCO_val2014_000000401398.jpg']	Is there a potted plant in the image?	Yes,	Yes
['/content/data/coco/val2014/COCO_val2014_000000401398.jpg']	Is there a car in the image?	No,	No
['/content/data/coco/val2014/COCO_val2014_000000401398.jpg']	Is there a vase in the image?	Yes,	Yes
['/content/data/coco/val2014/COCO_val2014_000000401398.jpg']	Is there a chair in the image?	No,	No
['/content/data/coco/val2014/COCO_val2014_000000323752.jpg']	Is there a person in the image?	Yes,	Yes
['/content/data/coco/val2014/COCO_val2014_000000323752.jpg']	Is there a dining table in the image?	No,	No
['/content/data/coco/val2014/COCO_val2014_000000323752.jpg']	Is there a sports ball in the image?	No,	Yes
['/content/data/coco/val2014/COCO_val2014_000000323752.jpg']	Is there a car in the image?	No,	No
['/content/data/coco/val2014/COCO_val2014_000000323752.jpg']	Is there a tennis racket in the image?	Yes,	Yes
['/content/data/coco/val2014/COCO_val2014_000000323752.jpg']	Is there a chair in the image?	No,	No
['/content/data/coco/val2014/COCO_val2014_000000003845.jpg']	Is there a spoon in the image?	Yes,	Yes
['/content/data/coco/val2014/COCO_val2014_000000003845.jpg']	Is there a person in the image?	No,	No
['/content/data/coco/val2014/COCO_val2014_000000003845.jpg']	Is there a broccoli in the image?	Yes,	Yes
['/content/data/coco/val2014/COCO_val2014_000000003845.jpg']	Is there a car in the image?	No,	No
['/content/data/coco/val2014/COCO_val2014_000000003845.jpg']	Is there a fork in the image?	Yes,	Yes
['/content/data/coco/val2014/COCO_val2014_000000003845.jpg']	Is there a chair in the image?	No,	No
['/content/data/coco/val2014/COCO_val2014_000000122962.jpg']	Is there a pizza in the image?	Yes,	Yes
['/content/data/coco/val2014/COCO_val2014_000000122962.jpg']	Is there a car in the image?	No,	No
['/content/data/coco/val2014/COCO_val2014_000000122962.jpg']	Is there a person in the image?	Yes,	Yes
['/content/data/coco/val2014/COCO_val2014_000000122962.jpg']	Is there a chair in the image?	Yes,	No
['/content/data/coco/val2014/COCO_val2014_000000122962.jpg']	Is there a cell phone in the image?	Yes,	Yes
['/content/data/coco/val2014/COCO_val2014_000000122962.jpg']	Is there a cup in the image?	Yes,	No
['/content/data/coco/val2014/COCO_val2014_000000015738.jpg']	Is there a person in the image?	Yes,	Yes
['/content/data/coco/val2014/COCO_val2014_000000015738.jpg']	Is there a dining table in the image?	No,	No
['/content/data/coco/val2014/COCO_val2014_000000015738.jpg']	Is there a sports ball in the image?	Yes,	Yes
['/content/data/coco/val2014/COCO_val2014_000000015738.jpg']	Is there a car in the image?	No,	No
['/content/data/coco/val2014/COCO_val2014_000000015738.jpg']	Is there a tennis racket in the image?	Yes,	Yes
['/content/data/coco/val2014/COCO_val2014_000000015738.jpg']	Is there a cup in the image?	Yes,	No
['/content/data/coco/val2014/COCO_val2014_000000497599.jpg']	Is there a chair in the image?	Yes,	Yes
['/content/data/coco/val2014/COCO_val2014_000000497599.jpg']	Is there a car in the image?	No,	No
['/content/data/coco/val2014/COCO_val2014_000000497599.jpg']	Is there a person in the image?	Yes,	Yes
['/content/data/coco/val2014/COCO_val2014_000000497599.jpg']	Is there a cup in the image?	No,	No
['/content/data/coco/val2014/COCO_val2014_000000497599.jpg']	Is there a laptop in the image?	Yes,	Yes
['/content/data/coco/val2014/COCO_val2014_000000497599.jpg']	Is there a bottle in the image?	No,	No
['/content/data/coco/val2014/COCO_val2014_000000121959.jpg']	Is there a chair in the image?	Yes,	Yes
['/content/data/coco/val2014/COCO_val2014_000000121959.jpg']	Is there a dining table in the image?	No,	No
['/content/data/coco/val2014/COCO_val2014_000000121959.jpg']	Is there a person in the image?	Yes,	Yes
['/content/data/coco/val2014/COCO_val2014_000000121959.jpg']	Is there a car in the image?	No,	No
['/content/data/coco/val2014/COCO_val2014_000000121959.jpg']	Is there a handbag in the image?	Yes,	Yes
['/content/data/coco/val2014/COCO_val2014_000000121959.jpg']	Is there a cup in the image?	Yes,	No
['/content/data/coco/val2014/COCO_val2014_000000361430.jpg']	Is there a bowl in the image?	Yes,	Yes
['/content/data/coco/val2014/COCO_val2014_000000361430.jpg']	Is there a person in the image?	No,	No
['/content/data/coco/val2014/COCO_val2014_000000361430.jpg']	Is there a broccoli in the image?	Yes,	Yes
['/content/data/coco/val2014/COCO_val2014_000000361430.jpg']	Is there a dining table in the image?	Yes,	No
['/content/data/coco/val2014/COCO_val2014_000000361430.jpg']	Is there a spoon in the image?	Yes,	Yes
['/content/data/coco/val2014/COCO_val2014_000000361430.jpg']	Is there a car in the image?	No,	No
['/content/data/coco/val2014/COCO_val2014_000000277289.jpg']	Is there a tv in the image?	Yes,	Yes
['/content/data/coco/val2014/COCO_val2014_000000277289.jpg']	Is there a person in the image?	No,	No
['/content/data/coco/val2014/COCO_val2014_000000277289.jpg']	Is there a bowl in the image?	Yes,	Yes
['/content/data/coco/val2014/COCO_val2014_000000277289.jpg']	Is there a car in the image?	No,	No
['/content/data/coco/val2014/COCO_val2014_000000277289.jpg']	Is there a couch in the image?	Yes,	Yes
['/content/data/coco/val2014/COCO_val2014_000000277289.jpg']	Is there a chair in the image?	Yes,	No
