image_path	question	answer	gt
V: ['/content/data/coco/val2014/COCO_val2014_000000310196.jpg']	Is there a snowboard in the image?	Yes, there is a snowboard in	Yes
V: ['/content/data/coco/val2014/COCO_val2014_000000310196.jpg']	Is there a car in the image?	No, there is no car in the	No
V: ['/content/data/coco/val2014/COCO_val2014_000000310196.jpg']	Is there a person in the image?	Yes, there is a person in the	Yes
V: ['/content/data/coco/val2014/COCO_val2014_000000310196.jpg']	Is there a sandwich in the image?	No, there is no sandwich in	No
V: ['/content/data/coco/val2014/COCO_val2014_000000310196.jpg']	Is there a skis in the image?	Yes, there is a skier in	Yes
V: ['/content/data/coco/val2014/COCO_val2014_000000310196.jpg']	Is there a couch in the image?	No, there is no couch in	No
V: ['/content/data/coco/val2014/COCO_val2014_000000210789.jpg']	Is there a truck in the image?	Yes, there is a truck in	Yes
V: ['/content/data/coco/val2014/COCO_val2014_000000210789.jpg']	Is there a pizza in the image?	No, there is no pizza in	No
V: ['/content/data/coco/val2014/COCO_val2014_000000210789.jpg']	Is there a person in the image?	Yes, there is a person in the	Yes
V: ['/content/data/coco/val2014/COCO_val2014_000000210789.jpg']	Is there a sink in the image?	No, there is no sink in the	No
V: ['/content/data/coco/val2014/COCO_val2014_000000210789.jpg']	Is there an umbrella in the image?	Yes, there is an umbrella	Yes
V: ['/content/data/coco/val2014/COCO_val2014_000000210789.jpg']	Is there a cell phone in the image?	Yes, there is a cell phone in	No
V: ['/content/data/coco/val2014/COCO_val2014_000000429109.jpg']	Is there a person in the image?	Yes, there is a person in the	Yes
V: ['/content/data/coco/val2014/COCO_val2014_000000429109.jpg']	Is there a sheep in the image?	No, there is no sheep in the	No
V: ['/content/data/coco/val2014/COCO_val2014_000000429109.jpg']	Is there a bicycle in the image?	Yes, there is a bicycle	Yes
V: ['/content/data/coco/val2014/COCO_val2014_000000429109.jpg']	Is there a broccoli in the image?	No, there is no broccoli	No
V: ['/content/data/coco/val2014/COCO_val2014_000000429109.jpg']	Is there a car in the image?	Yes, there is a car in the	Yes
V: ['/content/data/coco/val2014/COCO_val2014_000000429109.jpg']	Is there a tennis racket in the image?	No, there is no tennis racket	No
V: ['/content/data/coco/val2014/COCO_val2014_000000211674.jpg']	Is there a person in the image?	Yes, there is a person in the	Yes
V: ['/content/data/coco/val2014/COCO_val2014_000000211674.jpg']	Is there a teddy bear in the image?	No, there is no teddy bear	No
V: ['/content/data/coco/val2014/COCO_val2014_000000211674.jpg']	Is there a potted plant in the image?	Yes, there is a potted plant	Yes
V: ['/content/data/coco/val2014/COCO_val2014_000000211674.jpg']	Is there a broccoli in the image?	No, there is no broccoli	No
V: ['/content/data/coco/val2014/COCO_val2014_000000211674.jpg']	Is there a car in the image?	Yes, there is a car in the	Yes
V: ['/content/data/coco/val2014/COCO_val2014_000000211674.jpg']	Is there an orange in the image?	Yes, there is an orange in the	No
V: ['/content/data/coco/val2014/COCO_val2014_000000458338.jpg']	Is there a traffic light in the image?	Yes, there is a traffic light in	Yes
V: ['/content/data/coco/val2014/COCO_val2014_000000458338.jpg']	Is there a train in the image?	No, there is no train in the	No
V: ['/content/data/coco/val2014/COCO_val2014_000000458338.jpg']	Is there a person in the image?	Yes, there is a person in the	Yes
V: ['/content/data/coco/val2014/COCO_val2014_000000458338.jpg']	Is there a surfboard in the image?	No, there is no surfboard	No
V: ['/content/data/coco/val2014/COCO_val2014_000000458338.jpg']	Is there a car in the image?	Yes, there is a car in the	Yes
V: ['/content/data/coco/val2014/COCO_val2014_000000458338.jpg']	Is there a kite in the image?	Yes, there is a kite in	No
V: ['/content/data/coco/val2014/COCO_val2014_000000283412.jpg']	Is there a dog in the image?	Yes, there is a small white dog	Yes
V: ['/content/data/coco/val2014/COCO_val2014_000000283412.jpg']	Is there a toaster in the image?	Yes, there is a toaster in	No
V: ['/content/data/coco/val2014/COCO_val2014_000000283412.jpg']	Is there a dining table in the image?	Yes, there is a dining table	Yes
V: ['/content/data/coco/val2014/COCO_val2014_000000283412.jpg']	Is there a sports ball in the image?	No, there is no sports ball in	No
V: ['/content/data/coco/val2014/COCO_val2014_000000283412.jpg']	Is there a bed in the image?	Yes, there is a bed in the	Yes
V: ['/content/data/coco/val2014/COCO_val2014_000000283412.jpg']	Is there a book in the image?	Yes, there is a book in the	No
V: ['/content/data/coco/val2014/COCO_val2014_000000265719.jpg']	Is there a person in the image?	Yes, there is a person in the	Yes
V: ['/content/data/coco/val2014/COCO_val2014_000000265719.jpg']	Is there a traffic light in the image?	No, there is no traffic light in	No
V: ['/content/data/coco/val2014/COCO_val2014_000000265719.jpg']	Is there a spoon in the image?	Yes, there is a spoon in	Yes
V: ['/content/data/coco/val2014/COCO_val2014_000000265719.jpg']	Is there a bird in the image?	No, there is no bird in the	No
V: ['/content/data/coco/val2014/COCO_val2014_000000265719.jpg']	Is there a fork in the image?	Yes, there is a fork in the	Yes
V: ['/content/data/coco/val2014/COCO_val2014_000000265719.jpg']	Is there a truck in the image?	No, there is no truck in	No
V: ['/content/data/coco/val2014/COCO_val2014_000000461331.jpg']	Is there a tv in the image?	No, there is no TV in the	Yes
V: ['/content/data/coco/val2014/COCO_val2014_000000461331.jpg']	Is there a bowl in the image?	No, there is no bowl in	No
V: ['/content/data/coco/val2014/COCO_val2014_000000461331.jpg']	Is there a toaster in the image?	Yes, there is a toaster in	Yes
V: ['/content/data/coco/val2014/COCO_val2014_000000461331.jpg']	Is there a cow in the image?	No, there is no cow in the	No
V: ['/content/data/coco/val2014/COCO_val2014_000000461331.jpg']	Is there a microwave in the image?	Yes, there is a microwave	Yes
V: ['/content/data/coco/val2014/COCO_val2014_000000461331.jpg']	Is there a laptop in the image?	No, there is no laptop in the	No
V: ['/content/data/coco/val2014/COCO_val2014_000000544456.jpg']	Is there a backpack in the image?	Yes, there is a backpack in	Yes
V: ['/content/data/coco/val2014/COCO_val2014_000000544456.jpg']	Is there a cell phone in the image?	Yes, there is a cell phone in	No
V: ['/content/data/coco/val2014/COCO_val2014_000000544456.jpg']	Is there a person in the image?	Yes, there is a person in the	Yes
V: ['/content/data/coco/val2014/COCO_val2014_000000544456.jpg']	Is there a couch in the image?	No, there is no couch in	No
V: ['/content/data/coco/val2014/COCO_val2014_000000544456.jpg']	Is there a skis in the image?	Yes, there is a skis in	Yes
V: ['/content/data/coco/val2014/COCO_val2014_000000544456.jpg']	Is there a tennis racket in the image?	No, there is no tennis racket	No
V: ['/content/data/coco/val2014/COCO_val2014_000000017708.jpg']	Is there a bird in the image?	Yes, there is a bird, specifically	Yes
V: ['/content/data/coco/val2014/COCO_val2014_000000017708.jpg']	Is there a fire hydrant in the image?	No, there is no fire hydrant	No
V: ['/content/data/coco/val2014/COCO_val2014_000000017708.jpg']	Is there a person in the image?	Yes, there is a person in the	Yes
V: ['/content/data/coco/val2014/COCO_val2014_000000017708.jpg']	Is there a bed in the image?	No, there is no bed in the	No
V: ['/content/data/coco/val2014/COCO_val2014_000000017708.jpg']	Is there a boat in the image?	Yes, there is a boat in the	Yes
V: ['/content/data/coco/val2014/COCO_val2014_000000017708.jpg']	Is there a bench in the image?	Yes, there is a bench in	No
V: ['/content/data/coco/val2014/COCO_val2014_000000574692.jpg']	Is there a person in the image?	Yes, there is a person in the	Yes
V: ['/content/data/coco/val2014/COCO_val2014_000000574692.jpg']	Is there a bear in the image?	No, there is no bear in the	No
V: ['/content/data/coco/val2014/COCO_val2014_000000574692.jpg']	Is there an orange in the image?	Yes, there is an orange in the	Yes
V: ['/content/data/coco/val2014/COCO_val2014_000000574692.jpg']	Is there a cow in the image?	No, there is no cow in the	No
V: ['/content/data/coco/val2014/COCO_val2014_000000574692.jpg']	Is there a bottle in the image?	Yes, there is a bottle in	Yes
V: ['/content/data/coco/val2014/COCO_val2014_000000574692.jpg']	Is there a bed in the image?	No, there is no bed in the	No
V: ['/content/data/coco/val2014/COCO_val2014_000000353180.jpg']	Is there a backpack in the image?	No, there is no backpack in	Yes
V: ['/content/data/coco/val2014/COCO_val2014_000000353180.jpg']	Is there a potted plant in the image?	No, there is no potted plant	No
V: ['/content/data/coco/val2014/COCO_val2014_000000353180.jpg']	Is there a person in the image?	Yes, there is a person in the	Yes
V: ['/content/data/coco/val2014/COCO_val2014_000000353180.jpg']	Is there a wine glass in the image?	No, there is no wine glass in	No
V: ['/content/data/coco/val2014/COCO_val2014_000000353180.jpg']	Is there a bus in the image?	Yes, there is a bus in the	Yes
V: ['/content/data/coco/val2014/COCO_val2014_000000353180.jpg']	Is there a suitcase in the image?	No, there is no suitcase in	No
V: ['/content/data/coco/val2014/COCO_val2014_000000239444.jpg']	Is there a person in the image?	Yes, there is a person, a	Yes
V: ['/content/data/coco/val2014/COCO_val2014_000000239444.jpg']	Is there an airplane in the image?	No, there is no airplane in	No
V: ['/content/data/coco/val2014/COCO_val2014_000000239444.jpg']	Is there a dining table in the image?	Yes, there is a dining table	Yes
V: ['/content/data/coco/val2014/COCO_val2014_000000239444.jpg']	Is there a clock in the image?	Yes, there is a clock in the	No
V: ['/content/data/coco/val2014/COCO_val2014_000000239444.jpg']	Is there a chair in the image?	Yes, there is a chair visible in	Yes
V: ['/content/data/coco/val2014/COCO_val2014_000000239444.jpg']	Is there a horse in the image?	No, there is no horse in the	No
V: ['/content/data/coco/val2014/COCO_val2014_000000569839.jpg']	Is there a person in the image?	Yes, there is a little girl in	Yes
V: ['/content/data/coco/val2014/COCO_val2014_000000569839.jpg']	Is there a zebra in the image?	No, there is no zebra	No
V: ['/content/data/coco/val2014/COCO_val2014_000000569839.jpg']	Is there a sandwich in the image?	Yes, there is a sandwich in	Yes
V: ['/content/data/coco/val2014/COCO_val2014_000000569839.jpg']	Is there a tie in the image?	Yes, there is a tie in the	No
V: ['/content/data/coco/val2014/COCO_val2014_000000569839.jpg']	Is there a hot dog in the image?	Yes, there is a hot dog in	Yes
V: ['/content/data/coco/val2014/COCO_val2014_000000569839.jpg']	Is there a car in the image?	No, there is no car in the	No
V: ['/content/data/coco/val2014/COCO_val2014_000000219622.jpg']	Is there a person in the image?	Yes, there is a person in the	Yes
V: ['/content/data/coco/val2014/COCO_val2014_000000219622.jpg']	Is there a carrot in the image?	No, there is no carrot in	No
V: ['/content/data/coco/val2014/COCO_val2014_000000219622.jpg']	Is there a car in the image?	Yes, there is a car in the	Yes
V: ['/content/data/coco/val2014/COCO_val2014_000000219622.jpg']	Is there a potted plant in the image?	Yes, there is a potted plant	No
V: ['/content/data/coco/val2014/COCO_val2014_000000219622.jpg']	Is there a frisbee in the image?	Yes, there is a frisbe	Yes
V: ['/content/data/coco/val2014/COCO_val2014_000000219622.jpg']	Is there a chair in the image?	No, there is no chair in the	No
V: ['/content/data/coco/val2014/COCO_val2014_000000300368.jpg']	Is there a knife in the image?	Yes, there is a knife in	Yes
V: ['/content/data/coco/val2014/COCO_val2014_000000300368.jpg']	Is there a teddy bear in the image?	Yes, there is a teddy bear	No
V: ['/content/data/coco/val2014/COCO_val2014_000000300368.jpg']	Is there a person in the image?	Yes, there is a person in the	Yes
V: ['/content/data/coco/val2014/COCO_val2014_000000300368.jpg']	Is there a hot dog in the image?	No, there is no hot dog in	No
V: ['/content/data/coco/val2014/COCO_val2014_000000300368.jpg']	Is there a cake in the image?	Yes, there is a cake in	Yes
V: ['/content/data/coco/val2014/COCO_val2014_000000300368.jpg']	Is there a tie in the image?	Yes, there is a tie in the	No
V: ['/content/data/coco/val2014/COCO_val2014_000000482476.jpg']	Is there a person in the image?	Yes, there is a person in the	Yes
V: ['/content/data/coco/val2014/COCO_val2014_000000482476.jpg']	Is there a keyboard in the image?	No, there is no keyboard in the	No
V: ['/content/data/coco/val2014/COCO_val2014_000000482476.jpg']	Is there a remote in the image?	Yes, there is a remote in the	Yes
V: ['/content/data/coco/val2014/COCO_val2014_000000482476.jpg']	Is there a frisbee in the image?	No, there is no frisbe	No
V: ['/content/data/coco/val2014/COCO_val2014_000000482476.jpg']	Is there a handbag in the image?	Yes, there is a handbag in	Yes
V: ['/content/data/coco/val2014/COCO_val2014_000000482476.jpg']	Is there an elephant in the image?	No, there is no elephant	No
V: ['/content/data/coco/val2014/COCO_val2014_000000131115.jpg']	Is there a baseball glove in the image?	Yes, there is a baseball glove	Yes
V: ['/content/data/coco/val2014/COCO_val2014_000000131115.jpg']	Is there a suitcase in the image?	No, there is no suitcase in	No
V: ['/content/data/coco/val2014/COCO_val2014_000000131115.jpg']	Is there a person in the image?	Yes, there is a person in the	Yes
V: ['/content/data/coco/val2014/COCO_val2014_000000131115.jpg']	Is there a sheep in the image?	No, there is no sheep in the	No
V: ['/content/data/coco/val2014/COCO_val2014_000000131115.jpg']	Is there a baseball bat in the image?	Yes, there is a baseball bat in	Yes
V: ['/content/data/coco/val2014/COCO_val2014_000000131115.jpg']	Is there a dining table in the image?	No, there is no dining table	No
V: ['/content/data/coco/val2014/COCO_val2014_000000157084.jpg']	Is there a sink in the image?	Yes, there is a sink in the	Yes
V: ['/content/data/coco/val2014/COCO_val2014_000000157084.jpg']	Is there a cow in the image?	No, there is no cow in the	No
V: ['/content/data/coco/val2014/COCO_val2014_000000157084.jpg']	Is there a bench in the image?	Yes, there is a bench in	Yes
V: ['/content/data/coco/val2014/COCO_val2014_000000157084.jpg']	Is there a scissors in the image?	Yes, there is a pair of sc	No
V: ['/content/data/coco/val2014/COCO_val2014_000000157084.jpg']	Is there a toilet in the image?	Yes, there is a toilet	Yes
V: ['/content/data/coco/val2014/COCO_val2014_000000157084.jpg']	Is there a bear in the image?	No, there is no bear in the	No
V: ['/content/data/coco/val2014/COCO_val2014_000000381895.jpg']	Is there a person in the image?	Yes, there is a person in the	Yes
V: ['/content/data/coco/val2014/COCO_val2014_000000381895.jpg']	Is there a carrot in the image?	No, there is no carrot in	No
V: ['/content/data/coco/val2014/COCO_val2014_000000381895.jpg']	Is there a teddy bear in the image?	Yes, there is a teddy bear	Yes
V: ['/content/data/coco/val2014/COCO_val2014_000000381895.jpg']	Is there a bird in the image?	No, there is no bird in the	No
V: ['/content/data/coco/val2014/COCO_val2014_000000381895.jpg']	Is there a bear in the image?	Yes, there is a stuffed bear	Yes
V: ['/content/data/coco/val2014/COCO_val2014_000000381895.jpg']	Is there a mouse in the image?	No, there is no mouse in the	No
V: ['/content/data/coco/val2014/COCO_val2014_000000336872.jpg']	Is there a bowl in the image?	Yes, there is a bowl in	Yes
V: ['/content/data/coco/val2014/COCO_val2014_000000336872.jpg']	Is there a skis in the image?	No, there are no skis in	No
V: ['/content/data/coco/val2014/COCO_val2014_000000336872.jpg']	Is there a spoon in the image?	No, there is no spoon in	Yes
V: ['/content/data/coco/val2014/COCO_val2014_000000336872.jpg']	Is there a dog in the image?	No, there is no dog in the	No
V: ['/content/data/coco/val2014/COCO_val2014_000000336872.jpg']	Is there a sandwich in the image?	Yes, there is a sandwich in	Yes
V: ['/content/data/coco/val2014/COCO_val2014_000000336872.jpg']	Is there a car in the image?	No, there is no car in the	No
V: ['/content/data/coco/val2014/COCO_val2014_000000075591.jpg']	Is there a bed in the image?	Yes, there is a bed in the	Yes
V: ['/content/data/coco/val2014/COCO_val2014_000000075591.jpg']	Is there a scissors in the image?	Yes, there is a pair of sc	No
V: ['/content/data/coco/val2014/COCO_val2014_000000075591.jpg']	Is there a cat in the image?	Yes, there is a cat in the	Yes
V: ['/content/data/coco/val2014/COCO_val2014_000000075591.jpg']	Is there a clock in the image?	Yes, there is a clock in the	No
V: ['/content/data/coco/val2014/COCO_val2014_000000075591.jpg']	Is there a book in the image?	Yes, there is a book in the	Yes
V: ['/content/data/coco/val2014/COCO_val2014_000000075591.jpg']	Is there an elephant in the image?	No, there is no elephant	No
V: ['/content/data/coco/val2014/COCO_val2014_000000516916.jpg']	Is there a tv in the image?	Yes, there is a television sitting on	Yes
V: ['/content/data/coco/val2014/COCO_val2014_000000516916.jpg']	Is there a bed in the image?	No, there is no bed in the	No
V: ['/content/data/coco/val2014/COCO_val2014_000000516916.jpg']	Is there a mouse in the image?	Yes, there is a mouse in the	Yes
V: ['/content/data/coco/val2014/COCO_val2014_000000516916.jpg']	Is there a bench in the image?	No, there is no bench in	No
V: ['/content/data/coco/val2014/COCO_val2014_000000516916.jpg']	Is there a laptop in the image?	Yes, there is a laptop in the	Yes
V: ['/content/data/coco/val2014/COCO_val2014_000000516916.jpg']	Is there a skateboard in the image?	No, there is no skateboard	No
V: ['/content/data/coco/val2014/COCO_val2014_000000542145.jpg']	Is there a sink in the image?	Yes, there is a sink in the	Yes
V: ['/content/data/coco/val2014/COCO_val2014_000000542145.jpg']	Is there a giraffe in the image?	No, there is no giraffe	No
V: ['/content/data/coco/val2014/COCO_val2014_000000542145.jpg']	Is there a toothbrush in the image?	Yes, there is a toothbr	Yes
V: ['/content/data/coco/val2014/COCO_val2014_000000542145.jpg']	Is there a person in the image?	No, there is no person in the	No
V: ['/content/data/coco/val2014/COCO_val2014_000000542145.jpg']	Is there a bottle in the image?	Yes, there is a bottle in	Yes
V: ['/content/data/coco/val2014/COCO_val2014_000000542145.jpg']	Is there an umbrella in the image?	No, there is no umbrella	No
V: ['/content/data/coco/val2014/COCO_val2014_000000218224.jpg']	Is there a truck in the image?	No, there is no truck in	Yes
V: ['/content/data/coco/val2014/COCO_val2014_000000218224.jpg']	Is there an elephant in the image?	No, there is no elephant	No
V: ['/content/data/coco/val2014/COCO_val2014_000000218224.jpg']	Is there an airplane in the image?	Yes, there is a large passenger jet	Yes
V: ['/content/data/coco/val2014/COCO_val2014_000000218224.jpg']	Is there a potted plant in the image?	No, there is no potted plant	No
V: ['/content/data/coco/val2014/COCO_val2014_000000218224.jpg']	Is there a car in the image?	No, there is no car in the	Yes
V: ['/content/data/coco/val2014/COCO_val2014_000000218224.jpg']	Is there a microwave in the image?	No, there is no microwave	No
V: ['/content/data/coco/val2014/COCO_val2014_000000297078.jpg']	Is there a backpack in the image?	Yes, there is a backpack in	Yes
V: ['/content/data/coco/val2014/COCO_val2014_000000297078.jpg']	Is there a bear in the image?	No, there is no bear in the	No
V: ['/content/data/coco/val2014/COCO_val2014_000000297078.jpg']	Is there a person in the image?	Yes, there is a person in the	Yes
V: ['/content/data/coco/val2014/COCO_val2014_000000297078.jpg']	Is there a cup in the image?	No, there is no cup in the	No
V: ['/content/data/coco/val2014/COCO_val2014_000000297078.jpg']	Is there a skis in the image?	Yes, there is a person with sk	Yes
V: ['/content/data/coco/val2014/COCO_val2014_000000297078.jpg']	Is there a sink in the image?	No, there is no sink in the	No
V: ['/content/data/coco/val2014/COCO_val2014_000000033270.jpg']	Is there a tv in the image?	Yes, there is a tv in the	Yes
V: ['/content/data/coco/val2014/COCO_val2014_000000033270.jpg']	Is there a cat in the image?	No, there is no cat in the	No
V: ['/content/data/coco/val2014/COCO_val2014_000000033270.jpg']	Is there a person in the image?	Yes, there is a person in the	Yes
V: ['/content/data/coco/val2014/COCO_val2014_000000033270.jpg']	Is there a donut in the image?	No, there is no donut in	No
V: ['/content/data/coco/val2014/COCO_val2014_000000033270.jpg']	Is there a couch in the image?	Yes, there is a couch in	Yes
V: ['/content/data/coco/val2014/COCO_val2014_000000033270.jpg']	Is there a teddy bear in the image?	Yes, there is a teddy bear	No
V: ['/content/data/coco/val2014/COCO_val2014_000000140583.jpg']	Is there a truck in the image?	Yes, there is a truck in	Yes
V: ['/content/data/coco/val2014/COCO_val2014_000000140583.jpg']	Is there a carrot in the image?	No, there is no carrot in	No
V: ['/content/data/coco/val2014/COCO_val2014_000000140583.jpg']	Is there a person in the image?	Yes, there is a person in the	Yes
V: ['/content/data/coco/val2014/COCO_val2014_000000140583.jpg']	Is there a tv in the image?	No, there is no TV in the	No
V: ['/content/data/coco/val2014/COCO_val2014_000000140583.jpg']	Is there a cow in the image?	Yes, there is a herd of	Yes
V: ['/content/data/coco/val2014/COCO_val2014_000000140583.jpg']	Is there a potted plant in the image?	No, there is no potted plant	No
V: ['/content/data/coco/val2014/COCO_val2014_000000421455.jpg']	Is there a dog in the image?	Yes, there is a dog in the	Yes
V: ['/content/data/coco/val2014/COCO_val2014_000000421455.jpg']	Is there an elephant in the image?	No, there is no elephant	No
V: ['/content/data/coco/val2014/COCO_val2014_000000421455.jpg']	Is there a truck in the image?	Yes, there is a truck in	Yes
V: ['/content/data/coco/val2014/COCO_val2014_000000421455.jpg']	Is there a stop sign in the image?	Yes, there is a stop sign in	No
V: ['/content/data/coco/val2014/COCO_val2014_000000421455.jpg']	Is there a person in the image?	Yes, there is a person in the	Yes
V: ['/content/data/coco/val2014/COCO_val2014_000000421455.jpg']	Is there a skis in the image?	No, there are no skis in	No
V: ['/content/data/coco/val2014/COCO_val2014_000000288639.jpg']	Is there a sink in the image?	Yes, there is a sink in the	Yes
V: ['/content/data/coco/val2014/COCO_val2014_000000288639.jpg']	Is there a sheep in the image?	No, there is no sheep in the	No
V: ['/content/data/coco/val2014/COCO_val2014_000000288639.jpg']	Is there a toothbrush in the image?	Yes, there is a toothbr	Yes
V: ['/content/data/coco/val2014/COCO_val2014_000000288639.jpg']	Is there a backpack in the image?	No, there is no backpack in	No
V: ['/content/data/coco/val2014/COCO_val2014_000000288639.jpg']	Is there a bottle in the image?	Yes, there is a bottle in	Yes
V: ['/content/data/coco/val2014/COCO_val2014_000000288639.jpg']	Is there a horse in the image?	No, there is no horse in the	No
V: ['/content/data/coco/val2014/COCO_val2014_000000291936.jpg']	Is there a person in the image?	Yes, there is a person in the	Yes
V: ['/content/data/coco/val2014/COCO_val2014_000000291936.jpg']	Is there a toilet in the image?	No, there is no toilet	No
V: ['/content/data/coco/val2014/COCO_val2014_000000291936.jpg']	Is there a bicycle in the image?	Yes, there is a bicycle	Yes
V: ['/content/data/coco/val2014/COCO_val2014_000000291936.jpg']	Is there a spoon in the image?	No, there is no spoon in	No
V: ['/content/data/coco/val2014/COCO_val2014_000000291936.jpg']	Is there an umbrella in the image?	Yes, there is an umbrella	Yes
V: ['/content/data/coco/val2014/COCO_val2014_000000291936.jpg']	Is there a dog in the image?	No, there is no dog in the	No
V: ['/content/data/coco/val2014/COCO_val2014_000000063953.jpg']	Is there a person in the image?	Yes, there is a person in the	Yes
V: ['/content/data/coco/val2014/COCO_val2014_000000063953.jpg']	Is there a skis in the image?	No, there are no skis in	No
V: ['/content/data/coco/val2014/COCO_val2014_000000063953.jpg']	Is there a bicycle in the image?	Yes, there is a bicycle	Yes
V: ['/content/data/coco/val2014/COCO_val2014_000000063953.jpg']	Is there a horse in the image?	No, there is no horse in the	No
V: ['/content/data/coco/val2014/COCO_val2014_000000063953.jpg']	Is there a skateboard in the image?	Yes, there is a skateboard	Yes
V: ['/content/data/coco/val2014/COCO_val2014_000000063953.jpg']	Is there a zebra in the image?	No, there is no zebra	No
V: ['/content/data/coco/val2014/COCO_val2014_000000526321.jpg']	Is there a laptop in the image?	Yes, there is a laptop in the	Yes
V: ['/content/data/coco/val2014/COCO_val2014_000000526321.jpg']	Is there a truck in the image?	Yes, there is a truck in	No
V: ['/content/data/coco/val2014/COCO_val2014_000000526321.jpg']	Is there a remote in the image?	Yes, there is a remote in the	Yes
V: ['/content/data/coco/val2014/COCO_val2014_000000526321.jpg']	Is there a hot dog in the image?	No, there is no hot dog in	No
V: ['/content/data/coco/val2014/COCO_val2014_000000526321.jpg']	Is there a dining table in the image?	Yes, there is a wooden desk	Yes
V: ['/content/data/coco/val2014/COCO_val2014_000000526321.jpg']	Is there a bowl in the image?	Yes, there is a bowl in	No
V: ['/content/data/coco/val2014/COCO_val2014_000000042190.jpg']	Is there a snowboard in the image?	Yes, there is a snowboard in	Yes
V: ['/content/data/coco/val2014/COCO_val2014_000000042190.jpg']	Is there a stop sign in the image?	No, there is no stop sign in	No
V: ['/content/data/coco/val2014/COCO_val2014_000000042190.jpg']	Is there a person in the image?	Yes, there is a person in the	Yes
V: ['/content/data/coco/val2014/COCO_val2014_000000042190.jpg']	Is there a couch in the image?	No, there is no couch in	No
V: ['/content/data/coco/val2014/COCO_val2014_000000042190.jpg']	Is there a surfboard in the image?	Yes, there is a surfboard	Yes
V: ['/content/data/coco/val2014/COCO_val2014_000000042190.jpg']	Is there a wine glass in the image?	No, there is no wine glass in	No
V: ['/content/data/coco/val2014/COCO_val2014_000000553165.jpg']	Is there a bird in the image?	Yes, there is a bird in the	Yes
V: ['/content/data/coco/val2014/COCO_val2014_000000553165.jpg']	Is there a cow in the image?	No, there is no cow in the	No
V: ['/content/data/coco/val2014/COCO_val2014_000000553165.jpg']	Is there a person in the image?	Yes, there is a person in the	Yes
V: ['/content/data/coco/val2014/COCO_val2014_000000553165.jpg']	Is there a bus in the image?	No, there is no bus in the	No
V: ['/content/data/coco/val2014/COCO_val2014_000000553165.jpg']	Is there a boat in the image?	Yes, there is a boat in the	Yes
V: ['/content/data/coco/val2014/COCO_val2014_000000553165.jpg']	Is there a wine glass in the image?	No, there is no wine glass in	No
V: ['/content/data/coco/val2014/COCO_val2014_000000170517.jpg']	Is there a dog in the image?	Yes, there is a dog in the	Yes
V: ['/content/data/coco/val2014/COCO_val2014_000000170517.jpg']	Is there a carrot in the image?	No, there is no carrot in	No
V: ['/content/data/coco/val2014/COCO_val2014_000000170517.jpg']	Is there a person in the image?	Yes, there is a person in the	Yes
V: ['/content/data/coco/val2014/COCO_val2014_000000170517.jpg']	Is there a bird in the image?	No, there is no bird in the	No
V: ['/content/data/coco/val2014/COCO_val2014_000000170517.jpg']	Is there a car in the image?	No, there is no car in the	Yes
V: ['/content/data/coco/val2014/COCO_val2014_000000170517.jpg']	Is there a spoon in the image?	No, there is no spoon in	No
V: ['/content/data/coco/val2014/COCO_val2014_000000498759.jpg']	Is there a person in the image?	Yes, there is a person riding	Yes
V: ['/content/data/coco/val2014/COCO_val2014_000000498759.jpg']	Is there a truck in the image?	Yes, there is a truck in	No
V: ['/content/data/coco/val2014/COCO_val2014_000000498759.jpg']	Is there a skateboard in the image?	Yes, there is a skateboard	Yes
V: ['/content/data/coco/val2014/COCO_val2014_000000498759.jpg']	Is there a cell phone in the image?	Yes, there is a cell phone in	No
V: ['/content/data/coco/val2014/COCO_val2014_000000498759.jpg']	Is there a car in the image?	Yes, there is a car in the	Yes
V: ['/content/data/coco/val2014/COCO_val2014_000000498759.jpg']	Is there a donut in the image?	No, there is no donut in	No
V: ['/content/data/coco/val2014/COCO_val2014_000000360600.jpg']	Is there a person in the image?	Yes, there is a person in the	Yes
V: ['/content/data/coco/val2014/COCO_val2014_000000360600.jpg']	Is there a mouse in the image?	No, there is no mouse in the	No
V: ['/content/data/coco/val2014/COCO_val2014_000000360600.jpg']	Is there a fork in the image?	Yes, there is a fork in the	Yes
V: ['/content/data/coco/val2014/COCO_val2014_000000360600.jpg']	Is there a bed in the image?	No, there is no bed in the	No
V: ['/content/data/coco/val2014/COCO_val2014_000000360600.jpg']	Is there a knife in the image?	Yes, there is a knife in	Yes
V: ['/content/data/coco/val2014/COCO_val2014_000000360600.jpg']	Is there a baseball glove in the image?	No, there is no baseball glove	No
V: ['/content/data/coco/val2014/COCO_val2014_000000031773.jpg']	Is there a tv in the image?	Yes, there is a television in the	Yes
V: ['/content/data/coco/val2014/COCO_val2014_000000031773.jpg']	Is there a surfboard in the image?	No, there is no surfboard	No
V: ['/content/data/coco/val2014/COCO_val2014_000000031773.jpg']	Is there a person in the image?	Yes, there is a person in the	Yes
V: ['/content/data/coco/val2014/COCO_val2014_000000031773.jpg']	Is there a zebra in the image?	No, there is no zebra	No
V: ['/content/data/coco/val2014/COCO_val2014_000000031773.jpg']	Is there a mouse in the image?	Yes, there is a mouse in the	Yes
V: ['/content/data/coco/val2014/COCO_val2014_000000031773.jpg']	Is there a vase in the image?	Yes, there is a vase in	No
V: ['/content/data/coco/val2014/COCO_val2014_000000500257.jpg']	Is there a tv in the image?	Yes, there is a TV in the	Yes
V: ['/content/data/coco/val2014/COCO_val2014_000000500257.jpg']	Is there a stop sign in the image?	No, there is no stop sign in	No
V: ['/content/data/coco/val2014/COCO_val2014_000000500257.jpg']	Is there a backpack in the image?	Yes, there is a backpack in	Yes
V: ['/content/data/coco/val2014/COCO_val2014_000000500257.jpg']	Is there a dog in the image?	No, there is no dog in the	No
V: ['/content/data/coco/val2014/COCO_val2014_000000500257.jpg']	Is there a person in the image?	Yes, there is a person in the	Yes
V: ['/content/data/coco/val2014/COCO_val2014_000000500257.jpg']	Is there an apple in the image?	No, there is no apple in the	No
V: ['/content/data/coco/val2014/COCO_val2014_000000574057.jpg']	Is there a car in the image?	No, there is no car in the	Yes
V: ['/content/data/coco/val2014/COCO_val2014_000000574057.jpg']	Is there a tennis racket in the image?	Yes, there is a tennis racket	No
V: ['/content/data/coco/val2014/COCO_val2014_000000574057.jpg']	Is there a train in the image?	Yes, there is a train in the	Yes
V: ['/content/data/coco/val2014/COCO_val2014_000000574057.jpg']	Is there a backpack in the image?	Yes, there is a backpack in	No
V: ['/content/data/coco/val2014/COCO_val2014_000000574057.jpg']	Is there a bed in the image?	Yes, there is a bed in the	Yes
V: ['/content/data/coco/val2014/COCO_val2014_000000574057.jpg']	Is there a sports ball in the image?	Yes, there is a sports ball in	No
V: ['/content/data/coco/val2014/COCO_val2014_000000456178.jpg']	Is there a traffic light in the image?	Yes, there is a traffic light in	Yes
V: ['/content/data/coco/val2014/COCO_val2014_000000456178.jpg']	Is there a sandwich in the image?	No, there is no sandwich in	No
V: ['/content/data/coco/val2014/COCO_val2014_000000456178.jpg']	Is there a truck in the image?	Yes, there is a truck in	Yes
V: ['/content/data/coco/val2014/COCO_val2014_000000456178.jpg']	Is there a couch in the image?	No, there is no couch in	No
V: ['/content/data/coco/val2014/COCO_val2014_000000456178.jpg']	Is there a clock in the image?	Yes, there is a clock in the	Yes
V: ['/content/data/coco/val2014/COCO_val2014_000000456178.jpg']	Is there a bear in the image?	No, there is no bear in the	No
V: ['/content/data/coco/val2014/COCO_val2014_000000565941.jpg']	Is there a person in the image?	Yes, there is a person in the	Yes
V: ['/content/data/coco/val2014/COCO_val2014_000000565941.jpg']	Is there a cat in the image?	No, there is no cat in the	No
V: ['/content/data/coco/val2014/COCO_val2014_000000565941.jpg']	Is there a bottle in the image?	Yes, there is a bottle in	Yes
V: ['/content/data/coco/val2014/COCO_val2014_000000565941.jpg']	Is there a wine glass in the image?	Yes, there is a wine glass in	No
V: ['/content/data/coco/val2014/COCO_val2014_000000565941.jpg']	Is there a dining table in the image?	Yes, there is a dining table	Yes
V: ['/content/data/coco/val2014/COCO_val2014_000000565941.jpg']	Is there a snowboard in the image?	No, there is no snowboard in	No
V: ['/content/data/coco/val2014/COCO_val2014_000000485564.jpg']	Is there a car in the image?	No, there is no car in the	Yes
V: ['/content/data/coco/val2014/COCO_val2014_000000485564.jpg']	Is there a truck in the image?	No, there is no truck in	No
V: ['/content/data/coco/val2014/COCO_val2014_000000485564.jpg']	Is there a person in the image?	Yes, there is a person in the	Yes
V: ['/content/data/coco/val2014/COCO_val2014_000000485564.jpg']	Is there a microwave in the image?	No, there is no microwave	No
V: ['/content/data/coco/val2014/COCO_val2014_000000485564.jpg']	Is there a sports ball in the image?	Yes, there is a sports ball in	Yes
V: ['/content/data/coco/val2014/COCO_val2014_000000485564.jpg']	Is there a giraffe in the image?	No, there is no giraffe	No
V: ['/content/data/coco/val2014/COCO_val2014_000000454642.jpg']	Is there a truck in the image?	Yes, there is a truck in	Yes
V: ['/content/data/coco/val2014/COCO_val2014_000000454642.jpg']	Is there a banana in the image?	No, there is no banana in	No
V: ['/content/data/coco/val2014/COCO_val2014_000000454642.jpg']	Is there a person in the image?	Yes, there is a person in the	Yes
V: ['/content/data/coco/val2014/COCO_val2014_000000454642.jpg']	Is there an airplane in the image?	No, there is no airplane in	No
V: ['/content/data/coco/val2014/COCO_val2014_000000454642.jpg']	Is there a motorcycle in the image?	Yes, there is a motorcycle in	Yes
V: ['/content/data/coco/val2014/COCO_val2014_000000454642.jpg']	Is there a vase in the image?	No, there is no vase in	No
V: ['/content/data/coco/val2014/COCO_val2014_000000205729.jpg']	Is there a backpack in the image?	Yes, there is a backpack in	Yes
V: ['/content/data/coco/val2014/COCO_val2014_000000205729.jpg']	Is there a chair in the image?	No, there is no chair in the	No
V: ['/content/data/coco/val2014/COCO_val2014_000000205729.jpg']	Is there a person in the image?	Yes, there is a person in the	Yes
V: ['/content/data/coco/val2014/COCO_val2014_000000205729.jpg']	Is there a snowboard in the image?	Yes, there is a snowboard in	No
V: ['/content/data/coco/val2014/COCO_val2014_000000205729.jpg']	Is there a skis in the image?	Yes, there are skis in the	Yes
V: ['/content/data/coco/val2014/COCO_val2014_000000205729.jpg']	Is there a bottle in the image?	Yes, there is a bottle in	No
V: ['/content/data/coco/val2014/COCO_val2014_000000424792.jpg']	Is there a couch in the image?	Yes, there is a couch in	Yes
V: ['/content/data/coco/val2014/COCO_val2014_000000424792.jpg']	Is there a boat in the image?	No, there is no boat in the	No
V: ['/content/data/coco/val2014/COCO_val2014_000000424792.jpg']	Is there a chair in the image?	Yes, there is a chair in the	Yes
V: ['/content/data/coco/val2014/COCO_val2014_000000424792.jpg']	Is there a sports ball in the image?	No, there is no sports ball in	No
V: ['/content/data/coco/val2014/COCO_val2014_000000424792.jpg']	Is there a vase in the image?	Yes, there is a vase in	Yes
V: ['/content/data/coco/val2014/COCO_val2014_000000424792.jpg']	Is there a handbag in the image?	No, there is no handbag in	No
V: ['/content/data/coco/val2014/COCO_val2014_000000329717.jpg']	Is there a person in the image?	Yes, there is a baby or small	Yes
V: ['/content/data/coco/val2014/COCO_val2014_000000329717.jpg']	Is there a tennis racket in the image?	No, there is no tennis racket	No
V: ['/content/data/coco/val2014/COCO_val2014_000000329717.jpg']	Is there a suitcase in the image?	Yes, there is a suitcase in	Yes
V: ['/content/data/coco/val2014/COCO_val2014_000000329717.jpg']	Is there a bird in the image?	No, there is no bird in the	No
V: ['/content/data/coco/val2014/COCO_val2014_000000329717.jpg']	Is there a handbag in the image?	Yes, there is a handbag in	Yes
V: ['/content/data/coco/val2014/COCO_val2014_000000329717.jpg']	Is there a toaster in the image?	No, there is no toaster in	No
V: ['/content/data/coco/val2014/COCO_val2014_000000012333.jpg']	Is there a chair in the image?	Yes, there is a chair in the	Yes
V: ['/content/data/coco/val2014/COCO_val2014_000000012333.jpg']	Is there a refrigerator in the image?	No, there is no refriger	No
V: ['/content/data/coco/val2014/COCO_val2014_000000012333.jpg']	Is there a person in the image?	Yes, there is a person in the	Yes
V: ['/content/data/coco/val2014/COCO_val2014_000000012333.jpg']	Is there a skis in the image?	No, there are no skis in	No
V: ['/content/data/coco/val2014/COCO_val2014_000000012333.jpg']	Is there a horse in the image?	Yes, there is a white horse in	Yes
V: ['/content/data/coco/val2014/COCO_val2014_000000012333.jpg']	Is there a cup in the image?	Yes, there is a cup in the	No
V: ['/content/data/coco/val2014/COCO_val2014_000000480122.jpg']	Is there a banana in the image?	Yes, there is a banana in	Yes
V: ['/content/data/coco/val2014/COCO_val2014_000000480122.jpg']	Is there a baseball glove in the image?	No, there is no baseball glove	No
V: ['/content/data/coco/val2014/COCO_val2014_000000480122.jpg']	Is there a spoon in the image?	Yes, there is a spoon in	Yes
V: ['/content/data/coco/val2014/COCO_val2014_000000480122.jpg']	Is there a fire hydrant in the image?	No, there is no fire hydrant	No
V: ['/content/data/coco/val2014/COCO_val2014_000000480122.jpg']	Is there a bowl in the image?	Yes, there is a bowl in	Yes
V: ['/content/data/coco/val2014/COCO_val2014_000000480122.jpg']	Is there a remote in the image?	Yes, there is a remote control in	No
V: ['/content/data/coco/val2014/COCO_val2014_000000515904.jpg']	Is there a vase in the image?	Yes, there is a vase in	Yes
V: ['/content/data/coco/val2014/COCO_val2014_000000515904.jpg']	Is there a bowl in the image?	Yes, there is a bowl in	No
V: ['/content/data/coco/val2014/COCO_val2014_000000515904.jpg']	Is there a sink in the image?	Yes, there is a sink in the	Yes
V: ['/content/data/coco/val2014/COCO_val2014_000000515904.jpg']	Is there a baseball bat in the image?	No, there is no baseball bat in	No
V: ['/content/data/coco/val2014/COCO_val2014_000000515904.jpg']	Is there a potted plant in the image?	Yes, there is a potted plant	Yes
V: ['/content/data/coco/val2014/COCO_val2014_000000515904.jpg']	Is there a spoon in the image?	No, there is no spoon in	No
V: ['/content/data/coco/val2014/COCO_val2014_000000437347.jpg']	Is there a baseball glove in the image?	Yes, there is a baseball glove	Yes
V: ['/content/data/coco/val2014/COCO_val2014_000000437347.jpg']	Is there a refrigerator in the image?	No, there is no refriger	No
V: ['/content/data/coco/val2014/COCO_val2014_000000437347.jpg']	Is there a person in the image?	Yes, there is a person in the	Yes
V: ['/content/data/coco/val2014/COCO_val2014_000000437347.jpg']	Is there a broccoli in the image?	No, there is no broccoli	No
V: ['/content/data/coco/val2014/COCO_val2014_000000437347.jpg']	Is there a sports ball in the image?	Yes, there is a sports ball in	Yes
V: ['/content/data/coco/val2014/COCO_val2014_000000437347.jpg']	Is there a wine glass in the image?	No, there is no wine glass in	No
V: ['/content/data/coco/val2014/COCO_val2014_000000354229.jpg']	Is there a person in the image?	Yes, there is a person in the	Yes
V: ['/content/data/coco/val2014/COCO_val2014_000000354229.jpg']	Is there an airplane in the image?	No, there is no airplane in	No
V: ['/content/data/coco/val2014/COCO_val2014_000000354229.jpg']	Is there a car in the image?	Yes, there is a car in the	Yes
V: ['/content/data/coco/val2014/COCO_val2014_000000354229.jpg']	Is there a sandwich in the image?	No, there is no sandwich in	No
V: ['/content/data/coco/val2014/COCO_val2014_000000354229.jpg']	Is there a bus in the image?	Yes, there is a bus in the	Yes
V: ['/content/data/coco/val2014/COCO_val2014_000000354229.jpg']	Is there a handbag in the image?	Yes, there is a handbag visible	No
V: ['/content/data/coco/val2014/COCO_val2014_000000538236.jpg']	Is there a person in the image?	Yes, there is a person in the	Yes
V: ['/content/data/coco/val2014/COCO_val2014_000000538236.jpg']	Is there a kite in the image?	No, there is no kite in	No
V: ['/content/data/coco/val2014/COCO_val2014_000000538236.jpg']	Is there a dining table in the image?	Yes, there is a dining table	Yes
V: ['/content/data/coco/val2014/COCO_val2014_000000538236.jpg']	Is there a sports ball in the image?	No, there is no sports ball in	No
V: ['/content/data/coco/val2014/COCO_val2014_000000538236.jpg']	Is there a handbag in the image?	Yes, there is a handbag in	Yes
V: ['/content/data/coco/val2014/COCO_val2014_000000538236.jpg']	Is there a traffic light in the image?	No, there is no traffic light in	No
V: ['/content/data/coco/val2014/COCO_val2014_000000236865.jpg']	Is there a person in the image?	Yes, there is a young girl or	Yes
V: ['/content/data/coco/val2014/COCO_val2014_000000236865.jpg']	Is there a skis in the image?	No, there are no skis in	No
V: ['/content/data/coco/val2014/COCO_val2014_000000236865.jpg']	Is there an orange in the image?	No, there is no orange in the	Yes
V: ['/content/data/coco/val2014/COCO_val2014_000000236865.jpg']	Is there a toaster in the image?	No, there is no toaster in	No
V: ['/content/data/coco/val2014/COCO_val2014_000000236865.jpg']	Is there a car in the image?	No, there is no car in the	Yes
V: ['/content/data/coco/val2014/COCO_val2014_000000236865.jpg']	Is there a refrigerator in the image?	No, there is no refriger	No
V: ['/content/data/coco/val2014/COCO_val2014_000000217397.jpg']	Is there a person in the image?	Yes, there is a man in the	Yes
V: ['/content/data/coco/val2014/COCO_val2014_000000217397.jpg']	Is there a tv in the image?	No, there is no TV in the	No
V: ['/content/data/coco/val2014/COCO_val2014_000000217397.jpg']	Is there a wine glass in the image?	Yes, there is a wine glass in	Yes
V: ['/content/data/coco/val2014/COCO_val2014_000000217397.jpg']	Is there a bench in the image?	Yes, there is a bench in	No
V: ['/content/data/coco/val2014/COCO_val2014_000000217397.jpg']	Is there a bottle in the image?	Yes, there is a bottle in	Yes
V: ['/content/data/coco/val2014/COCO_val2014_000000217397.jpg']	Is there a snowboard in the image?	No, there is no snowboard in	No
V: ['/content/data/coco/val2014/COCO_val2014_000000060213.jpg']	Is there a backpack in the image?	Yes, there is a backpack in	Yes
V: ['/content/data/coco/val2014/COCO_val2014_000000060213.jpg']	Is there a horse in the image?	No, there is no horse in the	No
V: ['/content/data/coco/val2014/COCO_val2014_000000060213.jpg']	Is there a bed in the image?	Yes, there is a bed in the	Yes
V: ['/content/data/coco/val2014/COCO_val2014_000000060213.jpg']	Is there a dog in the image?	Yes, there is a dog in the	No
V: ['/content/data/coco/val2014/COCO_val2014_000000060213.jpg']	Is there a book in the image?	Yes, there is a book in the	Yes
V: ['/content/data/coco/val2014/COCO_val2014_000000060213.jpg']	Is there a sports ball in the image?	No, there is no sports ball in	No
V: ['/content/data/coco/val2014/COCO_val2014_000000054025.jpg']	Is there a traffic light in the image?	Yes, there is a traffic light in	Yes
V: ['/content/data/coco/val2014/COCO_val2014_000000054025.jpg']	Is there a pizza in the image?	No, there is no pizza in	No
V: ['/content/data/coco/val2014/COCO_val2014_000000054025.jpg']	Is there a person in the image?	Yes, there is a person in the	Yes
V: ['/content/data/coco/val2014/COCO_val2014_000000054025.jpg']	Is there a toaster in the image?	No, there is no toaster in	No
V: ['/content/data/coco/val2014/COCO_val2014_000000054025.jpg']	Is there a backpack in the image?	Yes, there is a backpack in	Yes
V: ['/content/data/coco/val2014/COCO_val2014_000000054025.jpg']	Is there an airplane in the image?	No, there is no airplane in	No
V: ['/content/data/coco/val2014/COCO_val2014_000000084447.jpg']	Is there a person in the image?	Yes, there is a person in the	Yes
V: ['/content/data/coco/val2014/COCO_val2014_000000084447.jpg']	Is there a toothbrush in the image?	No, there is no toothbr	No
V: ['/content/data/coco/val2014/COCO_val2014_000000084447.jpg']	Is there a motorcycle in the image?	Yes, there is a motorcycle in	Yes
V: ['/content/data/coco/val2014/COCO_val2014_000000084447.jpg']	Is there a carrot in the image?	No, there is no carrot in	No
V: ['/content/data/coco/val2014/COCO_val2014_000000084447.jpg']	Is there a bicycle in the image?	No, there is no bicycle	Yes
V: ['/content/data/coco/val2014/COCO_val2014_000000084447.jpg']	Is there a parking meter in the image?	No, there is no parking meter	No
V: ['/content/data/coco/val2014/COCO_val2014_000000192660.jpg']	Is there a person in the image?	No, there is no person in the	Yes
V: ['/content/data/coco/val2014/COCO_val2014_000000192660.jpg']	Is there a handbag in the image?	Yes, there is a handbag in	No
V: ['/content/data/coco/val2014/COCO_val2014_000000192660.jpg']	Is there a dining table in the image?	Yes, there is a dining table	Yes
V: ['/content/data/coco/val2014/COCO_val2014_000000192660.jpg']	Is there a backpack in the image?	No, there is no backpack in	No
V: ['/content/data/coco/val2014/COCO_val2014_000000192660.jpg']	Is there a refrigerator in the image?	Yes, there is a refriger	Yes
V: ['/content/data/coco/val2014/COCO_val2014_000000192660.jpg']	Is there a teddy bear in the image?	Yes, there is a teddy bear	No
V: ['/content/data/coco/val2014/COCO_val2014_000000575755.jpg']	Is there a sandwich in the image?	Yes, there is a sandwich in	Yes
V: ['/content/data/coco/val2014/COCO_val2014_000000575755.jpg']	Is there a backpack in the image?	No, there is no backpack in	No
V: ['/content/data/coco/val2014/COCO_val2014_000000575755.jpg']	Is there a carrot in the image?	Yes, there is a carrot in	Yes
V: ['/content/data/coco/val2014/COCO_val2014_000000575755.jpg']	Is there a sink in the image?	Yes, there is a sink visible in	No
V: ['/content/data/coco/val2014/COCO_val2014_000000575755.jpg']	Is there a broccoli in the image?	Yes, there is a broccoli	Yes
V: ['/content/data/coco/val2014/COCO_val2014_000000575755.jpg']	Is there a bowl in the image?	Yes, there is a bowl in	No
V: ['/content/data/coco/val2014/COCO_val2014_000000354088.jpg']	Is there a person in the image?	Yes, there is a person in the	Yes
V: ['/content/data/coco/val2014/COCO_val2014_000000354088.jpg']	Is there a toaster in the image?	No, there is no toaster in	No
V: ['/content/data/coco/val2014/COCO_val2014_000000354088.jpg']	Is there a car in the image?	Yes, there is a car in the	Yes
V: ['/content/data/coco/val2014/COCO_val2014_000000354088.jpg']	Is there a cat in the image?	No, there is no cat in the	No
V: ['/content/data/coco/val2014/COCO_val2014_000000354088.jpg']	Is there a dining table in the image?	Yes, there is a dining table	Yes
V: ['/content/data/coco/val2014/COCO_val2014_000000354088.jpg']	Is there a handbag in the image?	Yes, there is a handbag in	No
V: ['/content/data/coco/val2014/COCO_val2014_000000311327.jpg']	Is there a person in the image?	Yes, there is a person in the	Yes
V: ['/content/data/coco/val2014/COCO_val2014_000000311327.jpg']	Is there a book in the image?	No, there is no book in the	No
V: ['/content/data/coco/val2014/COCO_val2014_000000311327.jpg']	Is there a boat in the image?	Yes, there is a boat in the	Yes
V: ['/content/data/coco/val2014/COCO_val2014_000000311327.jpg']	Is there a refrigerator in the image?	No, there is no refriger	No
V: ['/content/data/coco/val2014/COCO_val2014_000000311327.jpg']	Is there a handbag in the image?	Yes, there is a handbag in	Yes
V: ['/content/data/coco/val2014/COCO_val2014_000000311327.jpg']	Is there a car in the image?	No, there is no car in the	No
V: ['/content/data/coco/val2014/COCO_val2014_000000456552.jpg']	Is there a person in the image?	Yes, there is a person in the	Yes
V: ['/content/data/coco/val2014/COCO_val2014_000000456552.jpg']	Is there a sandwich in the image?	No, there is no sandwich in	No
V: ['/content/data/coco/val2014/COCO_val2014_000000456552.jpg']	Is there a bench in the image?	Yes, there is a bench in	Yes
V: ['/content/data/coco/val2014/COCO_val2014_000000456552.jpg']	Is there a microwave in the image?	No, there is no microwave	No
V: ['/content/data/coco/val2014/COCO_val2014_000000456552.jpg']	Is there a skateboard in the image?	Yes, there is a skateboard	Yes
V: ['/content/data/coco/val2014/COCO_val2014_000000456552.jpg']	Is there an apple in the image?	No, there is no apple in the	No
V: ['/content/data/coco/val2014/COCO_val2014_000000350898.jpg']	Is there a spoon in the image?	Yes, there is a spoon in	Yes
V: ['/content/data/coco/val2014/COCO_val2014_000000350898.jpg']	Is there a suitcase in the image?	No, there is no suitcase in	No
V: ['/content/data/coco/val2014/COCO_val2014_000000350898.jpg']	Is there a bottle in the image?	Yes, there is a bottle in	Yes
V: ['/content/data/coco/val2014/COCO_val2014_000000350898.jpg']	Is there a couch in the image?	No, there is no couch in	No
V: ['/content/data/coco/val2014/COCO_val2014_000000350898.jpg']	Is there a refrigerator in the image?	Yes, there is a refriger	Yes
V: ['/content/data/coco/val2014/COCO_val2014_000000350898.jpg']	Is there a remote in the image?	Yes, there is a remote in the	No
V: ['/content/data/coco/val2014/COCO_val2014_000000170365.jpg']	Is there a sink in the image?	Yes, there is a sink in the	Yes
V: ['/content/data/coco/val2014/COCO_val2014_000000170365.jpg']	Is there a bird in the image?	Yes, there is a bird in the	No
V: ['/content/data/coco/val2014/COCO_val2014_000000170365.jpg']	Is there a potted plant in the image?	Yes, there is a potted plant	Yes
V: ['/content/data/coco/val2014/COCO_val2014_000000170365.jpg']	Is there a cow in the image?	No, there is no cow in the	No
V: ['/content/data/coco/val2014/COCO_val2014_000000170365.jpg']	Is there a toilet in the image?	Yes, there is a toilet	Yes
V: ['/content/data/coco/val2014/COCO_val2014_000000170365.jpg']	Is there a banana in the image?	No, there is no banana in	No
V: ['/content/data/coco/val2014/COCO_val2014_000000021645.jpg']	Is there a backpack in the image?	Yes, there is a backpack in	Yes
V: ['/content/data/coco/val2014/COCO_val2014_000000021645.jpg']	Is there a cow in the image?	No, there is no cow in the	No
V: ['/content/data/coco/val2014/COCO_val2014_000000021645.jpg']	Is there a clock in the image?	Yes, there is a clock in the	Yes
V: ['/content/data/coco/val2014/COCO_val2014_000000021645.jpg']	Is there a frisbee in the image?	No, there is no frisbe	No
V: ['/content/data/coco/val2014/COCO_val2014_000000021645.jpg']	Is there a couch in the image?	Yes, there is a couch in	Yes
V: ['/content/data/coco/val2014/COCO_val2014_000000021645.jpg']	Is there a bird in the image?	No, there is no bird in the	No
V: ['/content/data/coco/val2014/COCO_val2014_000000528905.jpg']	Is there a person in the image?	Yes, there is a person in the	Yes
V: ['/content/data/coco/val2014/COCO_val2014_000000528905.jpg']	Is there a remote in the image?	Yes, there is a remote in the	No
V: ['/content/data/coco/val2014/COCO_val2014_000000528905.jpg']	Is there a car in the image?	Yes, there is a car in the	Yes
V: ['/content/data/coco/val2014/COCO_val2014_000000528905.jpg']	Is there a sandwich in the image?	No, there is no sandwich in	No
V: ['/content/data/coco/val2014/COCO_val2014_000000528905.jpg']	Is there a frisbee in the image?	Yes, there is a frisbe	Yes
V: ['/content/data/coco/val2014/COCO_val2014_000000528905.jpg']	Is there a tennis racket in the image?	No, there is no tennis racket	No
V: ['/content/data/coco/val2014/COCO_val2014_000000239347.jpg']	Is there a person in the image?	Yes, there is a person in the	Yes
V: ['/content/data/coco/val2014/COCO_val2014_000000239347.jpg']	Is there a bottle in the image?	No, there is no bottle in	No
V: ['/content/data/coco/val2014/COCO_val2014_000000239347.jpg']	Is there a bed in the image?	Yes, there is a bed in the	Yes
V: ['/content/data/coco/val2014/COCO_val2014_000000239347.jpg']	Is there a bench in the image?	Yes, there is a bench in	No
V: ['/content/data/coco/val2014/COCO_val2014_000000239347.jpg']	Is there a tie in the image?	Yes, there is a tie in the	Yes
V: ['/content/data/coco/val2014/COCO_val2014_000000239347.jpg']	Is there a bird in the image?	No, there is no bird in the	No
V: ['/content/data/coco/val2014/COCO_val2014_000000007320.jpg']	Is there a tv in the image?	Yes, there is a TV in the	Yes
V: ['/content/data/coco/val2014/COCO_val2014_000000007320.jpg']	Is there a chair in the image?	Yes, there is a chair in the	No
V: ['/content/data/coco/val2014/COCO_val2014_000000007320.jpg']	Is there a person in the image?	Yes, there is a person in the	Yes
V: ['/content/data/coco/val2014/COCO_val2014_000000007320.jpg']	Is there a baseball glove in the image?	No, there is no baseball glove	No
V: ['/content/data/coco/val2014/COCO_val2014_000000007320.jpg']	Is there a remote in the image?	Yes, there is a remote control in	Yes
V: ['/content/data/coco/val2014/COCO_val2014_000000007320.jpg']	Is there a kite in the image?	No, there is no kite in	No
V: ['/content/data/coco/val2014/COCO_val2014_000000249715.jpg']	Is there a chair in the image?	Yes, there is a chair in the	Yes
V: ['/content/data/coco/val2014/COCO_val2014_000000249715.jpg']	Is there a cell phone in the image?	Yes, there is a cell phone in	No
V: ['/content/data/coco/val2014/COCO_val2014_000000249715.jpg']	Is there a person in the image?	Yes, there is a man and a	Yes
V: ['/content/data/coco/val2014/COCO_val2014_000000249715.jpg']	Is there a book in the image?	Yes, there is a book in the	No
V: ['/content/data/coco/val2014/COCO_val2014_000000249715.jpg']	Is there a remote in the image?	Yes, there is a remote in the	Yes
V: ['/content/data/coco/val2014/COCO_val2014_000000249715.jpg']	Is there a scissors in the image?	No, there is no scissors	No
V: ['/content/data/coco/val2014/COCO_val2014_000000080022.jpg']	Is there a person in the image?	Yes, there is a person in the	Yes
V: ['/content/data/coco/val2014/COCO_val2014_000000080022.jpg']	Is there a bus in the image?	No, there is no bus in the	No
V: ['/content/data/coco/val2014/COCO_val2014_000000080022.jpg']	Is there a sports ball in the image?	Yes, there is a sports ball in	Yes
V: ['/content/data/coco/val2014/COCO_val2014_000000080022.jpg']	Is there a carrot in the image?	No, there is no carrot in	No
V: ['/content/data/coco/val2014/COCO_val2014_000000080022.jpg']	Is there a tennis racket in the image?	Yes, there is a tennis racket	Yes
V: ['/content/data/coco/val2014/COCO_val2014_000000080022.jpg']	Is there a truck in the image?	No, there is no truck in	No
V: ['/content/data/coco/val2014/COCO_val2014_000000564336.jpg']	Is there a person in the image?	Yes, there is a person in the	Yes
V: ['/content/data/coco/val2014/COCO_val2014_000000564336.jpg']	Is there a baseball glove in the image?	No, there is no baseball glove	No
V: ['/content/data/coco/val2014/COCO_val2014_000000564336.jpg']	Is there a truck in the image?	Yes, there is a truck in	Yes
V: ['/content/data/coco/val2014/COCO_val2014_000000564336.jpg']	Is there a skateboard in the image?	Yes, there is a skateboard	No
V: ['/content/data/coco/val2014/COCO_val2014_000000564336.jpg']	Is there a laptop in the image?	Yes, there is a laptop in the	Yes
V: ['/content/data/coco/val2014/COCO_val2014_000000564336.jpg']	Is there a backpack in the image?	Yes, there is a backpack in	No
V: ['/content/data/coco/val2014/COCO_val2014_000000231589.jpg']	Is there a chair in the image?	Yes, there is a chair in the	Yes
V: ['/content/data/coco/val2014/COCO_val2014_000000231589.jpg']	Is there a traffic light in the image?	No, there is no traffic light in	No
V: ['/content/data/coco/val2014/COCO_val2014_000000231589.jpg']	Is there a person in the image?	Yes, there is a person in the	Yes
V: ['/content/data/coco/val2014/COCO_val2014_000000231589.jpg']	Is there a toothbrush in the image?	No, there is no toothbr	No
V: ['/content/data/coco/val2014/COCO_val2014_000000231589.jpg']	Is there a couch in the image?	Yes, there is a couch in	Yes
V: ['/content/data/coco/val2014/COCO_val2014_000000231589.jpg']	Is there a tennis racket in the image?	No, there is no tennis racket	No
V: ['/content/data/coco/val2014/COCO_val2014_000000465275.jpg']	Is there a person in the image?	Yes, there is a person in the	Yes
V: ['/content/data/coco/val2014/COCO_val2014_000000465275.jpg']	Is there a bird in the image?	No, there is no bird in the	No
V: ['/content/data/coco/val2014/COCO_val2014_000000465275.jpg']	Is there a clock in the image?	Yes, there is a clock in the	Yes
V: ['/content/data/coco/val2014/COCO_val2014_000000465275.jpg']	Is there a tv in the image?	Yes, there is a TV in the	No
V: ['/content/data/coco/val2014/COCO_val2014_000000465275.jpg']	Is there a couch in the image?	Yes, there is a couch in	Yes
V: ['/content/data/coco/val2014/COCO_val2014_000000465275.jpg']	Is there a keyboard in the image?	No, there is no keyboard in the	No
V: ['/content/data/coco/val2014/COCO_val2014_000000083275.jpg']	Is there a baseball glove in the image?	Yes, there is a baseball glove	Yes
V: ['/content/data/coco/val2014/COCO_val2014_000000083275.jpg']	Is there a spoon in the image?	No, there is no spoon in	No
V: ['/content/data/coco/val2014/COCO_val2014_000000083275.jpg']	Is there a person in the image?	Yes, there is a person in the	Yes
V: ['/content/data/coco/val2014/COCO_val2014_000000083275.jpg']	Is there a teddy bear in the image?	No, there is no teddy bear	No
V: ['/content/data/coco/val2014/COCO_val2014_000000083275.jpg']	Is there a sports ball in the image?	Yes, there is a sports ball in	Yes
V: ['/content/data/coco/val2014/COCO_val2014_000000083275.jpg']	Is there a bowl in the image?	No, there is no bowl in	No
V: ['/content/data/coco/val2014/COCO_val2014_000000406403.jpg']	Is there a snowboard in the image?	Yes, there is a snowboard in	Yes
V: ['/content/data/coco/val2014/COCO_val2014_000000406403.jpg']	Is there an oven in the image?	No, there is no oven in	No
V: ['/content/data/coco/val2014/COCO_val2014_000000406403.jpg']	Is there a person in the image?	Yes, there is a person in the	Yes
V: ['/content/data/coco/val2014/COCO_val2014_000000406403.jpg']	Is there a bicycle in the image?	No, there is no bicycle	No
V: ['/content/data/coco/val2014/COCO_val2014_000000406403.jpg']	Is there a skis in the image?	Yes, there are skis in the	Yes
V: ['/content/data/coco/val2014/COCO_val2014_000000406403.jpg']	Is there a broccoli in the image?	No, there is no broccoli	No
V: ['/content/data/coco/val2014/COCO_val2014_000000131018.jpg']	Is there a person in the image?	Yes, there is a person in the	Yes
V: ['/content/data/coco/val2014/COCO_val2014_000000131018.jpg']	Is there a clock in the image?	Yes, there is a clock in the	No
V: ['/content/data/coco/val2014/COCO_val2014_000000131018.jpg']	Is there a bowl in the image?	Yes, there is a bowl in	Yes
V: ['/content/data/coco/val2014/COCO_val2014_000000131018.jpg']	Is there an elephant in the image?	No, there is no elephant	No
V: ['/content/data/coco/val2014/COCO_val2014_000000131018.jpg']	Is there a scissors in the image?	Yes, there is a pair of sc	Yes
V: ['/content/data/coco/val2014/COCO_val2014_000000131018.jpg']	Is there a giraffe in the image?	No, there is no giraffe	No
V: ['/content/data/coco/val2014/COCO_val2014_000000332625.jpg']	Is there a chair in the image?	Yes, there is a chair in the	Yes
V: ['/content/data/coco/val2014/COCO_val2014_000000332625.jpg']	Is there a potted plant in the image?	No, there is no potted plant	No
V: ['/content/data/coco/val2014/COCO_val2014_000000332625.jpg']	Is there a person in the image?	Yes, there is a person in the	Yes
V: ['/content/data/coco/val2014/COCO_val2014_000000332625.jpg']	Is there a motorcycle in the image?	No, there is no motorcycle in	No
V: ['/content/data/coco/val2014/COCO_val2014_000000332625.jpg']	Is there an airplane in the image?	Yes, there is an airplane in	Yes
V: ['/content/data/coco/val2014/COCO_val2014_000000332625.jpg']	Is there a frisbee in the image?	No, there is no frisbe	No
V: ['/content/data/coco/val2014/COCO_val2014_000000332025.jpg']	Is there a dog in the image?	Yes, there is a dog in the	Yes
V: ['/content/data/coco/val2014/COCO_val2014_000000332025.jpg']	Is there a sports ball in the image?	No, there is no sports ball in	No
V: ['/content/data/coco/val2014/COCO_val2014_000000332025.jpg']	Is there a person in the image?	Yes, there is a person in the	Yes
V: ['/content/data/coco/val2014/COCO_val2014_000000332025.jpg']	Is there an oven in the image?	No, there is no oven in	No
V: ['/content/data/coco/val2014/COCO_val2014_000000332025.jpg']	Is there a backpack in the image?	Yes, there is a backpack in	Yes
V: ['/content/data/coco/val2014/COCO_val2014_000000332025.jpg']	Is there a clock in the image?	No, there is no clock in the	No
V: ['/content/data/coco/val2014/COCO_val2014_000000318204.jpg']	Is there a person in the image?	Yes, there is a person in the	Yes
V: ['/content/data/coco/val2014/COCO_val2014_000000318204.jpg']	Is there a baseball glove in the image?	No, there is no baseball glove	No
V: ['/content/data/coco/val2014/COCO_val2014_000000318204.jpg']	Is there a horse in the image?	Yes, there is a horse in the	Yes
V: ['/content/data/coco/val2014/COCO_val2014_000000318204.jpg']	Is there a knife in the image?	No, there is no knife in	No
V: ['/content/data/coco/val2014/COCO_val2014_000000318204.jpg']	Is there a sheep in the image?	Yes, there is a sheep in the	Yes
V: ['/content/data/coco/val2014/COCO_val2014_000000318204.jpg']	Is there a tie in the image?	Yes, there is a tie in the	No
V: ['/content/data/coco/val2014/COCO_val2014_000000455157.jpg']	Is there a person in the image?	Yes, there is a person in the	Yes
V: ['/content/data/coco/val2014/COCO_val2014_000000455157.jpg']	Is there a cow in the image?	No, there is no cow in the	No
V: ['/content/data/coco/val2014/COCO_val2014_000000455157.jpg']	Is there a laptop in the image?	Yes, there is a laptop in the	Yes
V: ['/content/data/coco/val2014/COCO_val2014_000000455157.jpg']	Is there a tennis racket in the image?	No, there is no tennis racket	No
V: ['/content/data/coco/val2014/COCO_val2014_000000455157.jpg']	Is there a dining table in the image?	Yes, there is a dining table	Yes
V: ['/content/data/coco/val2014/COCO_val2014_000000455157.jpg']	Is there a pizza in the image?	No, there is no pizza in	No
V: ['/content/data/coco/val2014/COCO_val2014_000000069189.jpg']	Is there a bird in the image?	Yes, there is a bird in the	Yes
V: ['/content/data/coco/val2014/COCO_val2014_000000069189.jpg']	Is there a refrigerator in the image?	No, there is no refriger	No
V: ['/content/data/coco/val2014/COCO_val2014_000000069189.jpg']	Is there a person in the image?	Yes, there is a person in the	Yes
V: ['/content/data/coco/val2014/COCO_val2014_000000069189.jpg']	Is there a clock in the image?	No, there is no clock in the	No
V: ['/content/data/coco/val2014/COCO_val2014_000000069189.jpg']	Is there a handbag in the image?	Yes, there is a handbag in	Yes
V: ['/content/data/coco/val2014/COCO_val2014_000000069189.jpg']	Is there a zebra in the image?	No, there is no zebra	No
V: ['/content/data/coco/val2014/COCO_val2014_000000199764.jpg']	Is there a backpack in the image?	Yes, there is a backpack in	Yes
V: ['/content/data/coco/val2014/COCO_val2014_000000199764.jpg']	Is there a cat in the image?	No, there is no cat in the	No
V: ['/content/data/coco/val2014/COCO_val2014_000000199764.jpg']	Is there a truck in the image?	Yes, there is a truck in	Yes
V: ['/content/data/coco/val2014/COCO_val2014_000000199764.jpg']	Is there a knife in the image?	Yes, there is a knife in	No
V: ['/content/data/coco/val2014/COCO_val2014_000000199764.jpg']	Is there a person in the image?	Yes, there is a man in the	Yes
V: ['/content/data/coco/val2014/COCO_val2014_000000199764.jpg']	Is there an apple in the image?	Yes, there is a bushel of	No
V: ['/content/data/coco/val2014/COCO_val2014_000000148766.jpg']	Is there a vase in the image?	Yes, there is a vase in	Yes
V: ['/content/data/coco/val2014/COCO_val2014_000000148766.jpg']	Is there a cake in the image?	No, there is no cake in	No
V: ['/content/data/coco/val2014/COCO_val2014_000000148766.jpg']	Is there a bowl in the image?	Yes, there is a bowl in	Yes
V: ['/content/data/coco/val2014/COCO_val2014_000000148766.jpg']	Is there a cell phone in the image?	No, there is no cell phone in	No
V: ['/content/data/coco/val2014/COCO_val2014_000000148766.jpg']	Is there a toilet in the image?	Yes, there is a toilet	Yes
V: ['/content/data/coco/val2014/COCO_val2014_000000148766.jpg']	Is there a skis in the image?	No, there are no skis in	No
V: ['/content/data/coco/val2014/COCO_val2014_000000175506.jpg']	Is there a person in the image?	Yes, there is a man in the	Yes
V: ['/content/data/coco/val2014/COCO_val2014_000000175506.jpg']	Is there a hot dog in the image?	No, there is no hot dog in	No
V: ['/content/data/coco/val2014/COCO_val2014_000000175506.jpg']	Is there an orange in the image?	Yes, there is an orange in the	Yes
V: ['/content/data/coco/val2014/COCO_val2014_000000175506.jpg']	Is there a tie in the image?	No, there is no tie in the	No
V: ['/content/data/coco/val2014/COCO_val2014_000000175506.jpg']	Is there a frisbee in the image?	Yes, there is a frisbe	Yes
V: ['/content/data/coco/val2014/COCO_val2014_000000175506.jpg']	Is there an oven in the image?	No, there is no oven in	No
V: ['/content/data/coco/val2014/COCO_val2014_000000353096.jpg']	Is there a tv in the image?	No, there is no TV in the	Yes
V: ['/content/data/coco/val2014/COCO_val2014_000000353096.jpg']	Is there a bowl in the image?	No, there is no bowl in	No
V: ['/content/data/coco/val2014/COCO_val2014_000000353096.jpg']	Is there a mouse in the image?	No, there is no mouse in the	Yes
V: ['/content/data/coco/val2014/COCO_val2014_000000353096.jpg']	Is there a train in the image?	No, there is no train in the	No
V: ['/content/data/coco/val2014/COCO_val2014_000000353096.jpg']	Is there a laptop in the image?	No, there is no laptop in the	Yes
V: ['/content/data/coco/val2014/COCO_val2014_000000353096.jpg']	Is there a vase in the image?	No, there is no vase in	No
V: ['/content/data/coco/val2014/COCO_val2014_000000207205.jpg']	Is there a chair in the image?	Yes, there is a chair in the	Yes
V: ['/content/data/coco/val2014/COCO_val2014_000000207205.jpg']	Is there an apple in the image?	No, there is no apple in the	No
V: ['/content/data/coco/val2014/COCO_val2014_000000207205.jpg']	Is there a broccoli in the image?	Yes, there is a broccoli	Yes
V: ['/content/data/coco/val2014/COCO_val2014_000000207205.jpg']	Is there a traffic light in the image?	No, there is no traffic light in	No
V: ['/content/data/coco/val2014/COCO_val2014_000000207205.jpg']	Is there a carrot in the image?	Yes, there is a carrot in	Yes
V: ['/content/data/coco/val2014/COCO_val2014_000000207205.jpg']	Is there a kite in the image?	No, there is no kite in	No
V: ['/content/data/coco/val2014/COCO_val2014_000000427113.jpg']	Is there a person in the image?	Yes, there is a person in the	Yes
V: ['/content/data/coco/val2014/COCO_val2014_000000427113.jpg']	Is there an elephant in the image?	No, there is no elephant	No
V: ['/content/data/coco/val2014/COCO_val2014_000000427113.jpg']	Is there a bench in the image?	Yes, there is a bench in	Yes
V: ['/content/data/coco/val2014/COCO_val2014_000000427113.jpg']	Is there a donut in the image?	No, there is no donut in	No
V: ['/content/data/coco/val2014/COCO_val2014_000000427113.jpg']	Is there a clock in the image?	Yes, there is a clock in the	Yes
V: ['/content/data/coco/val2014/COCO_val2014_000000427113.jpg']	Is there a hot dog in the image?	No, there is no hot dog in	No
V: ['/content/data/coco/val2014/COCO_val2014_000000498374.jpg']	Is there a sink in the image?	Yes, there is a sink in the	Yes
V: ['/content/data/coco/val2014/COCO_val2014_000000498374.jpg']	Is there a broccoli in the image?	No, there is no broccoli	No
V: ['/content/data/coco/val2014/COCO_val2014_000000498374.jpg']	Is there a person in the image?	Yes, there is a person in the	Yes
V: ['/content/data/coco/val2014/COCO_val2014_000000498374.jpg']	Is there a remote in the image?	No, there is no remote in the	No
V: ['/content/data/coco/val2014/COCO_val2014_000000498374.jpg']	Is there a toilet in the image?	Yes, there is a toilet	Yes
V: ['/content/data/coco/val2014/COCO_val2014_000000498374.jpg']	Is there a fire hydrant in the image?	No, there is no fire hydrant	No
V: ['/content/data/coco/val2014/COCO_val2014_000000013348.jpg']	Is there a truck in the image?	Yes, there is a truck in	Yes
V: ['/content/data/coco/val2014/COCO_val2014_000000013348.jpg']	Is there a suitcase in the image?	Yes, there is a suitcase in	No
V: ['/content/data/coco/val2014/COCO_val2014_000000013348.jpg']	Is there a person in the image?	Yes, there is a person in the	Yes
V: ['/content/data/coco/val2014/COCO_val2014_000000013348.jpg']	Is there a toilet in the image?	No, there is no toilet	No
V: ['/content/data/coco/val2014/COCO_val2014_000000013348.jpg']	Is there an airplane in the image?	Yes, there is an airplane in	Yes
V: ['/content/data/coco/val2014/COCO_val2014_000000013348.jpg']	Is there a bird in the image?	Yes, there is a bird in the	No
V: ['/content/data/coco/val2014/COCO_val2014_000000081336.jpg']	Is there a traffic light in the image?	Yes, there is a traffic light in	Yes
V: ['/content/data/coco/val2014/COCO_val2014_000000081336.jpg']	Is there a book in the image?	No, there is no book in the	No
V: ['/content/data/coco/val2014/COCO_val2014_000000081336.jpg']	Is there a truck in the image?	Yes, there is a truck in	Yes
V: ['/content/data/coco/val2014/COCO_val2014_000000081336.jpg']	Is there a train in the image?	No, there is no train in the	No
V: ['/content/data/coco/val2014/COCO_val2014_000000081336.jpg']	Is there a person in the image?	Yes, there is a person in the	Yes
V: ['/content/data/coco/val2014/COCO_val2014_000000081336.jpg']	Is there a pizza in the image?	Yes, there is a pizza in	No
V: ['/content/data/coco/val2014/COCO_val2014_000000190185.jpg']	Is there a dog in the image?	Yes, there is a hot dog in	Yes
V: ['/content/data/coco/val2014/COCO_val2014_000000190185.jpg']	Is there a donut in the image?	No, there is no donut in	No
V: ['/content/data/coco/val2014/COCO_val2014_000000190185.jpg']	Is there a bowl in the image?	Yes, there is a bowl in	Yes
V: ['/content/data/coco/val2014/COCO_val2014_000000190185.jpg']	Is there a sink in the image?	Yes, there is a sink in the	No
V: ['/content/data/coco/val2014/COCO_val2014_000000190185.jpg']	Is there a sandwich in the image?	Yes, there is a large sandwich	Yes
V: ['/content/data/coco/val2014/COCO_val2014_000000190185.jpg']	Is there a book in the image?	No, there is no book in the	No
V: ['/content/data/coco/val2014/COCO_val2014_000000209755.jpg']	Is there a spoon in the image?	Yes, there is a spoon in	Yes
V: ['/content/data/coco/val2014/COCO_val2014_000000209755.jpg']	Is there a cell phone in the image?	No, there is no cell phone in	No
V: ['/content/data/coco/val2014/COCO_val2014_000000209755.jpg']	Is there a bowl in the image?	Yes, there is a bowl in	Yes
V: ['/content/data/coco/val2014/COCO_val2014_000000209755.jpg']	Is there a knife in the image?	Yes, there is a knife in	No
V: ['/content/data/coco/val2014/COCO_val2014_000000209755.jpg']	Is there a person in the image?	Yes, there is a person in the	Yes
V: ['/content/data/coco/val2014/COCO_val2014_000000209755.jpg']	Is there a wine glass in the image?	No, there is no wine glass in	No
V: ['/content/data/coco/val2014/COCO_val2014_000000227227.jpg']	Is there a dog in the image?	Yes, there is a dog in the	Yes
V: ['/content/data/coco/val2014/COCO_val2014_000000227227.jpg']	Is there a sports ball in the image?	No, there is no sports ball in	No
V: ['/content/data/coco/val2014/COCO_val2014_000000227227.jpg']	Is there a person in the image?	Yes, there is a person in the	Yes
V: ['/content/data/coco/val2014/COCO_val2014_000000227227.jpg']	Is there a skis in the image?	No, there are no skis in	No
V: ['/content/data/coco/val2014/COCO_val2014_000000227227.jpg']	Is there a car in the image?	Yes, there is a car in the	Yes
V: ['/content/data/coco/val2014/COCO_val2014_000000227227.jpg']	Is there a laptop in the image?	No, there is no laptop in the	No
V: ['/content/data/coco/val2014/COCO_val2014_000000397705.jpg']	Is there a person in the image?	Yes, there is a man in the	Yes
V: ['/content/data/coco/val2014/COCO_val2014_000000397705.jpg']	Is there a truck in the image?	No, there is no truck in	No
V: ['/content/data/coco/val2014/COCO_val2014_000000397705.jpg']	Is there a bed in the image?	Yes, there is a bed in the	Yes
V: ['/content/data/coco/val2014/COCO_val2014_000000397705.jpg']	Is there a bottle in the image?	Yes, there is a bottle in	No
V: ['/content/data/coco/val2014/COCO_val2014_000000397705.jpg']	Is there a cat in the image?	Yes, there is a cat in the	Yes
V: ['/content/data/coco/val2014/COCO_val2014_000000397705.jpg']	Is there a banana in the image?	No, there is no banana in	No
V: ['/content/data/coco/val2014/COCO_val2014_000000287305.jpg']	Is there a person in the image?	Yes, there is a person in the	Yes
V: ['/content/data/coco/val2014/COCO_val2014_000000287305.jpg']	Is there a knife in the image?	Yes, there is a knife in	No
V: ['/content/data/coco/val2014/COCO_val2014_000000287305.jpg']	Is there a car in the image?	Yes, there is a car in the	Yes
V: ['/content/data/coco/val2014/COCO_val2014_000000287305.jpg']	Is there a couch in the image?	No, there is no couch in	No
V: ['/content/data/coco/val2014/COCO_val2014_000000287305.jpg']	Is there a bus in the image?	Yes, there is a bus in the	Yes
V: ['/content/data/coco/val2014/COCO_val2014_000000287305.jpg']	Is there a tv in the image?	No, there is no TV in the	No
V: ['/content/data/coco/val2014/COCO_val2014_000000257327.jpg']	Is there a sink in the image?	Yes, there is a sink in the	Yes
V: ['/content/data/coco/val2014/COCO_val2014_000000257327.jpg']	Is there a wine glass in the image?	No, there is no wine glass in	No
V: ['/content/data/coco/val2014/COCO_val2014_000000257327.jpg']	Is there a toilet in the image?	Yes, there is a toilet	Yes
V: ['/content/data/coco/val2014/COCO_val2014_000000257327.jpg']	Is there a tv in the image?	No, there is no TV in the	No
V: ['/content/data/coco/val2014/COCO_val2014_000000257327.jpg']	Is there a bottle in the image?	Yes, there is a bottle in	Yes
V: ['/content/data/coco/val2014/COCO_val2014_000000257327.jpg']	Is there a vase in the image?	No, there is no vase in	No
V: ['/content/data/coco/val2014/COCO_val2014_000000557016.jpg']	Is there a person in the image?	Yes, there is a person in the	Yes
V: ['/content/data/coco/val2014/COCO_val2014_000000557016.jpg']	Is there a refrigerator in the image?	No, there is no refriger	No
V: ['/content/data/coco/val2014/COCO_val2014_000000557016.jpg']	Is there a bicycle in the image?	Yes, there is a man riding	Yes
V: ['/content/data/coco/val2014/COCO_val2014_000000557016.jpg']	Is there a tie in the image?	Yes, there is a tie in the	No
V: ['/content/data/coco/val2014/COCO_val2014_000000557016.jpg']	Is there a car in the image?	Yes, there is a car in the	Yes
V: ['/content/data/coco/val2014/COCO_val2014_000000557016.jpg']	Is there a broccoli in the image?	No, there is no broccoli	No
V: ['/content/data/coco/val2014/COCO_val2014_000000105732.jpg']	Is there a backpack in the image?	Yes, there is a backpack in	Yes
V: ['/content/data/coco/val2014/COCO_val2014_000000105732.jpg']	Is there a book in the image?	No, there is no book in the	No
V: ['/content/data/coco/val2014/COCO_val2014_000000105732.jpg']	Is there a person in the image?	Yes, there is a person in the	Yes
V: ['/content/data/coco/val2014/COCO_val2014_000000105732.jpg']	Is there a snowboard in the image?	No, there is no snowboard in	No
V: ['/content/data/coco/val2014/COCO_val2014_000000105732.jpg']	Is there a skis in the image?	Yes, there are skis in the	Yes
V: ['/content/data/coco/val2014/COCO_val2014_000000105732.jpg']	Is there an apple in the image?	No, there is no apple in the	No
V: ['/content/data/coco/val2014/COCO_val2014_000000534121.jpg']	Is there a tv in the image?	Yes, there is a flat screen TV	Yes
V: ['/content/data/coco/val2014/COCO_val2014_000000534121.jpg']	Is there a cat in the image?	No, there is no cat in the	No
V: ['/content/data/coco/val2014/COCO_val2014_000000534121.jpg']	Is there a couch in the image?	Yes, there is a couch in	Yes
V: ['/content/data/coco/val2014/COCO_val2014_000000534121.jpg']	Is there an orange in the image?	No, there is no orange in the	No
V: ['/content/data/coco/val2014/COCO_val2014_000000534121.jpg']	Is there a boat in the image?	Yes, there is a boat in the	Yes
V: ['/content/data/coco/val2014/COCO_val2014_000000534121.jpg']	Is there an umbrella in the image?	Yes, there is an umbrella	No
V: ['/content/data/coco/val2014/COCO_val2014_000000520524.jpg']	Is there a motorcycle in the image?	Yes, there is a motorcycle in	Yes
V: ['/content/data/coco/val2014/COCO_val2014_000000520524.jpg']	Is there a sandwich in the image?	No, there is no sandwich in	No
V: ['/content/data/coco/val2014/COCO_val2014_000000520524.jpg']	Is there a bicycle in the image?	Yes, there is a bicycle	Yes
V: ['/content/data/coco/val2014/COCO_val2014_000000520524.jpg']	Is there a remote in the image?	Yes, there is a remote in the	No
V: ['/content/data/coco/val2014/COCO_val2014_000000520524.jpg']	Is there a car in the image?	Yes, there is a car in the	Yes
V: ['/content/data/coco/val2014/COCO_val2014_000000520524.jpg']	Is there a scissors in the image?	Yes, there are scissors in	No
V: ['/content/data/coco/val2014/COCO_val2014_000000580294.jpg']	Is there a person in the image?	Yes, there is a person, specifically	Yes
V: ['/content/data/coco/val2014/COCO_val2014_000000580294.jpg']	Is there a vase in the image?	No, there is no vase in	No
V: ['/content/data/coco/val2014/COCO_val2014_000000580294.jpg']	Is there a bowl in the image?	Yes, there is a bowl in	Yes
V: ['/content/data/coco/val2014/COCO_val2014_000000580294.jpg']	Is there a bed in the image?	No, there is no bed in the	No
V: ['/content/data/coco/val2014/COCO_val2014_000000580294.jpg']	Is there a spoon in the image?	Yes, there is a spoon in	Yes
V: ['/content/data/coco/val2014/COCO_val2014_000000580294.jpg']	Is there a bus in the image?	No, there is no bus in the	No
V: ['/content/data/coco/val2014/COCO_val2014_000000374061.jpg']	Is there a couch in the image?	Yes, there is a couch in	Yes
V: ['/content/data/coco/val2014/COCO_val2014_000000374061.jpg']	Is there a zebra in the image?	No, there is no zebra	No
V: ['/content/data/coco/val2014/COCO_val2014_000000374061.jpg']	Is there a bed in the image?	Yes, there is a bed in the	Yes
V: ['/content/data/coco/val2014/COCO_val2014_000000374061.jpg']	Is there a mouse in the image?	No, there is no mouse in the	No
V: ['/content/data/coco/val2014/COCO_val2014_000000374061.jpg']	Is there a cat in the image?	Yes, there is a cat in the	Yes
V: ['/content/data/coco/val2014/COCO_val2014_000000374061.jpg']	Is there a baseball glove in the image?	No, there is no baseball glove	No
V: ['/content/data/coco/val2014/COCO_val2014_000000094944.jpg']	Is there a snowboard in the image?	Yes, there is a snowboard in	Yes
V: ['/content/data/coco/val2014/COCO_val2014_000000094944.jpg']	Is there a broccoli in the image?	No, there is no broccoli	No
V: ['/content/data/coco/val2014/COCO_val2014_000000094944.jpg']	Is there a backpack in the image?	Yes, there is a backpack in	Yes
V: ['/content/data/coco/val2014/COCO_val2014_000000094944.jpg']	Is there a bed in the image?	No, there is no bed in the	No
V: ['/content/data/coco/val2014/COCO_val2014_000000094944.jpg']	Is there a person in the image?	Yes, there is a person in the	Yes
V: ['/content/data/coco/val2014/COCO_val2014_000000094944.jpg']	Is there a sheep in the image?	No, there is no sheep in the	No
V: ['/content/data/coco/val2014/COCO_val2014_000000572075.jpg']	Is there a bowl in the image?	Yes, there is a bowl in	Yes
V: ['/content/data/coco/val2014/COCO_val2014_000000572075.jpg']	Is there a cow in the image?	No, there is no cow in the	No
V: ['/content/data/coco/val2014/COCO_val2014_000000572075.jpg']	Is there a toilet in the image?	Yes, there is a toilet	Yes
V: ['/content/data/coco/val2014/COCO_val2014_000000572075.jpg']	Is there a truck in the image?	No, there is no truck in	No
V: ['/content/data/coco/val2014/COCO_val2014_000000572075.jpg']	Is there a cat in the image?	Yes, there is a cat in the	Yes
V: ['/content/data/coco/val2014/COCO_val2014_000000572075.jpg']	Is there a dog in the image?	No, there is no dog in the	No
V: ['/content/data/coco/val2014/COCO_val2014_000000387098.jpg']	Is there a spoon in the image?	Yes, there is a spoon in	Yes
V: ['/content/data/coco/val2014/COCO_val2014_000000387098.jpg']	Is there a sports ball in the image?	No, there is no sports ball in	No
V: ['/content/data/coco/val2014/COCO_val2014_000000387098.jpg']	Is there a laptop in the image?	Yes, there is a laptop in the	Yes
V: ['/content/data/coco/val2014/COCO_val2014_000000387098.jpg']	Is there a snowboard in the image?	No, there is no snowboard in	No
V: ['/content/data/coco/val2014/COCO_val2014_000000387098.jpg']	Is there a remote in the image?	Yes, there is a remote in the	Yes
V: ['/content/data/coco/val2014/COCO_val2014_000000387098.jpg']	Is there a traffic light in the image?	No, there is no traffic light in	No
V: ['/content/data/coco/val2014/COCO_val2014_000000382670.jpg']	Is there a person in the image?	Yes, there is a person in the	Yes
V: ['/content/data/coco/val2014/COCO_val2014_000000382670.jpg']	Is there a bus in the image?	No, there is no bus in the	No
V: ['/content/data/coco/val2014/COCO_val2014_000000382670.jpg']	Is there a bicycle in the image?	Yes, there is a bicycle	Yes
V: ['/content/data/coco/val2014/COCO_val2014_000000382670.jpg']	Is there a baseball glove in the image?	No, there is no baseball glove	No
V: ['/content/data/coco/val2014/COCO_val2014_000000382670.jpg']	Is there a potted plant in the image?	Yes, there is a potted plant	Yes
V: ['/content/data/coco/val2014/COCO_val2014_000000382670.jpg']	Is there a banana in the image?	No, there is no banana in	No
V: ['/content/data/coco/val2014/COCO_val2014_000000414516.jpg']	Is there a person in the image?	Yes, there is a person in the	Yes
V: ['/content/data/coco/val2014/COCO_val2014_000000414516.jpg']	Is there a bear in the image?	No, there is no bear in the	No
V: ['/content/data/coco/val2014/COCO_val2014_000000414516.jpg']	Is there a dining table in the image?	Yes, there is a dining table	Yes
V: ['/content/data/coco/val2014/COCO_val2014_000000414516.jpg']	Is there a keyboard in the image?	No, there is no keyboard in the	No
V: ['/content/data/coco/val2014/COCO_val2014_000000414516.jpg']	Is there a chair in the image?	Yes, there is a chair in the	Yes
V: ['/content/data/coco/val2014/COCO_val2014_000000414516.jpg']	Is there a giraffe in the image?	No, there is no giraffe	No
V: ['/content/data/coco/val2014/COCO_val2014_000000204360.jpg']	Is there a traffic light in the image?	Yes, there is a traffic light in	Yes
V: ['/content/data/coco/val2014/COCO_val2014_000000204360.jpg']	Is there a horse in the image?	No, there is no horse in the	No
V: ['/content/data/coco/val2014/COCO_val2014_000000204360.jpg']	Is there a person in the image?	Yes, there is a person in the	Yes
V: ['/content/data/coco/val2014/COCO_val2014_000000204360.jpg']	Is there a suitcase in the image?	Yes, there is a suitcase in	No
V: ['/content/data/coco/val2014/COCO_val2014_000000204360.jpg']	Is there a backpack in the image?	Yes, there is a backpack in	Yes
V: ['/content/data/coco/val2014/COCO_val2014_000000204360.jpg']	Is there an apple in the image?	No, there is no apple in the	No
V: ['/content/data/coco/val2014/COCO_val2014_000000245642.jpg']	Is there a person in the image?	Yes, there is a person in the	Yes
V: ['/content/data/coco/val2014/COCO_val2014_000000245642.jpg']	Is there a refrigerator in the image?	No, there is no refriger	No
V: ['/content/data/coco/val2014/COCO_val2014_000000245642.jpg']	Is there a bicycle in the image?	Yes, there is a bicycle	Yes
V: ['/content/data/coco/val2014/COCO_val2014_000000245642.jpg']	Is there a bed in the image?	No, there is no bed in the	No
V: ['/content/data/coco/val2014/COCO_val2014_000000245642.jpg']	Is there a sheep in the image?	Yes, there is a sheep in the	Yes
V: ['/content/data/coco/val2014/COCO_val2014_000000245642.jpg']	Is there a clock in the image?	Yes, there is a clock in the	No
V: ['/content/data/coco/val2014/COCO_val2014_000000237767.jpg']	Is there a person in the image?	No, there is no person in the	Yes
V: ['/content/data/coco/val2014/COCO_val2014_000000237767.jpg']	Is there a skateboard in the image?	No, there is no skateboard	No
V: ['/content/data/coco/val2014/COCO_val2014_000000237767.jpg']	Is there a remote in the image?	Yes, there is a remote in the	Yes
V: ['/content/data/coco/val2014/COCO_val2014_000000237767.jpg']	Is there a train in the image?	No, there is no train in the	No
V: ['/content/data/coco/val2014/COCO_val2014_000000237767.jpg']	Is there a dining table in the image?	No, there is no dining table	Yes
V: ['/content/data/coco/val2014/COCO_val2014_000000237767.jpg']	Is there a traffic light in the image?	No, there is no traffic light in	No
V: ['/content/data/coco/val2014/COCO_val2014_000000370900.jpg']	Is there a tie in the image?	Yes, there is a tie in the	Yes
V: ['/content/data/coco/val2014/COCO_val2014_000000370900.jpg']	Is there a donut in the image?	No, there is no donut in	No
V: ['/content/data/coco/val2014/COCO_val2014_000000370900.jpg']	Is there a bear in the image?	Yes, there is a stuffed white	Yes
V: ['/content/data/coco/val2014/COCO_val2014_000000370900.jpg']	Is there a mouse in the image?	No, there is no mouse in the	No
V: ['/content/data/coco/val2014/COCO_val2014_000000370900.jpg']	Is there a teddy bear in the image?	Yes, there is a group of stuff	Yes
V: ['/content/data/coco/val2014/COCO_val2014_000000370900.jpg']	Is there a cell phone in the image?	Yes, there is a cell phone in	No
V: ['/content/data/coco/val2014/COCO_val2014_000000094501.jpg']	Is there a cake in the image?	Yes, there is a slice of c	Yes
V: ['/content/data/coco/val2014/COCO_val2014_000000094501.jpg']	Is there a microwave in the image?	No, there is no microwave	No
V: ['/content/data/coco/val2014/COCO_val2014_000000094501.jpg']	Is there a bottle in the image?	Yes, there is a bottle in	Yes
V: ['/content/data/coco/val2014/COCO_val2014_000000094501.jpg']	Is there a banana in the image?	No, there is no banana in	No
V: ['/content/data/coco/val2014/COCO_val2014_000000094501.jpg']	Is there a fork in the image?	Yes, there is a fork in the	Yes
V: ['/content/data/coco/val2014/COCO_val2014_000000094501.jpg']	Is there a dog in the image?	No, there is no dog in the	No
V: ['/content/data/coco/val2014/COCO_val2014_000000069196.jpg']	Is there a backpack in the image?	Yes, there is a backpack in	Yes
V: ['/content/data/coco/val2014/COCO_val2014_000000069196.jpg']	Is there a bus in the image?	Yes, there is a bus in the	No
V: ['/content/data/coco/val2014/COCO_val2014_000000069196.jpg']	Is there a person in the image?	Yes, there is a person in the	Yes
V: ['/content/data/coco/val2014/COCO_val2014_000000069196.jpg']	Is there a bench in the image?	Yes, there is a bench in	No
V: ['/content/data/coco/val2014/COCO_val2014_000000069196.jpg']	Is there an airplane in the image?	Yes, there is an airplane in	Yes
V: ['/content/data/coco/val2014/COCO_val2014_000000069196.jpg']	Is there a potted plant in the image?	No, there is no potted plant	No
V: ['/content/data/coco/val2014/COCO_val2014_000000366141.jpg']	Is there a tv in the image?	Yes, there is a flat screen TV	Yes
V: ['/content/data/coco/val2014/COCO_val2014_000000366141.jpg']	Is there an elephant in the image?	No, there is no elephant	No
V: ['/content/data/coco/val2014/COCO_val2014_000000366141.jpg']	Is there a couch in the image?	Yes, there is a couch in	Yes
V: ['/content/data/coco/val2014/COCO_val2014_000000366141.jpg']	Is there a traffic light in the image?	No, there is no traffic light in	No
V: ['/content/data/coco/val2014/COCO_val2014_000000366141.jpg']	Is there a dining table in the image?	Yes, there is a dining table	Yes
V: ['/content/data/coco/val2014/COCO_val2014_000000366141.jpg']	Is there a hot dog in the image?	No, there is no hot dog in	No
V: ['/content/data/coco/val2014/COCO_val2014_000000093946.jpg']	Is there a person in the image?	Yes, there is a person in the	Yes
V: ['/content/data/coco/val2014/COCO_val2014_000000093946.jpg']	Is there an apple in the image?	No, there is no apple in the	No
V: ['/content/data/coco/val2014/COCO_val2014_000000093946.jpg']	Is there a bowl in the image?	Yes, there is a bowl in	Yes
V: ['/content/data/coco/val2014/COCO_val2014_000000093946.jpg']	Is there a remote in the image?	No, there is no remote in the	No
V: ['/content/data/coco/val2014/COCO_val2014_000000093946.jpg']	Is there a fork in the image?	Yes, there is a fork in the	Yes
V: ['/content/data/coco/val2014/COCO_val2014_000000093946.jpg']	Is there a hot dog in the image?	No, there is no hot dog in	No
V: ['/content/data/coco/val2014/COCO_val2014_000000032610.jpg']	Is there a backpack in the image?	Yes, there is a backpack in	Yes
V: ['/content/data/coco/val2014/COCO_val2014_000000032610.jpg']	Is there a carrot in the image?	No, there is no carrot in	No
V: ['/content/data/coco/val2014/COCO_val2014_000000032610.jpg']	Is there a bench in the image?	Yes, there is a bench in	Yes
V: ['/content/data/coco/val2014/COCO_val2014_000000032610.jpg']	Is there a baseball glove in the image?	Yes, there is a baseball glove	No
V: ['/content/data/coco/val2014/COCO_val2014_000000032610.jpg']	Is there a laptop in the image?	Yes, there is a laptop in the	Yes
V: ['/content/data/coco/val2014/COCO_val2014_000000032610.jpg']	Is there a knife in the image?	No, there is no knife in	No
V: ['/content/data/coco/val2014/COCO_val2014_000000239130.jpg']	Is there a person in the image?	Yes, there is a person in the	Yes
V: ['/content/data/coco/val2014/COCO_val2014_000000239130.jpg']	Is there a vase in the image?	No, there is no vase in	No
V: ['/content/data/coco/val2014/COCO_val2014_000000239130.jpg']	Is there a bicycle in the image?	Yes, there is a bicycle	Yes
V: ['/content/data/coco/val2014/COCO_val2014_000000239130.jpg']	Is there a toilet in the image?	No, there is no toilet	No
V: ['/content/data/coco/val2014/COCO_val2014_000000239130.jpg']	Is there a car in the image?	Yes, there is a car in the	Yes
V: ['/content/data/coco/val2014/COCO_val2014_000000239130.jpg']	Is there a skis in the image?	No, there are no skis in	No
V: ['/content/data/coco/val2014/COCO_val2014_000000226097.jpg']	Is there a spoon in the image?	Yes, there is a spoon in	Yes
V: ['/content/data/coco/val2014/COCO_val2014_000000226097.jpg']	Is there a cake in the image?	No, there is no cake in	No
V: ['/content/data/coco/val2014/COCO_val2014_000000226097.jpg']	Is there a bowl in the image?	Yes, there is a bowl in	Yes
V: ['/content/data/coco/val2014/COCO_val2014_000000226097.jpg']	Is there a dining table in the image?	No, there is no dining table	No
V: ['/content/data/coco/val2014/COCO_val2014_000000226097.jpg']	Is there a bottle in the image?	Yes, there is a bottle in	Yes
V: ['/content/data/coco/val2014/COCO_val2014_000000226097.jpg']	Is there a sports ball in the image?	No, there is no sports ball in	No
V: ['/content/data/coco/val2014/COCO_val2014_000000538054.jpg']	Is there a banana in the image?	Yes, there is a banana in	Yes
V: ['/content/data/coco/val2014/COCO_val2014_000000538054.jpg']	Is there a stop sign in the image?	No, there is no stop sign in	No
V: ['/content/data/coco/val2014/COCO_val2014_000000538054.jpg']	Is there a person in the image?	Yes, there is a person in the	Yes
V: ['/content/data/coco/val2014/COCO_val2014_000000538054.jpg']	Is there a hot dog in the image?	No, there is no hot dog in	No
V: ['/content/data/coco/val2014/COCO_val2014_000000538054.jpg']	Is there a handbag in the image?	Yes, there is a handbag in	Yes
V: ['/content/data/coco/val2014/COCO_val2014_000000538054.jpg']	Is there a tie in the image?	Yes, there is a tie visible in	No
V: ['/content/data/coco/val2014/COCO_val2014_000000114710.jpg']	Is there a backpack in the image?	Yes, there is a backpack in	Yes
V: ['/content/data/coco/val2014/COCO_val2014_000000114710.jpg']	Is there a bear in the image?	No, there is no bear in the	No
V: ['/content/data/coco/val2014/COCO_val2014_000000114710.jpg']	Is there a person in the image?	Yes, there is a person, specifically	Yes
V: ['/content/data/coco/val2014/COCO_val2014_000000114710.jpg']	Is there an umbrella in the image?	No, there is no umbrella	No
V: ['/content/data/coco/val2014/COCO_val2014_000000114710.jpg']	Is there a sheep in the image?	Yes, there is a sheep in the	Yes
V: ['/content/data/coco/val2014/COCO_val2014_000000114710.jpg']	Is there a surfboard in the image?	No, there is no surfboard	No
V: ['/content/data/coco/val2014/COCO_val2014_000000113701.jpg']	Is there a chair in the image?	Yes, there is a chair in the	Yes
V: ['/content/data/coco/val2014/COCO_val2014_000000113701.jpg']	Is there a baseball bat in the image?	No, there is no baseball bat in	No
V: ['/content/data/coco/val2014/COCO_val2014_000000113701.jpg']	Is there a clock in the image?	Yes, there is a clock in the	Yes
V: ['/content/data/coco/val2014/COCO_val2014_000000113701.jpg']	Is there a baseball glove in the image?	No, there is no baseball glove	No
V: ['/content/data/coco/val2014/COCO_val2014_000000113701.jpg']	Is there a bed in the image?	Yes, there is a bed in the	Yes
V: ['/content/data/coco/val2014/COCO_val2014_000000113701.jpg']	Is there a train in the image?	No, there is no train in the	No
V: ['/content/data/coco/val2014/COCO_val2014_000000065001.jpg']	Is there a person in the image?	Yes, there is a person in the	Yes
V: ['/content/data/coco/val2014/COCO_val2014_000000065001.jpg']	Is there a bench in the image?	Yes, there is a bench in	No
V: ['/content/data/coco/val2014/COCO_val2014_000000065001.jpg']	Is there a motorcycle in the image?	Yes, there is a motorcycle in	Yes
V: ['/content/data/coco/val2014/COCO_val2014_000000065001.jpg']	Is there a bottle in the image?	No, there is no bottle in	No
V: ['/content/data/coco/val2014/COCO_val2014_000000065001.jpg']	Is there a car in the image?	Yes, there is a car in the	Yes
V: ['/content/data/coco/val2014/COCO_val2014_000000065001.jpg']	Is there a stop sign in the image?	Yes, there is a stop sign in	No
V: ['/content/data/coco/val2014/COCO_val2014_000000482275.jpg']	Is there a person in the image?	Yes, there is a person in the	Yes
V: ['/content/data/coco/val2014/COCO_val2014_000000482275.jpg']	Is there a backpack in the image?	No, there is no backpack in	No
V: ['/content/data/coco/val2014/COCO_val2014_000000482275.jpg']	Is there a knife in the image?	Yes, there is a knife in	Yes
V: ['/content/data/coco/val2014/COCO_val2014_000000482275.jpg']	Is there a baseball bat in the image?	No, there is no baseball bat in	No
V: ['/content/data/coco/val2014/COCO_val2014_000000482275.jpg']	Is there a vase in the image?	Yes, there is a vase in	Yes
V: ['/content/data/coco/val2014/COCO_val2014_000000482275.jpg']	Is there a pizza in the image?	No, there is no pizza in	No
V: ['/content/data/coco/val2014/COCO_val2014_000000140983.jpg']	Is there a toothbrush in the image?	Yes, there is a toothbr	Yes
V: ['/content/data/coco/val2014/COCO_val2014_000000140983.jpg']	Is there a handbag in the image?	Yes, there is a handbag in	No
V: ['/content/data/coco/val2014/COCO_val2014_000000140983.jpg']	Is there a couch in the image?	Yes, there is a couch in	Yes
V: ['/content/data/coco/val2014/COCO_val2014_000000140983.jpg']	Is there a bed in the image?	Yes, there is a bed in the	No
V: ['/content/data/coco/val2014/COCO_val2014_000000140983.jpg']	Is there a person in the image?	Yes, there is a baby in the	Yes
V: ['/content/data/coco/val2014/COCO_val2014_000000140983.jpg']	Is there a bear in the image?	No, there is no bear in the	No
V: ['/content/data/coco/val2014/COCO_val2014_000000044520.jpg']	Is there a traffic light in the image?	Yes, there is a traffic light in	Yes
V: ['/content/data/coco/val2014/COCO_val2014_000000044520.jpg']	Is there a pizza in the image?	No, there is no pizza in	No
V: ['/content/data/coco/val2014/COCO_val2014_000000044520.jpg']	Is there a train in the image?	Yes, there is a train in the	Yes
V: ['/content/data/coco/val2014/COCO_val2014_000000044520.jpg']	Is there a keyboard in the image?	No, there is no keyboard in the	No
V: ['/content/data/coco/val2014/COCO_val2014_000000044520.jpg']	Is there a stop sign in the image?	Yes, there is a stop sign in	Yes
V: ['/content/data/coco/val2014/COCO_val2014_000000044520.jpg']	Is there a bottle in the image?	No, there is no bottle in	No
V: ['/content/data/coco/val2014/COCO_val2014_000000518177.jpg']	Is there a toaster in the image?	Yes, there is a toaster in	Yes
V: ['/content/data/coco/val2014/COCO_val2014_000000518177.jpg']	Is there a kite in the image?	No, there is no kite in	No
V: ['/content/data/coco/val2014/COCO_val2014_000000518177.jpg']	Is there a person in the image?	No, there is no person in the	Yes
V: ['/content/data/coco/val2014/COCO_val2014_000000518177.jpg']	Is there a tv in the image?	No, there is no TV in the	No
V: ['/content/data/coco/val2014/COCO_val2014_000000518177.jpg']	Is there a microwave in the image?	Yes, there is a microwave	Yes
V: ['/content/data/coco/val2014/COCO_val2014_000000518177.jpg']	Is there a boat in the image?	No, there is no boat in the	No
V: ['/content/data/coco/val2014/COCO_val2014_000000203479.jpg']	Is there a person in the image?	Yes, there is a person in the	Yes
V: ['/content/data/coco/val2014/COCO_val2014_000000203479.jpg']	Is there a scissors in the image?	Yes, there is a pair of sc	No
V: ['/content/data/coco/val2014/COCO_val2014_000000203479.jpg']	Is there a couch in the image?	Yes, there is a couch in	Yes
V: ['/content/data/coco/val2014/COCO_val2014_000000203479.jpg']	Is there a dog in the image?	Yes, there is a stuffed dog	No
V: ['/content/data/coco/val2014/COCO_val2014_000000203479.jpg']	Is there a dining table in the image?	Yes, there is a dining table	Yes
V: ['/content/data/coco/val2014/COCO_val2014_000000203479.jpg']	Is there an orange in the image?	No, there is no orange in the	No
V: ['/content/data/coco/val2014/COCO_val2014_000000551881.jpg']	Is there a handbag in the image?	Yes, there is a handbag in	Yes
V: ['/content/data/coco/val2014/COCO_val2014_000000551881.jpg']	Is there a baseball glove in the image?	Yes, there is a baseball glove	No
V: ['/content/data/coco/val2014/COCO_val2014_000000551881.jpg']	Is there a potted plant in the image?	Yes, there is a potted plant	Yes
V: ['/content/data/coco/val2014/COCO_val2014_000000551881.jpg']	Is there a cow in the image?	No, there is no cow in the	No
V: ['/content/data/coco/val2014/COCO_val2014_000000551881.jpg']	Is there a dining table in the image?	Yes, there is a dining table	Yes
V: ['/content/data/coco/val2014/COCO_val2014_000000551881.jpg']	Is there a tv in the image?	No, there is no TV in the	No
V: ['/content/data/coco/val2014/COCO_val2014_000000369541.jpg']	Is there a dog in the image?	Yes, there is a dog in the	Yes
V: ['/content/data/coco/val2014/COCO_val2014_000000369541.jpg']	Is there a cat in the image?	No, there is no cat in the	No
V: ['/content/data/coco/val2014/COCO_val2014_000000369541.jpg']	Is there a person in the image?	No, there is no person in the	Yes
V: ['/content/data/coco/val2014/COCO_val2014_000000369541.jpg']	Is there a baseball bat in the image?	No, there is no baseball bat in	No
V: ['/content/data/coco/val2014/COCO_val2014_000000369541.jpg']	Is there a frisbee in the image?	Yes, there is a frisbe	Yes
V: ['/content/data/coco/val2014/COCO_val2014_000000369541.jpg']	Is there a skateboard in the image?	No, there is no skateboard	No
V: ['/content/data/coco/val2014/COCO_val2014_000000007795.jpg']	Is there a clock in the image?	Yes, there is a clock in the	Yes
V: ['/content/data/coco/val2014/COCO_val2014_000000007795.jpg']	Is there a train in the image?	No, there is no train in the	No
V: ['/content/data/coco/val2014/COCO_val2014_000000007795.jpg']	Is there a bed in the image?	Yes, there is a bed in the	Yes
V: ['/content/data/coco/val2014/COCO_val2014_000000007795.jpg']	Is there a skateboard in the image?	No, there is no skateboard	No
V: ['/content/data/coco/val2014/COCO_val2014_000000007795.jpg']	Is there a remote in the image?	Yes, there is a remote control on	Yes
V: ['/content/data/coco/val2014/COCO_val2014_000000007795.jpg']	Is there a fork in the image?	No, there is no fork in the	No
V: ['/content/data/coco/val2014/COCO_val2014_000000303099.jpg']	Is there a bottle in the image?	Yes, there is a bottle in	Yes
V: ['/content/data/coco/val2014/COCO_val2014_000000303099.jpg']	Is there a toaster in the image?	No, there is no toaster in	No
V: ['/content/data/coco/val2014/COCO_val2014_000000303099.jpg']	Is there a cat in the image?	Yes, there is a cat in the	Yes
V: ['/content/data/coco/val2014/COCO_val2014_000000303099.jpg']	Is there a spoon in the image?	No, there is no spoon in	No
V: ['/content/data/coco/val2014/COCO_val2014_000000303099.jpg']	Is there a toilet in the image?	Yes, there is a toilet	Yes
V: ['/content/data/coco/val2014/COCO_val2014_000000303099.jpg']	Is there a bed in the image?	No, there is no bed in the	No
V: ['/content/data/coco/val2014/COCO_val2014_000000147289.jpg']	Is there a fire hydrant in the image?	Yes, there is a fire hydrant	Yes
V: ['/content/data/coco/val2014/COCO_val2014_000000147289.jpg']	Is there a boat in the image?	No, there is no boat in the	No
V: ['/content/data/coco/val2014/COCO_val2014_000000147289.jpg']	Is there a car in the image?	Yes, there is a car in the	Yes
V: ['/content/data/coco/val2014/COCO_val2014_000000147289.jpg']	Is there a toothbrush in the image?	No, there is no toothbr	No
V: ['/content/data/coco/val2014/COCO_val2014_000000147289.jpg']	Is there a stop sign in the image?	Yes, there is a stop sign in	Yes
V: ['/content/data/coco/val2014/COCO_val2014_000000147289.jpg']	Is there a baseball bat in the image?	No, there is no baseball bat in	No
V: ['/content/data/coco/val2014/COCO_val2014_000000102439.jpg']	Is there a tv in the image?	Yes, there is a large television in	Yes
V: ['/content/data/coco/val2014/COCO_val2014_000000102439.jpg']	Is there a spoon in the image?	No, there is no spoon in	No
V: ['/content/data/coco/val2014/COCO_val2014_000000102439.jpg']	Is there a person in the image?	Yes, there is a person in the	Yes
V: ['/content/data/coco/val2014/COCO_val2014_000000102439.jpg']	Is there a dining table in the image?	Yes, there is a dining table	No
V: ['/content/data/coco/val2014/COCO_val2014_000000102439.jpg']	Is there a remote in the image?	Yes, there is a remote in the	Yes
V: ['/content/data/coco/val2014/COCO_val2014_000000102439.jpg']	Is there a sink in the image?	No, there is no sink in the	No
V: ['/content/data/coco/val2014/COCO_val2014_000000183757.jpg']	Is there a boat in the image?	Yes, there is a boat in the	Yes
V: ['/content/data/coco/val2014/COCO_val2014_000000183757.jpg']	Is there a remote in the image?	Yes, there is a remote in the	No
V: ['/content/data/coco/val2014/COCO_val2014_000000183757.jpg']	Is there a dog in the image?	Yes, there is a dog in the	Yes
V: ['/content/data/coco/val2014/COCO_val2014_000000183757.jpg']	Is there a bicycle in the image?	No, there is no bicycle	No
V: ['/content/data/coco/val2014/COCO_val2014_000000183757.jpg']	Is there a cat in the image?	Yes, there is a cat in the	Yes
V: ['/content/data/coco/val2014/COCO_val2014_000000183757.jpg']	Is there a hot dog in the image?	No, there is no hot dog in	No
V: ['/content/data/coco/val2014/COCO_val2014_000000500473.jpg']	Is there a person in the image?	Yes, there is a person in the	Yes
V: ['/content/data/coco/val2014/COCO_val2014_000000500473.jpg']	Is there a chair in the image?	Yes, there is a chair in the	No
V: ['/content/data/coco/val2014/COCO_val2014_000000500473.jpg']	Is there a broccoli in the image?	Yes, there is a large pile	Yes
V: ['/content/data/coco/val2014/COCO_val2014_000000500473.jpg']	Is there a pizza in the image?	No, there is no pizza in	No
V: ['/content/data/coco/val2014/COCO_val2014_000000500473.jpg']	Is there a handbag in the image?	Yes, there is a handbag in	Yes
V: ['/content/data/coco/val2014/COCO_val2014_000000500473.jpg']	Is there a horse in the image?	No, there is no horse in the	No
V: ['/content/data/coco/val2014/COCO_val2014_000000327532.jpg']	Is there a chair in the image?	Yes, there is a chair in the	Yes
V: ['/content/data/coco/val2014/COCO_val2014_000000327532.jpg']	Is there a spoon in the image?	No, there is no spoon in	No
V: ['/content/data/coco/val2014/COCO_val2014_000000327532.jpg']	Is there a person in the image?	Yes, there is a man in the	Yes
V: ['/content/data/coco/val2014/COCO_val2014_000000327532.jpg']	Is there a baseball glove in the image?	No, there is no baseball glove	No
V: ['/content/data/coco/val2014/COCO_val2014_000000327532.jpg']	Is there a sports ball in the image?	Yes, there is a sports ball in	Yes
V: ['/content/data/coco/val2014/COCO_val2014_000000327532.jpg']	Is there a knife in the image?	No, there is no knife in	No
V: ['/content/data/coco/val2014/COCO_val2014_000000167110.jpg']	Is there a car in the image?	Yes, there is a car in the	Yes
V: ['/content/data/coco/val2014/COCO_val2014_000000167110.jpg']	Is there a banana in the image?	Yes, there is a banana in	No
V: ['/content/data/coco/val2014/COCO_val2014_000000167110.jpg']	Is there a person in the image?	Yes, there is a boy in the	Yes
V: ['/content/data/coco/val2014/COCO_val2014_000000167110.jpg']	Is there a cup in the image?	No, there is no cup in the	No
V: ['/content/data/coco/val2014/COCO_val2014_000000167110.jpg']	Is there a skateboard in the image?	Yes, there is a skateboard	Yes
V: ['/content/data/coco/val2014/COCO_val2014_000000167110.jpg']	Is there a mouse in the image?	No, there is no mouse in the	No
V: ['/content/data/coco/val2014/COCO_val2014_000000300876.jpg']	Is there a person in the image?	Yes, there is a woman in the	Yes
V: ['/content/data/coco/val2014/COCO_val2014_000000300876.jpg']	Is there an apple in the image?	Yes, there is an apple in the	No
V: ['/content/data/coco/val2014/COCO_val2014_000000300876.jpg']	Is there a spoon in the image?	Yes, there is a spoon in	Yes
V: ['/content/data/coco/val2014/COCO_val2014_000000300876.jpg']	Is there a tennis racket in the image?	No, there is no tennis racket	No
V: ['/content/data/coco/val2014/COCO_val2014_000000300876.jpg']	Is there a bowl in the image?	Yes, there is a bowl in	Yes
V: ['/content/data/coco/val2014/COCO_val2014_000000300876.jpg']	Is there a potted plant in the image?	Yes, there is a potted plant	No
V: ['/content/data/coco/val2014/COCO_val2014_000000443240.jpg']	Is there a tv in the image?	Yes, there is a TV in the	Yes
V: ['/content/data/coco/val2014/COCO_val2014_000000443240.jpg']	Is there a keyboard in the image?	No, there is no keyboard in the	No
V: ['/content/data/coco/val2014/COCO_val2014_000000443240.jpg']	Is there a chair in the image?	No, there is no chair in the	Yes
V: ['/content/data/coco/val2014/COCO_val2014_000000443240.jpg']	Is there a refrigerator in the image?	No, there is no refriger	No
V: ['/content/data/coco/val2014/COCO_val2014_000000443240.jpg']	Is there a couch in the image?	Yes, there is a couch in	Yes
V: ['/content/data/coco/val2014/COCO_val2014_000000443240.jpg']	Is there an apple in the image?	No, there is no apple in the	No
V: ['/content/data/coco/val2014/COCO_val2014_000000288042.jpg']	Is there a truck in the image?	Yes, there is a truck in	Yes
V: ['/content/data/coco/val2014/COCO_val2014_000000288042.jpg']	Is there a scissors in the image?	No, there is no scissors	No
V: ['/content/data/coco/val2014/COCO_val2014_000000288042.jpg']	Is there a person in the image?	Yes, there is a person in the	Yes
V: ['/content/data/coco/val2014/COCO_val2014_000000288042.jpg']	Is there a pizza in the image?	No, there is no pizza in	No
V: ['/content/data/coco/val2014/COCO_val2014_000000288042.jpg']	Is there an umbrella in the image?	Yes, there is an umbrella	Yes
V: ['/content/data/coco/val2014/COCO_val2014_000000288042.jpg']	Is there a train in the image?	Yes, there is a train traveling	No
V: ['/content/data/coco/val2014/COCO_val2014_000000270609.jpg']	Is there a person in the image?	Yes, there is a person in the	Yes
V: ['/content/data/coco/val2014/COCO_val2014_000000270609.jpg']	Is there a tennis racket in the image?	No, there is no tennis racket	No
V: ['/content/data/coco/val2014/COCO_val2014_000000270609.jpg']	Is there a dining table in the image?	Yes, there is a dining table	Yes
V: ['/content/data/coco/val2014/COCO_val2014_000000270609.jpg']	Is there a laptop in the image?	No, there is no laptop in the	No
V: ['/content/data/coco/val2014/COCO_val2014_000000270609.jpg']	Is there a chair in the image?	Yes, there is a chair in the	Yes
V: ['/content/data/coco/val2014/COCO_val2014_000000270609.jpg']	Is there a cat in the image?	No, there is no cat in the	No
V: ['/content/data/coco/val2014/COCO_val2014_000000208028.jpg']	Is there a keyboard in the image?	Yes, there is a keyboard in the	Yes
V: ['/content/data/coco/val2014/COCO_val2014_000000208028.jpg']	Is there a zebra in the image?	No, there is no zebra	No
V: ['/content/data/coco/val2014/COCO_val2014_000000208028.jpg']	Is there a person in the image?	Yes, there is a person in the	Yes
V: ['/content/data/coco/val2014/COCO_val2014_000000208028.jpg']	Is there a bus in the image?	No, there is no bus in the	No
V: ['/content/data/coco/val2014/COCO_val2014_000000208028.jpg']	Is there a laptop in the image?	No, there is no laptop in the	Yes
V: ['/content/data/coco/val2014/COCO_val2014_000000208028.jpg']	Is there a clock in the image?	No, there is no clock in the	No
V: ['/content/data/coco/val2014/COCO_val2014_000000314992.jpg']	Is there a person in the image?	Yes, there is a person in the	Yes
V: ['/content/data/coco/val2014/COCO_val2014_000000314992.jpg']	Is there a parking meter in the image?	No, there is no parking meter	No
V: ['/content/data/coco/val2014/COCO_val2014_000000314992.jpg']	Is there a handbag in the image?	Yes, there is a handbag in	Yes
V: ['/content/data/coco/val2014/COCO_val2014_000000314992.jpg']	Is there a toothbrush in the image?	No, there is no toothbr	No
V: ['/content/data/coco/val2014/COCO_val2014_000000314992.jpg']	Is there a cell phone in the image?	Yes, there is a cell phone in	Yes
V: ['/content/data/coco/val2014/COCO_val2014_000000314992.jpg']	Is there a stop sign in the image?	No, there is no stop sign in	No
V: ['/content/data/coco/val2014/COCO_val2014_000000424642.jpg']	Is there a person in the image?	Yes, there is a person in the	Yes
V: ['/content/data/coco/val2014/COCO_val2014_000000424642.jpg']	Is there a bed in the image?	No, there is no bed in the	No
V: ['/content/data/coco/val2014/COCO_val2014_000000424642.jpg']	Is there a bottle in the image?	No, there is no bottle in	Yes
V: ['/content/data/coco/val2014/COCO_val2014_000000424642.jpg']	Is there a remote in the image?	No, there is no remote in the	No
V: ['/content/data/coco/val2014/COCO_val2014_000000424642.jpg']	Is there a frisbee in the image?	Yes, there is a frisbe	Yes
V: ['/content/data/coco/val2014/COCO_val2014_000000424642.jpg']	Is there a hot dog in the image?	No, there is no hot dog in	No
V: ['/content/data/coco/val2014/COCO_val2014_000000467176.jpg']	Is there a tv in the image?	Yes, there is a television in the	Yes
V: ['/content/data/coco/val2014/COCO_val2014_000000467176.jpg']	Is there a donut in the image?	No, there is no donut in	No
V: ['/content/data/coco/val2014/COCO_val2014_000000467176.jpg']	Is there a person in the image?	Yes, there is a person in the	Yes
V: ['/content/data/coco/val2014/COCO_val2014_000000467176.jpg']	Is there a sink in the image?	No, there is no sink in the	No
V: ['/content/data/coco/val2014/COCO_val2014_000000467176.jpg']	Is there a couch in the image?	Yes, there is a couch in	Yes
V: ['/content/data/coco/val2014/COCO_val2014_000000467176.jpg']	Is there a zebra in the image?	No, there is no zebra	No
V: ['/content/data/coco/val2014/COCO_val2014_000000087435.jpg']	Is there a motorcycle in the image?	Yes, there is a motorcycle in	Yes
V: ['/content/data/coco/val2014/COCO_val2014_000000087435.jpg']	Is there a dog in the image?	No, there is no dog in the	No
V: ['/content/data/coco/val2014/COCO_val2014_000000087435.jpg']	Is there a person in the image?	Yes, there is a person in the	Yes
V: ['/content/data/coco/val2014/COCO_val2014_000000087435.jpg']	Is there a book in the image?	Yes, there is a book in the	No
V: ['/content/data/coco/val2014/COCO_val2014_000000087435.jpg']	Is there a car in the image?	Yes, there is a car in the	Yes
V: ['/content/data/coco/val2014/COCO_val2014_000000087435.jpg']	Is there a tv in the image?	Yes, there is a TV in the	No
V: ['/content/data/coco/val2014/COCO_val2014_000000079446.jpg']	Is there a sink in the image?	Yes, there is a sink in the	Yes
V: ['/content/data/coco/val2014/COCO_val2014_000000079446.jpg']	Is there a dog in the image?	No, there is no dog in the	No
V: ['/content/data/coco/val2014/COCO_val2014_000000079446.jpg']	Is there a bottle in the image?	Yes, there is a bottle in	Yes
V: ['/content/data/coco/val2014/COCO_val2014_000000079446.jpg']	Is there a bicycle in the image?	No, there is no bicycle	No
V: ['/content/data/coco/val2014/COCO_val2014_000000079446.jpg']	Is there a toilet in the image?	Yes, there is a toilet	Yes
V: ['/content/data/coco/val2014/COCO_val2014_000000079446.jpg']	Is there a suitcase in the image?	No, there is no suitcase in	No
V: ['/content/data/coco/val2014/COCO_val2014_000000354398.jpg']	Is there a dog in the image?	Yes, there is a dog in the	Yes
V: ['/content/data/coco/val2014/COCO_val2014_000000354398.jpg']	Is there a couch in the image?	No, there is no couch in	No
V: ['/content/data/coco/val2014/COCO_val2014_000000354398.jpg']	Is there a truck in the image?	Yes, there is a truck in	Yes
V: ['/content/data/coco/val2014/COCO_val2014_000000354398.jpg']	Is there a frisbee in the image?	No, there is no frisbe	No
V: ['/content/data/coco/val2014/COCO_val2014_000000354398.jpg']	Is there a person in the image?	Yes, there is a man in the	Yes
V: ['/content/data/coco/val2014/COCO_val2014_000000354398.jpg']	Is there a suitcase in the image?	Yes, there is a suitcase in	No
V: ['/content/data/coco/val2014/COCO_val2014_000000430052.jpg']	Is there a vase in the image?	Yes, there is a vase in	Yes
V: ['/content/data/coco/val2014/COCO_val2014_000000430052.jpg']	Is there a tennis racket in the image?	No, there is no tennis racket	No
V: ['/content/data/coco/val2014/COCO_val2014_000000430052.jpg']	Is there a bird in the image?	Yes, there is a bird in the	Yes
V: ['/content/data/coco/val2014/COCO_val2014_000000430052.jpg']	Is there a surfboard in the image?	No, there is no surfboard	No
V: ['/content/data/coco/val2014/COCO_val2014_000000430052.jpg']	Is there a bottle in the image?	Yes, there is a bottle in	Yes
V: ['/content/data/coco/val2014/COCO_val2014_000000430052.jpg']	Is there a cow in the image?	No, there is no cow in the	No
V: ['/content/data/coco/val2014/COCO_val2014_000000567886.jpg']	Is there a teddy bear in the image?	Yes, there is a teddy bear	Yes
V: ['/content/data/coco/val2014/COCO_val2014_000000567886.jpg']	Is there a sink in the image?	No, there is no sink in the	No
V: ['/content/data/coco/val2014/COCO_val2014_000000567886.jpg']	Is there a person in the image?	Yes, there is a person in the	Yes
V: ['/content/data/coco/val2014/COCO_val2014_000000567886.jpg']	Is there a sports ball in the image?	No, there is no sports ball in	No
V: ['/content/data/coco/val2014/COCO_val2014_000000567886.jpg']	Is there a book in the image?	Yes, there is a book in the	Yes
V: ['/content/data/coco/val2014/COCO_val2014_000000567886.jpg']	Is there a bowl in the image?	No, there is no bowl in	No
V: ['/content/data/coco/val2014/COCO_val2014_000000539251.jpg']	Is there a sink in the image?	Yes, there is a sink in the	Yes
V: ['/content/data/coco/val2014/COCO_val2014_000000539251.jpg']	Is there a kite in the image?	No, there is no kite in	No
V: ['/content/data/coco/val2014/COCO_val2014_000000539251.jpg']	Is there a person in the image?	Yes, there is a person in the	Yes
V: ['/content/data/coco/val2014/COCO_val2014_000000539251.jpg']	Is there a book in the image?	No, there is no book in the	No
V: ['/content/data/coco/val2014/COCO_val2014_000000539251.jpg']	Is there a potted plant in the image?	Yes, there is a potted plant	Yes
V: ['/content/data/coco/val2014/COCO_val2014_000000539251.jpg']	Is there a train in the image?	No, there is no train in the	No
V: ['/content/data/coco/val2014/COCO_val2014_000000551908.jpg']	Is there a broccoli in the image?	Yes, there is a broccoli	Yes
V: ['/content/data/coco/val2014/COCO_val2014_000000551908.jpg']	Is there a truck in the image?	No, there is no truck in	No
V: ['/content/data/coco/val2014/COCO_val2014_000000551908.jpg']	Is there a carrot in the image?	Yes, there is a carrot in	Yes
V: ['/content/data/coco/val2014/COCO_val2014_000000551908.jpg']	Is there a bus in the image?	No, there is no bus in the	No
V: ['/content/data/coco/val2014/COCO_val2014_000000551908.jpg']	Is there a bed in the image?	No, there is no bed in the	Yes
V: ['/content/data/coco/val2014/COCO_val2014_000000551908.jpg']	Is there a giraffe in the image?	No, there is no giraffe	No
V: ['/content/data/coco/val2014/COCO_val2014_000000102906.jpg']	Is there a traffic light in the image?	Yes, there is a traffic light in	Yes
V: ['/content/data/coco/val2014/COCO_val2014_000000102906.jpg']	Is there a zebra in the image?	No, there is no zebra	No
V: ['/content/data/coco/val2014/COCO_val2014_000000102906.jpg']	Is there a car in the image?	Yes, there is a car in the	Yes
V: ['/content/data/coco/val2014/COCO_val2014_000000102906.jpg']	Is there a fork in the image?	No, there is no fork in the	No
V: ['/content/data/coco/val2014/COCO_val2014_000000102906.jpg']	Is there a fire hydrant in the image?	Yes, there is a yellow fire hyd	Yes
V: ['/content/data/coco/val2014/COCO_val2014_000000102906.jpg']	Is there an oven in the image?	No, there is no oven in	No
V: ['/content/data/coco/val2014/COCO_val2014_000000327771.jpg']	Is there a vase in the image?	Yes, there is a vase in	Yes
V: ['/content/data/coco/val2014/COCO_val2014_000000327771.jpg']	Is there a truck in the image?	No, there is no truck in	No
V: ['/content/data/coco/val2014/COCO_val2014_000000327771.jpg']	Is there a bed in the image?	Yes, there is a bed in the	Yes
V: ['/content/data/coco/val2014/COCO_val2014_000000327771.jpg']	Is there an apple in the image?	No, there is no apple in the	No
V: ['/content/data/coco/val2014/COCO_val2014_000000327771.jpg']	Is there a dining table in the image?	No, there is no dining table	Yes
V: ['/content/data/coco/val2014/COCO_val2014_000000327771.jpg']	Is there a cow in the image?	No, there is no cow in the	No
V: ['/content/data/coco/val2014/COCO_val2014_000000280734.jpg']	Is there a pizza in the image?	Yes, there is a pizza in	Yes
V: ['/content/data/coco/val2014/COCO_val2014_000000280734.jpg']	Is there an umbrella in the image?	No, there is no umbrella	No
V: ['/content/data/coco/val2014/COCO_val2014_000000280734.jpg']	Is there a person in the image?	Yes, there is a person in the	Yes
V: ['/content/data/coco/val2014/COCO_val2014_000000280734.jpg']	Is there a fork in the image?	No, there is no fork in the	No
V: ['/content/data/coco/val2014/COCO_val2014_000000280734.jpg']	Is there a dining table in the image?	Yes, there is a dining table	Yes
V: ['/content/data/coco/val2014/COCO_val2014_000000280734.jpg']	Is there a sandwich in the image?	No, there is no sandwich in	No
V: ['/content/data/coco/val2014/COCO_val2014_000000111817.jpg']	Is there a person in the image?	No, there is no person in the	Yes
V: ['/content/data/coco/val2014/COCO_val2014_000000111817.jpg']	Is there an orange in the image?	No, there is no orange in the	No
V: ['/content/data/coco/val2014/COCO_val2014_000000111817.jpg']	Is there a cup in the image?	Yes, there is a cup in the	Yes
V: ['/content/data/coco/val2014/COCO_val2014_000000111817.jpg']	Is there a bench in the image?	No, there is no bench in	No
V: ['/content/data/coco/val2014/COCO_val2014_000000111817.jpg']	Is there a cake in the image?	Yes, there is a cake in	Yes
V: ['/content/data/coco/val2014/COCO_val2014_000000111817.jpg']	Is there a sheep in the image?	No, there is no sheep in the	No
V: ['/content/data/coco/val2014/COCO_val2014_000000379162.jpg']	Is there a person in the image?	Yes, there is a person in the	Yes
V: ['/content/data/coco/val2014/COCO_val2014_000000379162.jpg']	Is there a bus in the image?	No, there is no bus in the	No
V: ['/content/data/coco/val2014/COCO_val2014_000000379162.jpg']	Is there a handbag in the image?	Yes, there is a handbag in	Yes
V: ['/content/data/coco/val2014/COCO_val2014_000000379162.jpg']	Is there a truck in the image?	No, there is no truck in	No
V: ['/content/data/coco/val2014/COCO_val2014_000000379162.jpg']	Is there a bottle in the image?	Yes, there is a bottle in	Yes
V: ['/content/data/coco/val2014/COCO_val2014_000000379162.jpg']	Is there a bed in the image?	No, there is no bed in the	No
V: ['/content/data/coco/val2014/COCO_val2014_000000489728.jpg']	Is there a bowl in the image?	Yes, there is a bowl in	Yes
V: ['/content/data/coco/val2014/COCO_val2014_000000489728.jpg']	Is there a wine glass in the image?	Yes, there is a wine glass in	No
V: ['/content/data/coco/val2014/COCO_val2014_000000489728.jpg']	Is there a person in the image?	Yes, there is a person in the	Yes
V: ['/content/data/coco/val2014/COCO_val2014_000000489728.jpg']	Is there a tie in the image?	Yes, there is a tie in the	No
V: ['/content/data/coco/val2014/COCO_val2014_000000489728.jpg']	Is there a laptop in the image?	Yes, there is a laptop in the	Yes
V: ['/content/data/coco/val2014/COCO_val2014_000000489728.jpg']	Is there a boat in the image?	No, there is no boat in the	No
V: ['/content/data/coco/val2014/COCO_val2014_000000419453.jpg']	Is there a person in the image?	Yes, there is a person in the	Yes
V: ['/content/data/coco/val2014/COCO_val2014_000000419453.jpg']	Is there a bottle in the image?	No, there is no bottle in	No
V: ['/content/data/coco/val2014/COCO_val2014_000000419453.jpg']	Is there a sports ball in the image?	Yes, there is a sports ball in	Yes
V: ['/content/data/coco/val2014/COCO_val2014_000000419453.jpg']	Is there a pizza in the image?	No, there is no pizza in	No
V: ['/content/data/coco/val2014/COCO_val2014_000000419453.jpg']	Is there an umbrella in the image?	Yes, there is an umbrella	Yes
V: ['/content/data/coco/val2014/COCO_val2014_000000419453.jpg']	Is there a sandwich in the image?	No, there is no sandwich in	No
V: ['/content/data/coco/val2014/COCO_val2014_000000358255.jpg']	Is there a teddy bear in the image?	Yes, there is a teddy bear	Yes
V: ['/content/data/coco/val2014/COCO_val2014_000000358255.jpg']	Is there a carrot in the image?	No, there is no carrot in	No
V: ['/content/data/coco/val2014/COCO_val2014_000000358255.jpg']	Is there a person in the image?	Yes, there is a person sleeping	Yes
V: ['/content/data/coco/val2014/COCO_val2014_000000358255.jpg']	Is there a cake in the image?	No, there is no cake in	No
V: ['/content/data/coco/val2014/COCO_val2014_000000358255.jpg']	Is there a bed in the image?	Yes, there is a bed in the	Yes
V: ['/content/data/coco/val2014/COCO_val2014_000000358255.jpg']	Is there a bottle in the image?	Yes, there is an empty bottle	No
V: ['/content/data/coco/val2014/COCO_val2014_000000178078.jpg']	Is there a motorcycle in the image?	Yes, there is a motorcycle in	Yes
V: ['/content/data/coco/val2014/COCO_val2014_000000178078.jpg']	Is there a kite in the image?	No, there is no kite in	No
V: ['/content/data/coco/val2014/COCO_val2014_000000178078.jpg']	Is there a car in the image?	Yes, there is a car in the	Yes
V: ['/content/data/coco/val2014/COCO_val2014_000000178078.jpg']	Is there a bowl in the image?	No, there is no bowl in	No
V: ['/content/data/coco/val2014/COCO_val2014_000000178078.jpg']	Is there a bicycle in the image?	No, there is no bicycle	Yes
V: ['/content/data/coco/val2014/COCO_val2014_000000178078.jpg']	Is there a laptop in the image?	No, there is no laptop in the	No
V: ['/content/data/coco/val2014/COCO_val2014_000000197219.jpg']	Is there a person in the image?	Yes, there is a person in the	Yes
V: ['/content/data/coco/val2014/COCO_val2014_000000197219.jpg']	Is there a scissors in the image?	No, there are no scissors	No
V: ['/content/data/coco/val2014/COCO_val2014_000000197219.jpg']	Is there a handbag in the image?	Yes, there is a handbag in	Yes
V: ['/content/data/coco/val2014/COCO_val2014_000000197219.jpg']	Is there a snowboard in the image?	No, there is no snowboard in	No
V: ['/content/data/coco/val2014/COCO_val2014_000000197219.jpg']	Is there a dining table in the image?	Yes, there is a dining table	Yes
V: ['/content/data/coco/val2014/COCO_val2014_000000197219.jpg']	Is there a bear in the image?	No, there is no bear in the	No
V: ['/content/data/coco/val2014/COCO_val2014_000000460931.jpg']	Is there a donut in the image?	Yes, there is a donut in	Yes
V: ['/content/data/coco/val2014/COCO_val2014_000000460931.jpg']	Is there a cup in the image?	No, there is no cup in the	No
V: ['/content/data/coco/val2014/COCO_val2014_000000460931.jpg']	Is there a cake in the image?	Yes, there is a cake in	Yes
V: ['/content/data/coco/val2014/COCO_val2014_000000460931.jpg']	Is there a cow in the image?	No, there is no cow in the	No
V: ['/content/data/coco/val2014/COCO_val2014_000000460931.jpg']	Is there a person in the image?	No, there is no person visible in	Yes
V: ['/content/data/coco/val2014/COCO_val2014_000000460931.jpg']	Is there a motorcycle in the image?	No, there is no motorcycle in	No
V: ['/content/data/coco/val2014/COCO_val2014_000000506483.jpg']	Is there a backpack in the image?	Yes, there is a backpack in	Yes
V: ['/content/data/coco/val2014/COCO_val2014_000000506483.jpg']	Is there a chair in the image?	Yes, there is a chair in the	No
V: ['/content/data/coco/val2014/COCO_val2014_000000506483.jpg']	Is there a person in the image?	Yes, there is a person in the	Yes
V: ['/content/data/coco/val2014/COCO_val2014_000000506483.jpg']	Is there a tennis racket in the image?	No, there is no tennis racket	No
V: ['/content/data/coco/val2014/COCO_val2014_000000506483.jpg']	Is there a car in the image?	Yes, there is a car in the	Yes
V: ['/content/data/coco/val2014/COCO_val2014_000000506483.jpg']	Is there a motorcycle in the image?	Yes, there is a motorcycle in	No
V: ['/content/data/coco/val2014/COCO_val2014_000000468934.jpg']	Is there a banana in the image?	No, there is no banana in	Yes
V: ['/content/data/coco/val2014/COCO_val2014_000000468934.jpg']	Is there a remote in the image?	No, there is no remote in the	No
V: ['/content/data/coco/val2014/COCO_val2014_000000468934.jpg']	Is there a person in the image?	Yes, there is a person in the	Yes
V: ['/content/data/coco/val2014/COCO_val2014_000000468934.jpg']	Is there a bird in the image?	No, there is no bird in the	No
V: ['/content/data/coco/val2014/COCO_val2014_000000468934.jpg']	Is there a fork in the image?	Yes, there is a fork in the	Yes
V: ['/content/data/coco/val2014/COCO_val2014_000000468934.jpg']	Is there an elephant in the image?	No, there is no elephant	No
V: ['/content/data/coco/val2014/COCO_val2014_000000189694.jpg']	Is there a sink in the image?	Yes, there is a sink in the	Yes
V: ['/content/data/coco/val2014/COCO_val2014_000000189694.jpg']	Is there a bird in the image?	No, there is no bird in the	No
V: ['/content/data/coco/val2014/COCO_val2014_000000189694.jpg']	Is there a person in the image?	Yes, there is a person, specifically	Yes
V: ['/content/data/coco/val2014/COCO_val2014_000000189694.jpg']	Is there a banana in the image?	No, there is no banana in	No
V: ['/content/data/coco/val2014/COCO_val2014_000000189694.jpg']	Is there a bottle in the image?	No, there is no bottle in	Yes
V: ['/content/data/coco/val2014/COCO_val2014_000000189694.jpg']	Is there a bear in the image?	No, there is no bear in the	No
V: ['/content/data/coco/val2014/COCO_val2014_000000273450.jpg']	Is there a person in the image?	Yes, there is a person in the	Yes
V: ['/content/data/coco/val2014/COCO_val2014_000000273450.jpg']	Is there a keyboard in the image?	No, there is no keyboard in the	No
V: ['/content/data/coco/val2014/COCO_val2014_000000273450.jpg']	Is there an orange in the image?	No, there is no orange in the	Yes
V: ['/content/data/coco/val2014/COCO_val2014_000000273450.jpg']	Is there a train in the image?	No, there is no train in the	No
V: ['/content/data/coco/val2014/COCO_val2014_000000273450.jpg']	Is there a car in the image?	Yes, there is a car in the	Yes
V: ['/content/data/coco/val2014/COCO_val2014_000000273450.jpg']	Is there a carrot in the image?	No, there is no carrot in	No
V: ['/content/data/coco/val2014/COCO_val2014_000000278226.jpg']	Is there a person in the image?	Yes, there is a person in the	Yes
V: ['/content/data/coco/val2014/COCO_val2014_000000278226.jpg']	Is there a toilet in the image?	No, there is no toilet	No
V: ['/content/data/coco/val2014/COCO_val2014_000000278226.jpg']	Is there a couch in the image?	Yes, there is a couch in	Yes
V: ['/content/data/coco/val2014/COCO_val2014_000000278226.jpg']	Is there a train in the image?	No, there is no train in the	No
V: ['/content/data/coco/val2014/COCO_val2014_000000278226.jpg']	Is there a laptop in the image?	Yes, there is a laptop in the	Yes
V: ['/content/data/coco/val2014/COCO_val2014_000000278226.jpg']	Is there a bird in the image?	No, there is no bird in the	No
V: ['/content/data/coco/val2014/COCO_val2014_000000449432.jpg']	Is there a backpack in the image?	Yes, there is a backpack in	Yes
V: ['/content/data/coco/val2014/COCO_val2014_000000449432.jpg']	Is there an orange in the image?	No, there is no orange in the	No
V: ['/content/data/coco/val2014/COCO_val2014_000000449432.jpg']	Is there a person in the image?	Yes, there is a person in the	Yes
V: ['/content/data/coco/val2014/COCO_val2014_000000449432.jpg']	Is there a tennis racket in the image?	No, there is no tennis racket	No
V: ['/content/data/coco/val2014/COCO_val2014_000000449432.jpg']	Is there a handbag in the image?	Yes, there is a handbag in	Yes
V: ['/content/data/coco/val2014/COCO_val2014_000000449432.jpg']	Is there a refrigerator in the image?	No, there is no refriger	No
V: ['/content/data/coco/val2014/COCO_val2014_000000153300.jpg']	Is there a spoon in the image?	Yes, there is a spoon in	Yes
V: ['/content/data/coco/val2014/COCO_val2014_000000153300.jpg']	Is there a toaster in the image?	Yes, there is a toaster in	No
V: ['/content/data/coco/val2014/COCO_val2014_000000153300.jpg']	Is there a bowl in the image?	Yes, there is a bowl in	Yes
V: ['/content/data/coco/val2014/COCO_val2014_000000153300.jpg']	Is there a kite in the image?	No, there is no kite in	No
V: ['/content/data/coco/val2014/COCO_val2014_000000153300.jpg']	Is there a person in the image?	Yes, there is a person in the	Yes
V: ['/content/data/coco/val2014/COCO_val2014_000000153300.jpg']	Is there a laptop in the image?	No, there is no laptop in the	No
V: ['/content/data/coco/val2014/COCO_val2014_000000506178.jpg']	Is there a person in the image?	Yes, there is a person in the	Yes
V: ['/content/data/coco/val2014/COCO_val2014_000000506178.jpg']	Is there a baseball glove in the image?	No, there is no baseball glove	No
V: ['/content/data/coco/val2014/COCO_val2014_000000506178.jpg']	Is there a bed in the image?	No, there is no bed in the	Yes
V: ['/content/data/coco/val2014/COCO_val2014_000000506178.jpg']	Is there a bus in the image?	Yes, there is a bus in the	No
V: ['/content/data/coco/val2014/COCO_val2014_000000506178.jpg']	Is there a remote in the image?	Yes, there is a remote in the	Yes
V: ['/content/data/coco/val2014/COCO_val2014_000000506178.jpg']	Is there a chair in the image?	Yes, there is a chair in the	No
V: ['/content/data/coco/val2014/COCO_val2014_000000249720.jpg']	Is there a backpack in the image?	Yes, there is a backpack in	Yes
V: ['/content/data/coco/val2014/COCO_val2014_000000249720.jpg']	Is there a bear in the image?	No, there is no bear in the	No
V: ['/content/data/coco/val2014/COCO_val2014_000000249720.jpg']	Is there a person in the image?	Yes, there is a person in the	Yes
V: ['/content/data/coco/val2014/COCO_val2014_000000249720.jpg']	Is there a wine glass in the image?	No, there is no wine glass in	No
V: ['/content/data/coco/val2014/COCO_val2014_000000249720.jpg']	Is there a traffic light in the image?	Yes, there is a traffic light in	Yes
V: ['/content/data/coco/val2014/COCO_val2014_000000249720.jpg']	Is there a zebra in the image?	No, there is no zebra	No
V: ['/content/data/coco/val2014/COCO_val2014_000000205206.jpg']	Is there a traffic light in the image?	Yes, there is a traffic light in	Yes
V: ['/content/data/coco/val2014/COCO_val2014_000000205206.jpg']	Is there a skateboard in the image?	No, there is no skateboard	No
V: ['/content/data/coco/val2014/COCO_val2014_000000205206.jpg']	Is there a train in the image?	Yes, there is a train in the	Yes
V: ['/content/data/coco/val2014/COCO_val2014_000000205206.jpg']	Is there a cake in the image?	No, there is no cake in	No
V: ['/content/data/coco/val2014/COCO_val2014_000000205206.jpg']	Is there a car in the image?	No, there is no car in the	Yes
V: ['/content/data/coco/val2014/COCO_val2014_000000205206.jpg']	Is there a dining table in the image?	No, there is no dining table	No
V: ['/content/data/coco/val2014/COCO_val2014_000000018150.jpg']	Is there a backpack in the image?	Yes, there is a backpack in	Yes
V: ['/content/data/coco/val2014/COCO_val2014_000000018150.jpg']	Is there a frisbee in the image?	No, there is no frisbe	No
V: ['/content/data/coco/val2014/COCO_val2014_000000018150.jpg']	Is there a person in the image?	Yes, there is a person, a	Yes
V: ['/content/data/coco/val2014/COCO_val2014_000000018150.jpg']	Is there a dog in the image?	No, there is no dog in the	No
V: ['/content/data/coco/val2014/COCO_val2014_000000018150.jpg']	Is there a couch in the image?	Yes, there is a couch in	Yes
V: ['/content/data/coco/val2014/COCO_val2014_000000018150.jpg']	Is there a stop sign in the image?	No, there is no stop sign in	No
V: ['/content/data/coco/val2014/COCO_val2014_000000303534.jpg']	Is there a tv in the image?	Yes, there is a TV in the	Yes
V: ['/content/data/coco/val2014/COCO_val2014_000000303534.jpg']	Is there an airplane in the image?	Yes, there is an airplane in	No
V: ['/content/data/coco/val2014/COCO_val2014_000000303534.jpg']	Is there a backpack in the image?	Yes, there is a backpack in	Yes
V: ['/content/data/coco/val2014/COCO_val2014_000000303534.jpg']	Is there a wine glass in the image?	Yes, there is a wine glass in	No
V: ['/content/data/coco/val2014/COCO_val2014_000000303534.jpg']	Is there a chair in the image?	Yes, there is a chair in the	Yes
V: ['/content/data/coco/val2014/COCO_val2014_000000303534.jpg']	Is there a bowl in the image?	Yes, there is a bowl in	No
V: ['/content/data/coco/val2014/COCO_val2014_000000278771.jpg']	Is there a person in the image?	Yes, there is a person in the	Yes
V: ['/content/data/coco/val2014/COCO_val2014_000000278771.jpg']	Is there a train in the image?	No, there is no train in the	No
V: ['/content/data/coco/val2014/COCO_val2014_000000278771.jpg']	Is there a sports ball in the image?	Yes, there is a sports ball,	Yes
V: ['/content/data/coco/val2014/COCO_val2014_000000278771.jpg']	Is there an apple in the image?	No, there is no apple in the	No
V: ['/content/data/coco/val2014/COCO_val2014_000000278771.jpg']	Is there a bottle in the image?	Yes, there is a bottle in	Yes
V: ['/content/data/coco/val2014/COCO_val2014_000000278771.jpg']	Is there a spoon in the image?	No, there is no spoon in	No
V: ['/content/data/coco/val2014/COCO_val2014_000000134075.jpg']	Is there a spoon in the image?	Yes, there is a spoon in	Yes
V: ['/content/data/coco/val2014/COCO_val2014_000000134075.jpg']	Is there an elephant in the image?	No, there is no elephant	No
V: ['/content/data/coco/val2014/COCO_val2014_000000134075.jpg']	Is there a person in the image?	Yes, there is a person in the	Yes
V: ['/content/data/coco/val2014/COCO_val2014_000000134075.jpg']	Is there a boat in the image?	No, there is no boat in the	No
V: ['/content/data/coco/val2014/COCO_val2014_000000134075.jpg']	Is there a bottle in the image?	Yes, there is a bottle in	Yes
V: ['/content/data/coco/val2014/COCO_val2014_000000134075.jpg']	Is there a suitcase in the image?	No, there is no suitcase in	No
V: ['/content/data/coco/val2014/COCO_val2014_000000227204.jpg']	Is there a banana in the image?	Yes, there is a banana in	Yes
V: ['/content/data/coco/val2014/COCO_val2014_000000227204.jpg']	Is there an airplane in the image?	No, there is no airplane in	No
V: ['/content/data/coco/val2014/COCO_val2014_000000227204.jpg']	Is there a person in the image?	Yes, there is a person in the	Yes
V: ['/content/data/coco/val2014/COCO_val2014_000000227204.jpg']	Is there a cake in the image?	Yes, there is a cake in	No
V: ['/content/data/coco/val2014/COCO_val2014_000000227204.jpg']	Is there a spoon in the image?	Yes, there is a spoon in	Yes
V: ['/content/data/coco/val2014/COCO_val2014_000000227204.jpg']	Is there a cat in the image?	No, there is no cat in the	No
V: ['/content/data/coco/val2014/COCO_val2014_000000124629.jpg']	Is there a person in the image?	Yes, there is a person, specifically	Yes
V: ['/content/data/coco/val2014/COCO_val2014_000000124629.jpg']	Is there a refrigerator in the image?	No, there is no refriger	No
V: ['/content/data/coco/val2014/COCO_val2014_000000124629.jpg']	Is there a sports ball in the image?	Yes, there is a sports ball in	Yes
V: ['/content/data/coco/val2014/COCO_val2014_000000124629.jpg']	Is there a surfboard in the image?	No, there is no surfboard	No
V: ['/content/data/coco/val2014/COCO_val2014_000000124629.jpg']	Is there a tennis racket in the image?	No, there is no tennis racket	Yes
V: ['/content/data/coco/val2014/COCO_val2014_000000124629.jpg']	Is there a backpack in the image?	No, there is no backpack in	No
V: ['/content/data/coco/val2014/COCO_val2014_000000142774.jpg']	Is there a person in the image?	Yes, there is a person in the	Yes
V: ['/content/data/coco/val2014/COCO_val2014_000000142774.jpg']	Is there a boat in the image?	No, there is no boat in the	No
V: ['/content/data/coco/val2014/COCO_val2014_000000142774.jpg']	Is there a motorcycle in the image?	Yes, there is a motorcycle in	Yes
V: ['/content/data/coco/val2014/COCO_val2014_000000142774.jpg']	Is there a kite in the image?	No, there is no kite in	No
V: ['/content/data/coco/val2014/COCO_val2014_000000142774.jpg']	Is there a bus in the image?	Yes, there is a bus in the	Yes
V: ['/content/data/coco/val2014/COCO_val2014_000000142774.jpg']	Is there a train in the image?	No, there is no train in the	No
V: ['/content/data/coco/val2014/COCO_val2014_000000199959.jpg']	Is there a backpack in the image?	Yes, there is a backpack in	Yes
V: ['/content/data/coco/val2014/COCO_val2014_000000199959.jpg']	Is there a bed in the image?	No, there is no bed in the	No
V: ['/content/data/coco/val2014/COCO_val2014_000000199959.jpg']	Is there a person in the image?	Yes, there is a person in the	Yes
V: ['/content/data/coco/val2014/COCO_val2014_000000199959.jpg']	Is there a laptop in the image?	No, there is no laptop in the	No
V: ['/content/data/coco/val2014/COCO_val2014_000000199959.jpg']	Is there a train in the image?	Yes, there is a train in the	Yes
V: ['/content/data/coco/val2014/COCO_val2014_000000199959.jpg']	Is there a toilet in the image?	No, there is no toilet	No
V: ['/content/data/coco/val2014/COCO_val2014_000000316700.jpg']	Is there a bowl in the image?	Yes, there is a bowl in	Yes
V: ['/content/data/coco/val2014/COCO_val2014_000000316700.jpg']	Is there a tennis racket in the image?	No, there is no tennis racket	No
V: ['/content/data/coco/val2014/COCO_val2014_000000316700.jpg']	Is there a broccoli in the image?	No, there is no broccoli	Yes
V: ['/content/data/coco/val2014/COCO_val2014_000000316700.jpg']	Is there a laptop in the image?	No, there is no laptop in the	No
V: ['/content/data/coco/val2014/COCO_val2014_000000316700.jpg']	Is there a dining table in the image?	Yes, there is a dining table	Yes
V: ['/content/data/coco/val2014/COCO_val2014_000000316700.jpg']	Is there a hot dog in the image?	Yes, there is a hot dog in	No
V: ['/content/data/coco/val2014/COCO_val2014_000000040361.jpg']	Is there a person in the image?	Yes, there is a person in the	Yes
V: ['/content/data/coco/val2014/COCO_val2014_000000040361.jpg']	Is there a knife in the image?	No, there is no knife in	No
V: ['/content/data/coco/val2014/COCO_val2014_000000040361.jpg']	Is there a sports ball in the image?	No, there is no sports ball in	Yes
V: ['/content/data/coco/val2014/COCO_val2014_000000040361.jpg']	Is there a skis in the image?	No, there are no skis in	No
V: ['/content/data/coco/val2014/COCO_val2014_000000040361.jpg']	Is there a baseball bat in the image?	Yes, there is a baseball bat in	Yes
V: ['/content/data/coco/val2014/COCO_val2014_000000040361.jpg']	Is there a backpack in the image?	No, there is no backpack in	No
V: ['/content/data/coco/val2014/COCO_val2014_000000378873.jpg']	Is there a truck in the image?	Yes, there is a truck in	Yes
V: ['/content/data/coco/val2014/COCO_val2014_000000378873.jpg']	Is there a horse in the image?	No, there is no horse in the	No
V: ['/content/data/coco/val2014/COCO_val2014_000000378873.jpg']	Is there a bowl in the image?	Yes, there is a bowl in	Yes
V: ['/content/data/coco/val2014/COCO_val2014_000000378873.jpg']	Is there a bicycle in the image?	No, there is no bicycle	No
V: ['/content/data/coco/val2014/COCO_val2014_000000378873.jpg']	Is there a person in the image?	Yes, there is a person in the	Yes
V: ['/content/data/coco/val2014/COCO_val2014_000000378873.jpg']	Is there a laptop in the image?	No, there is no laptop in the	No
V: ['/content/data/coco/val2014/COCO_val2014_000000574790.jpg']	Is there a traffic light in the image?	Yes, there is a traffic light in	Yes
V: ['/content/data/coco/val2014/COCO_val2014_000000574790.jpg']	Is there a teddy bear in the image?	No, there is no teddy bear	No
V: ['/content/data/coco/val2014/COCO_val2014_000000574790.jpg']	Is there a truck in the image?	Yes, there is a truck in	Yes
V: ['/content/data/coco/val2014/COCO_val2014_000000574790.jpg']	Is there a snowboard in the image?	No, there is no snowboard in	No
V: ['/content/data/coco/val2014/COCO_val2014_000000574790.jpg']	Is there a car in the image?	Yes, there is a car in the	Yes
V: ['/content/data/coco/val2014/COCO_val2014_000000574790.jpg']	Is there a baseball glove in the image?	No, there is no baseball glove	No
V: ['/content/data/coco/val2014/COCO_val2014_000000011241.jpg']	Is there a bowl in the image?	Yes, there is a bowl in	Yes
V: ['/content/data/coco/val2014/COCO_val2014_000000011241.jpg']	Is there an apple in the image?	Yes, there is an apple in the	No
V: ['/content/data/coco/val2014/COCO_val2014_000000011241.jpg']	Is there a spoon in the image?	Yes, there is a spoon in	Yes
V: ['/content/data/coco/val2014/COCO_val2014_000000011241.jpg']	Is there a skateboard in the image?	No, there is no skateboard	No
V: ['/content/data/coco/val2014/COCO_val2014_000000011241.jpg']	Is there a sandwich in the image?	Yes, there is a sandwich in	Yes
V: ['/content/data/coco/val2014/COCO_val2014_000000011241.jpg']	Is there a cow in the image?	No, there is no cow in the	No
V: ['/content/data/coco/val2014/COCO_val2014_000000525667.jpg']	Is there a person in the image?	Yes, there is a person in the	Yes
V: ['/content/data/coco/val2014/COCO_val2014_000000525667.jpg']	Is there a zebra in the image?	No, there is no zebra	No
V: ['/content/data/coco/val2014/COCO_val2014_000000525667.jpg']	Is there a bicycle in the image?	Yes, there is a bicycle	Yes
V: ['/content/data/coco/val2014/COCO_val2014_000000525667.jpg']	Is there a chair in the image?	No, there is no chair in the	No
V: ['/content/data/coco/val2014/COCO_val2014_000000525667.jpg']	Is there a dining table in the image?	Yes, there is a dining table	Yes
V: ['/content/data/coco/val2014/COCO_val2014_000000525667.jpg']	Is there a truck in the image?	No, there is no truck in	No
V: ['/content/data/coco/val2014/COCO_val2014_000000246145.jpg']	Is there a chair in the image?	Yes, there is a chair in the	Yes
V: ['/content/data/coco/val2014/COCO_val2014_000000246145.jpg']	Is there a parking meter in the image?	No, there is no parking meter	No
V: ['/content/data/coco/val2014/COCO_val2014_000000246145.jpg']	Is there a clock in the image?	Yes, there is a clock in the	Yes
V: ['/content/data/coco/val2014/COCO_val2014_000000246145.jpg']	Is there a broccoli in the image?	No, there is no broccoli	No
V: ['/content/data/coco/val2014/COCO_val2014_000000246145.jpg']	Is there a dining table in the image?	Yes, there is a dining table	Yes
V: ['/content/data/coco/val2014/COCO_val2014_000000246145.jpg']	Is there a hot dog in the image?	No, there is no hot dog in	No
V: ['/content/data/coco/val2014/COCO_val2014_000000313162.jpg']	Is there a pizza in the image?	Yes, there is a pizza in	Yes
V: ['/content/data/coco/val2014/COCO_val2014_000000313162.jpg']	Is there a stop sign in the image?	No, there is no stop sign in	No
V: ['/content/data/coco/val2014/COCO_val2014_000000313162.jpg']	Is there a cup in the image?	Yes, there is a glass cup in	Yes
V: ['/content/data/coco/val2014/COCO_val2014_000000313162.jpg']	Is there a bench in the image?	Yes, there is a bench in	No
V: ['/content/data/coco/val2014/COCO_val2014_000000313162.jpg']	Is there a dining table in the image?	Yes, there is a dining table	Yes
V: ['/content/data/coco/val2014/COCO_val2014_000000313162.jpg']	Is there a remote in the image?	Yes, there is a remote control in	No
V: ['/content/data/coco/val2014/COCO_val2014_000000529668.jpg']	Is there a person in the image?	Yes, there is a person, specifically	Yes
V: ['/content/data/coco/val2014/COCO_val2014_000000529668.jpg']	Is there a broccoli in the image?	No, there is no broccoli	No
V: ['/content/data/coco/val2014/COCO_val2014_000000529668.jpg']	Is there a handbag in the image?	Yes, there is a handbag in	Yes
V: ['/content/data/coco/val2014/COCO_val2014_000000529668.jpg']	Is there an airplane in the image?	No, there is no airplane in	No
V: ['/content/data/coco/val2014/COCO_val2014_000000529668.jpg']	Is there a cell phone in the image?	Yes, there is a cell phone in	Yes
V: ['/content/data/coco/val2014/COCO_val2014_000000529668.jpg']	Is there a scissors in the image?	No, there are no scissors	No
V: ['/content/data/coco/val2014/COCO_val2014_000000376959.jpg']	Is there a chair in the image?	Yes, there is a chair in the	Yes
V: ['/content/data/coco/val2014/COCO_val2014_000000376959.jpg']	Is there a broccoli in the image?	No, there is no broccoli	No
V: ['/content/data/coco/val2014/COCO_val2014_000000376959.jpg']	Is there a person in the image?	Yes, there is a person in the	Yes
V: ['/content/data/coco/val2014/COCO_val2014_000000376959.jpg']	Is there a bottle in the image?	No, there is no bottle in	No
V: ['/content/data/coco/val2014/COCO_val2014_000000376959.jpg']	Is there a cell phone in the image?	Yes, there is a cell phone in	Yes
V: ['/content/data/coco/val2014/COCO_val2014_000000376959.jpg']	Is there a bench in the image?	Yes, there is a bench in	No
V: ['/content/data/coco/val2014/COCO_val2014_000000275863.jpg']	Is there a chair in the image?	Yes, there is a chair in the	Yes
V: ['/content/data/coco/val2014/COCO_val2014_000000275863.jpg']	Is there a pizza in the image?	No, there is no pizza in	No
V: ['/content/data/coco/val2014/COCO_val2014_000000275863.jpg']	Is there a person in the image?	Yes, there is a person in the	Yes
V: ['/content/data/coco/val2014/COCO_val2014_000000275863.jpg']	Is there a couch in the image?	No, there is no couch in	No
V: ['/content/data/coco/val2014/COCO_val2014_000000275863.jpg']	Is there a bench in the image?	Yes, there is a bench in	Yes
V: ['/content/data/coco/val2014/COCO_val2014_000000275863.jpg']	Is there a kite in the image?	No, there is no kite in	No
V: ['/content/data/coco/val2014/COCO_val2014_000000327038.jpg']	Is there a person in the image?	Yes, there is a person in the	Yes
V: ['/content/data/coco/val2014/COCO_val2014_000000327038.jpg']	Is there a keyboard in the image?	No, there is no keyboard in the	No
V: ['/content/data/coco/val2014/COCO_val2014_000000327038.jpg']	Is there a spoon in the image?	Yes, there is a spoon in	Yes
V: ['/content/data/coco/val2014/COCO_val2014_000000327038.jpg']	Is there a baseball glove in the image?	No, there is no baseball glove	No
V: ['/content/data/coco/val2014/COCO_val2014_000000327038.jpg']	Is there a bowl in the image?	Yes, there is a bowl in	Yes
V: ['/content/data/coco/val2014/COCO_val2014_000000327038.jpg']	Is there an orange in the image?	No, there is no orange in the	No
V: ['/content/data/coco/val2014/COCO_val2014_000000513136.jpg']	Is there a pizza in the image?	Yes, there is a pizza in	Yes
V: ['/content/data/coco/val2014/COCO_val2014_000000513136.jpg']	Is there an orange in the image?	No, there is no orange in the	No
V: ['/content/data/coco/val2014/COCO_val2014_000000513136.jpg']	Is there a cup in the image?	Yes, there is a cup in the	Yes
V: ['/content/data/coco/val2014/COCO_val2014_000000513136.jpg']	Is there a stop sign in the image?	No, there is no stop sign in	No
V: ['/content/data/coco/val2014/COCO_val2014_000000513136.jpg']	Is there a dining table in the image?	Yes, there is a dining table	Yes
V: ['/content/data/coco/val2014/COCO_val2014_000000513136.jpg']	Is there a truck in the image?	No, there is no truck in	No
V: ['/content/data/coco/val2014/COCO_val2014_000000184338.jpg']	Is there a truck in the image?	Yes, there is a truck in	Yes
V: ['/content/data/coco/val2014/COCO_val2014_000000184338.jpg']	Is there a wine glass in the image?	No, there is no wine glass in	No
V: ['/content/data/coco/val2014/COCO_val2014_000000184338.jpg']	Is there a bed in the image?	Yes, there is a bed in the	Yes
V: ['/content/data/coco/val2014/COCO_val2014_000000184338.jpg']	Is there a mouse in the image?	No, there is no mouse in the	No
V: ['/content/data/coco/val2014/COCO_val2014_000000184338.jpg']	Is there a person in the image?	No, there is no person in the	Yes
V: ['/content/data/coco/val2014/COCO_val2014_000000184338.jpg']	Is there a banana in the image?	No, there is no banana in	No
V: ['/content/data/coco/val2014/COCO_val2014_000000175437.jpg']	Is there a person in the image?	Yes, there is a person in the	Yes
V: ['/content/data/coco/val2014/COCO_val2014_000000175437.jpg']	Is there a teddy bear in the image?	Yes, there is a teddy bear	No
V: ['/content/data/coco/val2014/COCO_val2014_000000175437.jpg']	Is there a dining table in the image?	Yes, there is a dining table	Yes
V: ['/content/data/coco/val2014/COCO_val2014_000000175437.jpg']	Is there a bicycle in the image?	No, there is no bicycle	No
V: ['/content/data/coco/val2014/COCO_val2014_000000175437.jpg']	Is there a donut in the image?	Yes, there is a man making don	Yes
V: ['/content/data/coco/val2014/COCO_val2014_000000175437.jpg']	Is there a baseball glove in the image?	No, there is no baseball glove	No
V: ['/content/data/coco/val2014/COCO_val2014_000000498100.jpg']	Is there a vase in the image?	Yes, there is a vase in	Yes
V: ['/content/data/coco/val2014/COCO_val2014_000000498100.jpg']	Is there a mouse in the image?	No, there is no mouse in the	No
V: ['/content/data/coco/val2014/COCO_val2014_000000498100.jpg']	Is there a person in the image?	Yes, there is a person in the	Yes
V: ['/content/data/coco/val2014/COCO_val2014_000000498100.jpg']	Is there a skis in the image?	No, there are no skis in	No
V: ['/content/data/coco/val2014/COCO_val2014_000000498100.jpg']	Is there a dining table in the image?	Yes, there is a dining table	Yes
V: ['/content/data/coco/val2014/COCO_val2014_000000498100.jpg']	Is there a bear in the image?	Yes, there is a bear in the	No
V: ['/content/data/coco/val2014/COCO_val2014_000000375909.jpg']	Is there a refrigerator in the image?	Yes, there is a refriger	Yes
V: ['/content/data/coco/val2014/COCO_val2014_000000375909.jpg']	Is there a car in the image?	No, there is no car in the	No
V: ['/content/data/coco/val2014/COCO_val2014_000000375909.jpg']	Is there a couch in the image?	Yes, there is a couch in	Yes
V: ['/content/data/coco/val2014/COCO_val2014_000000375909.jpg']	Is there a giraffe in the image?	No, there is no giraffe	No
V: ['/content/data/coco/val2014/COCO_val2014_000000375909.jpg']	Is there a bed in the image?	Yes, there is a bed in the	Yes
V: ['/content/data/coco/val2014/COCO_val2014_000000375909.jpg']	Is there a train in the image?	No, there is no train in the	No
V: ['/content/data/coco/val2014/COCO_val2014_000000396338.jpg']	Is there a backpack in the image?	Yes, there is a backpack in	Yes
V: ['/content/data/coco/val2014/COCO_val2014_000000396338.jpg']	Is there a cat in the image?	No, there is no cat in the	No
V: ['/content/data/coco/val2014/COCO_val2014_000000396338.jpg']	Is there a truck in the image?	Yes, there is a truck in	Yes
V: ['/content/data/coco/val2014/COCO_val2014_000000396338.jpg']	Is there a boat in the image?	No, there is no boat in the	No
V: ['/content/data/coco/val2014/COCO_val2014_000000396338.jpg']	Is there a person in the image?	Yes, there is a person in the	Yes
V: ['/content/data/coco/val2014/COCO_val2014_000000396338.jpg']	Is there a tie in the image?	Yes, there is a man wearing	No
V: ['/content/data/coco/val2014/COCO_val2014_000000124930.jpg']	Is there a person in the image?	Yes, there is a person in the	Yes
V: ['/content/data/coco/val2014/COCO_val2014_000000124930.jpg']	Is there a suitcase in the image?	No, there is no suitcase in	No
V: ['/content/data/coco/val2014/COCO_val2014_000000124930.jpg']	Is there a bowl in the image?	Yes, there is a bowl in	Yes
V: ['/content/data/coco/val2014/COCO_val2014_000000124930.jpg']	Is there a bicycle in the image?	No, there is no bicycle	No
V: ['/content/data/coco/val2014/COCO_val2014_000000124930.jpg']	Is there a spoon in the image?	Yes, there is a spoon visible	Yes
V: ['/content/data/coco/val2014/COCO_val2014_000000124930.jpg']	Is there a truck in the image?	No, there is no truck in	No
V: ['/content/data/coco/val2014/COCO_val2014_000000112664.jpg']	Is there a person in the image?	Yes, there is a person in the	Yes
V: ['/content/data/coco/val2014/COCO_val2014_000000112664.jpg']	Is there a microwave in the image?	No, there is no microwave	No
V: ['/content/data/coco/val2014/COCO_val2014_000000112664.jpg']	Is there a handbag in the image?	Yes, there is a handbag in	Yes
V: ['/content/data/coco/val2014/COCO_val2014_000000112664.jpg']	Is there a tv in the image?	Yes, there is a television in the	No
V: ['/content/data/coco/val2014/COCO_val2014_000000112664.jpg']	Is there a suitcase in the image?	Yes, there is a suitcase in	Yes
V: ['/content/data/coco/val2014/COCO_val2014_000000112664.jpg']	Is there a spoon in the image?	No, there is no spoon in	No
V: ['/content/data/coco/val2014/COCO_val2014_000000377879.jpg']	Is there a truck in the image?	Yes, there is a truck in	Yes
V: ['/content/data/coco/val2014/COCO_val2014_000000377879.jpg']	Is there a teddy bear in the image?	No, there is no teddy bear	No
V: ['/content/data/coco/val2014/COCO_val2014_000000377879.jpg']	Is there a train in the image?	Yes, there is a train in the	Yes
V: ['/content/data/coco/val2014/COCO_val2014_000000377879.jpg']	Is there a bicycle in the image?	No, there is no bicycle	No
V: ['/content/data/coco/val2014/COCO_val2014_000000377879.jpg']	Is there a bed in the image?	No, there is no bed in the	Yes
V: ['/content/data/coco/val2014/COCO_val2014_000000377879.jpg']	Is there a bottle in the image?	No, there is no bottle in	No
V: ['/content/data/coco/val2014/COCO_val2014_000000377401.jpg']	Is there a truck in the image?	Yes, there is a truck in	Yes
V: ['/content/data/coco/val2014/COCO_val2014_000000377401.jpg']	Is there a frisbee in the image?	No, there is no frisbe	No
V: ['/content/data/coco/val2014/COCO_val2014_000000377401.jpg']	Is there a clock in the image?	Yes, there is a clock in the	Yes
V: ['/content/data/coco/val2014/COCO_val2014_000000377401.jpg']	Is there a wine glass in the image?	No, there is no wine glass in	No
V: ['/content/data/coco/val2014/COCO_val2014_000000377401.jpg']	Is there a car in the image?	Yes, there is a car in the	Yes
V: ['/content/data/coco/val2014/COCO_val2014_000000377401.jpg']	Is there a keyboard in the image?	No, there is no keyboard in the	No
V: ['/content/data/coco/val2014/COCO_val2014_000000049473.jpg']	Is there a vase in the image?	Yes, there is a vase in	Yes
V: ['/content/data/coco/val2014/COCO_val2014_000000049473.jpg']	Is there a remote in the image?	No, there is no remote in the	No
V: ['/content/data/coco/val2014/COCO_val2014_000000049473.jpg']	Is there a book in the image?	Yes, there is a book in the	Yes
V: ['/content/data/coco/val2014/COCO_val2014_000000049473.jpg']	Is there a bed in the image?	No, there is no bed in the	No
V: ['/content/data/coco/val2014/COCO_val2014_000000049473.jpg']	Is there a dining table in the image?	Yes, there is a dining table	Yes
V: ['/content/data/coco/val2014/COCO_val2014_000000049473.jpg']	Is there a bus in the image?	No, there is no bus in the	No
V: ['/content/data/coco/val2014/COCO_val2014_000000153865.jpg']	Is there a person in the image?	Yes, there is a person in the	Yes
V: ['/content/data/coco/val2014/COCO_val2014_000000153865.jpg']	Is there a banana in the image?	No, there is no banana in	No
V: ['/content/data/coco/val2014/COCO_val2014_000000153865.jpg']	Is there a car in the image?	No, there is no car in the	Yes
V: ['/content/data/coco/val2014/COCO_val2014_000000153865.jpg']	Is there a traffic light in the image?	No, there is no traffic light in	No
V: ['/content/data/coco/val2014/COCO_val2014_000000153865.jpg']	Is there a kite in the image?	Yes, there is a kite in	Yes
V: ['/content/data/coco/val2014/COCO_val2014_000000153865.jpg']	Is there a sink in the image?	No, there is no sink in the	No
V: ['/content/data/coco/val2014/COCO_val2014_000000383185.jpg']	Is there a banana in the image?	Yes, there is a banana in	Yes
V: ['/content/data/coco/val2014/COCO_val2014_000000383185.jpg']	Is there a vase in the image?	Yes, there is a vase in	No
V: ['/content/data/coco/val2014/COCO_val2014_000000383185.jpg']	Is there a spoon in the image?	Yes, there is a spoon in	Yes
V: ['/content/data/coco/val2014/COCO_val2014_000000383185.jpg']	Is there a backpack in the image?	No, there is no backpack in	No
V: ['/content/data/coco/val2014/COCO_val2014_000000383185.jpg']	Is there a bowl in the image?	Yes, there is a bowl in	Yes
V: ['/content/data/coco/val2014/COCO_val2014_000000383185.jpg']	Is there a tennis racket in the image?	No, there is no tennis racket	No
V: ['/content/data/coco/val2014/COCO_val2014_000000388983.jpg']	Is there a person in the image?	No, there is no person in the	Yes
V: ['/content/data/coco/val2014/COCO_val2014_000000388983.jpg']	Is there a snowboard in the image?	No, there is no snowboard in	No
V: ['/content/data/coco/val2014/COCO_val2014_000000388983.jpg']	Is there a bowl in the image?	No, there is no bowl in	Yes
V: ['/content/data/coco/val2014/COCO_val2014_000000388983.jpg']	Is there a boat in the image?	No, there is no boat in the	No
V: ['/content/data/coco/val2014/COCO_val2014_000000388983.jpg']	Is there a sandwich in the image?	Yes, there is a sandwich in	Yes
V: ['/content/data/coco/val2014/COCO_val2014_000000388983.jpg']	Is there a skateboard in the image?	No, there is no skateboard	No
V: ['/content/data/coco/val2014/COCO_val2014_000000295377.jpg']	Is there a backpack in the image?	Yes, there is a backpack in	Yes
V: ['/content/data/coco/val2014/COCO_val2014_000000295377.jpg']	Is there a baseball glove in the image?	No, there is no baseball glove	No
V: ['/content/data/coco/val2014/COCO_val2014_000000295377.jpg']	Is there a person in the image?	Yes, there is a person in the	Yes
V: ['/content/data/coco/val2014/COCO_val2014_000000295377.jpg']	Is there a bird in the image?	No, there is no bird in the	No
V: ['/content/data/coco/val2014/COCO_val2014_000000295377.jpg']	Is there a skis in the image?	Yes, there are skis in the	Yes
V: ['/content/data/coco/val2014/COCO_val2014_000000295377.jpg']	Is there a clock in the image?	No, there is no clock in the	No
V: ['/content/data/coco/val2014/COCO_val2014_000000034773.jpg']	Is there a chair in the image?	Yes, there is a chair in the	Yes
V: ['/content/data/coco/val2014/COCO_val2014_000000034773.jpg']	Is there a bird in the image?	No, there is no bird in the	No
V: ['/content/data/coco/val2014/COCO_val2014_000000034773.jpg']	Is there a dog in the image?	Yes, there is a dog in the	Yes
V: ['/content/data/coco/val2014/COCO_val2014_000000034773.jpg']	Is there a frisbee in the image?	No, there is no frisbe	No
V: ['/content/data/coco/val2014/COCO_val2014_000000034773.jpg']	Is there a couch in the image?	Yes, there is a couch in	Yes
V: ['/content/data/coco/val2014/COCO_val2014_000000034773.jpg']	Is there a broccoli in the image?	No, there is no broccoli	No
V: ['/content/data/coco/val2014/COCO_val2014_000000244455.jpg']	Is there a truck in the image?	Yes, there is a truck in	Yes
V: ['/content/data/coco/val2014/COCO_val2014_000000244455.jpg']	Is there a vase in the image?	No, there is no vase in	No
V: ['/content/data/coco/val2014/COCO_val2014_000000244455.jpg']	Is there a person in the image?	Yes, there is a person in the	Yes
V: ['/content/data/coco/val2014/COCO_val2014_000000244455.jpg']	Is there a bed in the image?	No, there is no bed in the	No
V: ['/content/data/coco/val2014/COCO_val2014_000000244455.jpg']	Is there a bicycle in the image?	No, there is no bicycle	Yes
V: ['/content/data/coco/val2014/COCO_val2014_000000244455.jpg']	Is there a cup in the image?	No, there is no cup in the	No
V: ['/content/data/coco/val2014/COCO_val2014_000000303652.jpg']	Is there a spoon in the image?	Yes, there is a spoon in	Yes
V: ['/content/data/coco/val2014/COCO_val2014_000000303652.jpg']	Is there a refrigerator in the image?	No, there is no refriger	No
V: ['/content/data/coco/val2014/COCO_val2014_000000303652.jpg']	Is there a dining table in the image?	Yes, there is a dining table	Yes
V: ['/content/data/coco/val2014/COCO_val2014_000000303652.jpg']	Is there a chair in the image?	Yes, there is a chair in the	No
V: ['/content/data/coco/val2014/COCO_val2014_000000303652.jpg']	Is there a knife in the image?	Yes, there is a knife in	Yes
V: ['/content/data/coco/val2014/COCO_val2014_000000303652.jpg']	Is there a teddy bear in the image?	No, there is no teddy bear	No
V: ['/content/data/coco/val2014/COCO_val2014_000000098493.jpg']	Is there a truck in the image?	Yes, there is a truck in	Yes
V: ['/content/data/coco/val2014/COCO_val2014_000000098493.jpg']	Is there a kite in the image?	Yes, there is a kite in	No
V: ['/content/data/coco/val2014/COCO_val2014_000000098493.jpg']	Is there a clock in the image?	Yes, there is a clock on the	Yes
V: ['/content/data/coco/val2014/COCO_val2014_000000098493.jpg']	Is there a potted plant in the image?	Yes, there is a potted plant	No
V: ['/content/data/coco/val2014/COCO_val2014_000000098493.jpg']	Is there a person in the image?	Yes, there is a person in the	Yes
V: ['/content/data/coco/val2014/COCO_val2014_000000098493.jpg']	Is there a cow in the image?	No, there is no cow in the	No
V: ['/content/data/coco/val2014/COCO_val2014_000000201148.jpg']	Is there a traffic light in the image?	Yes, there is a traffic light in	Yes
V: ['/content/data/coco/val2014/COCO_val2014_000000201148.jpg']	Is there a bicycle in the image?	No, there is no bicycle	No
V: ['/content/data/coco/val2014/COCO_val2014_000000201148.jpg']	Is there a person in the image?	No, there is no person visible in	Yes
V: ['/content/data/coco/val2014/COCO_val2014_000000201148.jpg']	Is there a sports ball in the image?	No, there is no sports ball in	No
V: ['/content/data/coco/val2014/COCO_val2014_000000201148.jpg']	Is there a train in the image?	Yes, there is a train in the	Yes
V: ['/content/data/coco/val2014/COCO_val2014_000000201148.jpg']	Is there a baseball glove in the image?	No, there is no baseball glove	No
V: ['/content/data/coco/val2014/COCO_val2014_000000307166.jpg']	Is there a pizza in the image?	Yes, there is a pizza in	Yes
V: ['/content/data/coco/val2014/COCO_val2014_000000307166.jpg']	Is there a sink in the image?	Yes, there is a sink in the	No
V: ['/content/data/coco/val2014/COCO_val2014_000000307166.jpg']	Is there a bottle in the image?	Yes, there is a bottle in	Yes
V: ['/content/data/coco/val2014/COCO_val2014_000000307166.jpg']	Is there a bus in the image?	No, there is no bus in the	No
V: ['/content/data/coco/val2014/COCO_val2014_000000307166.jpg']	Is there an oven in the image?	Yes, there is an oven in	Yes
V: ['/content/data/coco/val2014/COCO_val2014_000000307166.jpg']	Is there a parking meter in the image?	No, there is no parking meter	No
V: ['/content/data/coco/val2014/COCO_val2014_000000313034.jpg']	Is there a clock in the image?	Yes, there is a clock in the	Yes
V: ['/content/data/coco/val2014/COCO_val2014_000000313034.jpg']	Is there a horse in the image?	Yes, there is a horse in the	No
V: ['/content/data/coco/val2014/COCO_val2014_000000313034.jpg']	Is there a person in the image?	Yes, there is a man and a	Yes
V: ['/content/data/coco/val2014/COCO_val2014_000000313034.jpg']	Is there a baseball bat in the image?	No, there is no baseball bat in	No
V: ['/content/data/coco/val2014/COCO_val2014_000000313034.jpg']	Is there a bottle in the image?	Yes, there is a bottle in	Yes
V: ['/content/data/coco/val2014/COCO_val2014_000000313034.jpg']	Is there a giraffe in the image?	No, there is no giraffe	No
V: ['/content/data/coco/val2014/COCO_val2014_000000355342.jpg']	Is there a person in the image?	Yes, there is a person in the	Yes
V: ['/content/data/coco/val2014/COCO_val2014_000000355342.jpg']	Is there a surfboard in the image?	No, there is no surfboard	No
V: ['/content/data/coco/val2014/COCO_val2014_000000355342.jpg']	Is there an orange in the image?	No, there is no orange in the	Yes
V: ['/content/data/coco/val2014/COCO_val2014_000000355342.jpg']	Is there a stop sign in the image?	No, there is no stop sign in	No
V: ['/content/data/coco/val2014/COCO_val2014_000000355342.jpg']	Is there an umbrella in the image?	Yes, there is an umbrella	Yes
V: ['/content/data/coco/val2014/COCO_val2014_000000355342.jpg']	Is there a cat in the image?	No, there is no cat in the	No
V: ['/content/data/coco/val2014/COCO_val2014_000000333237.jpg']	Is there a chair in the image?	Yes, there is a chair in the	Yes
V: ['/content/data/coco/val2014/COCO_val2014_000000333237.jpg']	Is there a bird in the image?	No, there is no bird in the	No
V: ['/content/data/coco/val2014/COCO_val2014_000000333237.jpg']	Is there a bed in the image?	Yes, there is a bed in the	Yes
V: ['/content/data/coco/val2014/COCO_val2014_000000333237.jpg']	Is there a tie in the image?	Yes, there is a tie in the	No
V: ['/content/data/coco/val2014/COCO_val2014_000000333237.jpg']	Is there a dining table in the image?	Yes, there is a dining table	Yes
V: ['/content/data/coco/val2014/COCO_val2014_000000333237.jpg']	Is there a baseball glove in the image?	No, there is no baseball glove	No
V: ['/content/data/coco/val2014/COCO_val2014_000000526368.jpg']	Is there a laptop in the image?	Yes, there is a laptop in the	Yes
V: ['/content/data/coco/val2014/COCO_val2014_000000526368.jpg']	Is there a train in the image?	No, there is no train in the	No
V: ['/content/data/coco/val2014/COCO_val2014_000000526368.jpg']	Is there a dining table in the image?	Yes, there is a dining table	Yes
V: ['/content/data/coco/val2014/COCO_val2014_000000526368.jpg']	Is there a microwave in the image?	No, there is no microwave	No
V: ['/content/data/coco/val2014/COCO_val2014_000000526368.jpg']	Is there a chair in the image?	Yes, there is a chair in the	Yes
V: ['/content/data/coco/val2014/COCO_val2014_000000526368.jpg']	Is there a bottle in the image?	Yes, there is a bottle in	No
V: ['/content/data/coco/val2014/COCO_val2014_000000429033.jpg']	Is there a chair in the image?	Yes, there is a chair in the	Yes
V: ['/content/data/coco/val2014/COCO_val2014_000000429033.jpg']	Is there a stop sign in the image?	No, there is no stop sign in	No
V: ['/content/data/coco/val2014/COCO_val2014_000000429033.jpg']	Is there a person in the image?	Yes, there is a person in the	Yes
V: ['/content/data/coco/val2014/COCO_val2014_000000429033.jpg']	Is there an umbrella in the image?	No, there is no umbrella	No
V: ['/content/data/coco/val2014/COCO_val2014_000000429033.jpg']	Is there a laptop in the image?	Yes, there is a laptop in the	Yes
V: ['/content/data/coco/val2014/COCO_val2014_000000429033.jpg']	Is there a train in the image?	No, there is no train in the	No
V: ['/content/data/coco/val2014/COCO_val2014_000000287035.jpg']	Is there a tv in the image?	Yes, there is a flat screen TV	Yes
V: ['/content/data/coco/val2014/COCO_val2014_000000287035.jpg']	Is there a horse in the image?	No, there is no horse in the	No
V: ['/content/data/coco/val2014/COCO_val2014_000000287035.jpg']	Is there a mouse in the image?	Yes, there is a mouse in the	Yes
V: ['/content/data/coco/val2014/COCO_val2014_000000287035.jpg']	Is there a clock in the image?	No, there is no clock in the	No
V: ['/content/data/coco/val2014/COCO_val2014_000000287035.jpg']	Is there a laptop in the image?	Yes, there is a laptop in the	Yes
V: ['/content/data/coco/val2014/COCO_val2014_000000287035.jpg']	Is there a knife in the image?	No, there is no knife in	No
V: ['/content/data/coco/val2014/COCO_val2014_000000299074.jpg']	Is there a person in the image?	Yes, there is a person in the	Yes
V: ['/content/data/coco/val2014/COCO_val2014_000000299074.jpg']	Is there a refrigerator in the image?	No, there is no refriger	No
V: ['/content/data/coco/val2014/COCO_val2014_000000299074.jpg']	Is there a cell phone in the image?	Yes, there is a cell phone in	Yes
V: ['/content/data/coco/val2014/COCO_val2014_000000299074.jpg']	Is there an airplane in the image?	No, there is no airplane in	No
V: ['/content/data/coco/val2014/COCO_val2014_000000299074.jpg']	Is there a bus in the image?	Yes, there is a bus in the	Yes
V: ['/content/data/coco/val2014/COCO_val2014_000000299074.jpg']	Is there a boat in the image?	No, there is no boat in the	No
V: ['/content/data/coco/val2014/COCO_val2014_000000120648.jpg']	Is there a handbag in the image?	Yes, there is a handbag in	Yes
V: ['/content/data/coco/val2014/COCO_val2014_000000120648.jpg']	Is there a bear in the image?	No, there is no bear in the	No
V: ['/content/data/coco/val2014/COCO_val2014_000000120648.jpg']	Is there a dining table in the image?	Yes, there is a dining table	Yes
V: ['/content/data/coco/val2014/COCO_val2014_000000120648.jpg']	Is there a sandwich in the image?	No, there is no sandwich in	No
V: ['/content/data/coco/val2014/COCO_val2014_000000120648.jpg']	Is there a suitcase in the image?	Yes, there is a suitcase in	Yes
V: ['/content/data/coco/val2014/COCO_val2014_000000120648.jpg']	Is there a snowboard in the image?	No, there is no snowboard in	No
V: ['/content/data/coco/val2014/COCO_val2014_000000186709.jpg']	Is there a car in the image?	Yes, there is a car in the	Yes
V: ['/content/data/coco/val2014/COCO_val2014_000000186709.jpg']	Is there a microwave in the image?	No, there is no microwave	No
V: ['/content/data/coco/val2014/COCO_val2014_000000186709.jpg']	Is there a truck in the image?	Yes, there is a truck in	Yes
V: ['/content/data/coco/val2014/COCO_val2014_000000186709.jpg']	Is there a cow in the image?	No, there is no cow in the	No
V: ['/content/data/coco/val2014/COCO_val2014_000000186709.jpg']	Is there an orange in the image?	Yes, there is an orange in the	Yes
V: ['/content/data/coco/val2014/COCO_val2014_000000186709.jpg']	Is there a train in the image?	No, there is no train in the	No
V: ['/content/data/coco/val2014/COCO_val2014_000000025972.jpg']	Is there a truck in the image?	Yes, there is a truck in	Yes
V: ['/content/data/coco/val2014/COCO_val2014_000000025972.jpg']	Is there a cell phone in the image?	Yes, there is a cell phone visible	No
V: ['/content/data/coco/val2014/COCO_val2014_000000025972.jpg']	Is there a couch in the image?	Yes, there is a couch in	Yes
V: ['/content/data/coco/val2014/COCO_val2014_000000025972.jpg']	Is there a sheep in the image?	No, there is no sheep in the	No
V: ['/content/data/coco/val2014/COCO_val2014_000000025972.jpg']	Is there a car in the image?	Yes, there is a car in the	Yes
V: ['/content/data/coco/val2014/COCO_val2014_000000025972.jpg']	Is there a keyboard in the image?	No, there is no keyboard in the	No
V: ['/content/data/coco/val2014/COCO_val2014_000000505542.jpg']	Is there a person in the image?	Yes, there is a person in the	Yes
V: ['/content/data/coco/val2014/COCO_val2014_000000505542.jpg']	Is there a boat in the image?	No, there is no boat in the	No
V: ['/content/data/coco/val2014/COCO_val2014_000000505542.jpg']	Is there a train in the image?	Yes, there is a train in the	Yes
V: ['/content/data/coco/val2014/COCO_val2014_000000505542.jpg']	Is there a skateboard in the image?	No, there is no skateboard	No
V: ['/content/data/coco/val2014/COCO_val2014_000000505542.jpg']	Is there a car in the image?	Yes, there is a car in the	Yes
V: ['/content/data/coco/val2014/COCO_val2014_000000505542.jpg']	Is there a refrigerator in the image?	No, there is no refriger	No
V: ['/content/data/coco/val2014/COCO_val2014_000000115636.jpg']	Is there a person in the image?	Yes, there is a person in the	Yes
V: ['/content/data/coco/val2014/COCO_val2014_000000115636.jpg']	Is there a motorcycle in the image?	No, there is no motorcycle in	No
V: ['/content/data/coco/val2014/COCO_val2014_000000115636.jpg']	Is there a horse in the image?	Yes, there is a horse in the	Yes
V: ['/content/data/coco/val2014/COCO_val2014_000000115636.jpg']	Is there a toilet in the image?	No, there is no toilet	No
V: ['/content/data/coco/val2014/COCO_val2014_000000115636.jpg']	Is there a cow in the image?	No, there is no cow in the	Yes
V: ['/content/data/coco/val2014/COCO_val2014_000000115636.jpg']	Is there a cake in the image?	No, there is no cake in	No
V: ['/content/data/coco/val2014/COCO_val2014_000000280810.jpg']	Is there a broccoli in the image?	Yes, there is a broccoli	Yes
V: ['/content/data/coco/val2014/COCO_val2014_000000280810.jpg']	Is there a parking meter in the image?	No, there is no parking meter	No
V: ['/content/data/coco/val2014/COCO_val2014_000000280810.jpg']	Is there a fork in the image?	Yes, there is a fork in the	Yes
V: ['/content/data/coco/val2014/COCO_val2014_000000280810.jpg']	Is there a frisbee in the image?	No, there is no frisbe	No
V: ['/content/data/coco/val2014/COCO_val2014_000000280810.jpg']	Is there a laptop in the image?	Yes, there is a laptop in the	Yes
V: ['/content/data/coco/val2014/COCO_val2014_000000280810.jpg']	Is there a scissors in the image?	Yes, there is a pair of sc	No
V: ['/content/data/coco/val2014/COCO_val2014_000000037900.jpg']	Is there a backpack in the image?	Yes, there is a backpack in	Yes
V: ['/content/data/coco/val2014/COCO_val2014_000000037900.jpg']	Is there a banana in the image?	No, there is no banana in	No
V: ['/content/data/coco/val2014/COCO_val2014_000000037900.jpg']	Is there a handbag in the image?	Yes, there is a handbag in	Yes
V: ['/content/data/coco/val2014/COCO_val2014_000000037900.jpg']	Is there a cake in the image?	No, there is no cake in	No
V: ['/content/data/coco/val2014/COCO_val2014_000000037900.jpg']	Is there a knife in the image?	Yes, there is a knife in	Yes
V: ['/content/data/coco/val2014/COCO_val2014_000000037900.jpg']	Is there a vase in the image?	No, there is no vase in	No
V: ['/content/data/coco/val2014/COCO_val2014_000000534516.jpg']	Is there a traffic light in the image?	Yes, there is a traffic light visible	Yes
V: ['/content/data/coco/val2014/COCO_val2014_000000534516.jpg']	Is there a bench in the image?	Yes, there is a bench in	No
V: ['/content/data/coco/val2014/COCO_val2014_000000534516.jpg']	Is there a person in the image?	Yes, there is a police officer in	Yes
V: ['/content/data/coco/val2014/COCO_val2014_000000534516.jpg']	Is there a bicycle in the image?	Yes, there is a bicycle	No
V: ['/content/data/coco/val2014/COCO_val2014_000000534516.jpg']	Is there a tie in the image?	Yes, there is a tie in the	Yes
V: ['/content/data/coco/val2014/COCO_val2014_000000534516.jpg']	Is there a dining table in the image?	No, there is no dining table	No
V: ['/content/data/coco/val2014/COCO_val2014_000000123017.jpg']	Is there a bowl in the image?	Yes, there is a bowl in	Yes
V: ['/content/data/coco/val2014/COCO_val2014_000000123017.jpg']	Is there a scissors in the image?	Yes, there is a pair of sc	No
V: ['/content/data/coco/val2014/COCO_val2014_000000123017.jpg']	Is there a dining table in the image?	Yes, there is a dining table	Yes
V: ['/content/data/coco/val2014/COCO_val2014_000000123017.jpg']	Is there an elephant in the image?	No, there is no elephant	No
V: ['/content/data/coco/val2014/COCO_val2014_000000123017.jpg']	Is there a chair in the image?	Yes, there is a chair in the	Yes
V: ['/content/data/coco/val2014/COCO_val2014_000000123017.jpg']	Is there a toilet in the image?	No, there is no toilet	No
V: ['/content/data/coco/val2014/COCO_val2014_000000316237.jpg']	Is there a person in the image?	Yes, there is a woman in the	Yes
V: ['/content/data/coco/val2014/COCO_val2014_000000316237.jpg']	Is there a chair in the image?	No, there is no chair in the	No
V: ['/content/data/coco/val2014/COCO_val2014_000000316237.jpg']	Is there a handbag in the image?	Yes, there is a handbag in	Yes
V: ['/content/data/coco/val2014/COCO_val2014_000000316237.jpg']	Is there a wine glass in the image?	No, there is no wine glass in	No
V: ['/content/data/coco/val2014/COCO_val2014_000000316237.jpg']	Is there a cell phone in the image?	Yes, there is a cell phone in	Yes
V: ['/content/data/coco/val2014/COCO_val2014_000000316237.jpg']	Is there a spoon in the image?	No, there is no spoon in	No
V: ['/content/data/coco/val2014/COCO_val2014_000000463522.jpg']	Is there a backpack in the image?	Yes, there is a backpack in	Yes
V: ['/content/data/coco/val2014/COCO_val2014_000000463522.jpg']	Is there a clock in the image?	Yes, there is a clock on the	No
V: ['/content/data/coco/val2014/COCO_val2014_000000463522.jpg']	Is there a person in the image?	Yes, there is a person in the	Yes
V: ['/content/data/coco/val2014/COCO_val2014_000000463522.jpg']	Is there a teddy bear in the image?	No, there is no teddy bear	No
V: ['/content/data/coco/val2014/COCO_val2014_000000463522.jpg']	Is there a dog in the image?	Yes, there is a dog in the	Yes
V: ['/content/data/coco/val2014/COCO_val2014_000000463522.jpg']	Is there a bed in the image?	No, there is no bed in the	No
V: ['/content/data/coco/val2014/COCO_val2014_000000511341.jpg']	Is there a backpack in the image?	Yes, there is a backpack in	Yes
V: ['/content/data/coco/val2014/COCO_val2014_000000511341.jpg']	Is there a tie in the image?	Yes, there is a tie in the	No
V: ['/content/data/coco/val2014/COCO_val2014_000000511341.jpg']	Is there a person in the image?	Yes, there is a person in the	Yes
V: ['/content/data/coco/val2014/COCO_val2014_000000511341.jpg']	Is there a laptop in the image?	No, there is no laptop in the	No
V: ['/content/data/coco/val2014/COCO_val2014_000000511341.jpg']	Is there a handbag in the image?	Yes, there is a handbag in	Yes
V: ['/content/data/coco/val2014/COCO_val2014_000000511341.jpg']	Is there a sports ball in the image?	No, there is no sports ball in	No
V: ['/content/data/coco/val2014/COCO_val2014_000000200583.jpg']	Is there a bottle in the image?	Yes, there is a bottle in	Yes
V: ['/content/data/coco/val2014/COCO_val2014_000000200583.jpg']	Is there a train in the image?	No, there is no train in the	No
V: ['/content/data/coco/val2014/COCO_val2014_000000200583.jpg']	Is there a boat in the image?	No, there is no boat in the	Yes
V: ['/content/data/coco/val2014/COCO_val2014_000000200583.jpg']	Is there a frisbee in the image?	No, there is no frisbe	No
V: ['/content/data/coco/val2014/COCO_val2014_000000200583.jpg']	Is there a bench in the image?	Yes, there is a bench in	Yes
V: ['/content/data/coco/val2014/COCO_val2014_000000200583.jpg']	Is there a carrot in the image?	No, there is no carrot in	No
V: ['/content/data/coco/val2014/COCO_val2014_000000424585.jpg']	Is there a truck in the image?	Yes, there is a truck in	Yes
V: ['/content/data/coco/val2014/COCO_val2014_000000424585.jpg']	Is there a scissors in the image?	No, there are no scissors	No
V: ['/content/data/coco/val2014/COCO_val2014_000000424585.jpg']	Is there a car in the image?	Yes, there is a car in the	Yes
V: ['/content/data/coco/val2014/COCO_val2014_000000424585.jpg']	Is there a toaster in the image?	No, there is no toaster in	No
V: ['/content/data/coco/val2014/COCO_val2014_000000424585.jpg']	Is there a person in the image?	Yes, there is a person in the	Yes
V: ['/content/data/coco/val2014/COCO_val2014_000000424585.jpg']	Is there a snowboard in the image?	No, there is no snowboard in	No
V: ['/content/data/coco/val2014/COCO_val2014_000000100215.jpg']	Is there a clock in the image?	Yes, there is a clock in the	Yes
V: ['/content/data/coco/val2014/COCO_val2014_000000100215.jpg']	Is there a cake in the image?	No, there is no cake in	No
V: ['/content/data/coco/val2014/COCO_val2014_000000100215.jpg']	Is there a bed in the image?	Yes, there is a bed in the	Yes
V: ['/content/data/coco/val2014/COCO_val2014_000000100215.jpg']	Is there a hot dog in the image?	No, there is no hot dog in	No
V: ['/content/data/coco/val2014/COCO_val2014_000000100215.jpg']	Is there a bottle in the image?	Yes, there is a bottle in	Yes
V: ['/content/data/coco/val2014/COCO_val2014_000000100215.jpg']	Is there a tv in the image?	Yes, there is a TV on the	No
V: ['/content/data/coco/val2014/COCO_val2014_000000017379.jpg']	Is there a tv in the image?	Yes, there is a tv in the	Yes
V: ['/content/data/coco/val2014/COCO_val2014_000000017379.jpg']	Is there an apple in the image?	No, there is no apple in the	No
V: ['/content/data/coco/val2014/COCO_val2014_000000017379.jpg']	Is there a sink in the image?	Yes, there is a sink in the	Yes
V: ['/content/data/coco/val2014/COCO_val2014_000000017379.jpg']	Is there a fork in the image?	No, there is no fork in the	No
V: ['/content/data/coco/val2014/COCO_val2014_000000017379.jpg']	Is there a person in the image?	No, there is no person in the	Yes
V: ['/content/data/coco/val2014/COCO_val2014_000000017379.jpg']	Is there a tie in the image?	No, there is no tie in the	No
V: ['/content/data/coco/val2014/COCO_val2014_000000511622.jpg']	Is there a bowl in the image?	Yes, there is a bowl in	Yes
V: ['/content/data/coco/val2014/COCO_val2014_000000511622.jpg']	Is there an oven in the image?	Yes, there is an oven in	No
V: ['/content/data/coco/val2014/COCO_val2014_000000511622.jpg']	Is there a scissors in the image?	Yes, there is a pair of sc	Yes
V: ['/content/data/coco/val2014/COCO_val2014_000000511622.jpg']	Is there a refrigerator in the image?	No, there is no refriger	No
V: ['/content/data/coco/val2014/COCO_val2014_000000511622.jpg']	Is there a person in the image?	Yes, there is a person in the	Yes
V: ['/content/data/coco/val2014/COCO_val2014_000000511622.jpg']	Is there a wine glass in the image?	No, there is no wine glass in	No
V: ['/content/data/coco/val2014/COCO_val2014_000000407386.jpg']	Is there a tv in the image?	No, there is no TV in the	Yes
V: ['/content/data/coco/val2014/COCO_val2014_000000407386.jpg']	Is there a bear in the image?	No, there is no bear in the	No
V: ['/content/data/coco/val2014/COCO_val2014_000000407386.jpg']	Is there a laptop in the image?	Yes, there is a laptop in the	Yes
V: ['/content/data/coco/val2014/COCO_val2014_000000407386.jpg']	Is there a scissors in the image?	Yes, there is a pair of sc	No
V: ['/content/data/coco/val2014/COCO_val2014_000000407386.jpg']	Is there a dining table in the image?	Yes, there is a dining table	Yes
V: ['/content/data/coco/val2014/COCO_val2014_000000407386.jpg']	Is there a toilet in the image?	No, there is no toilet	No
V: ['/content/data/coco/val2014/COCO_val2014_000000039516.jpg']	Is there a spoon in the image?	Yes, there is a spoon in	Yes
V: ['/content/data/coco/val2014/COCO_val2014_000000039516.jpg']	Is there a tv in the image?	No, there is no TV in the	No
V: ['/content/data/coco/val2014/COCO_val2014_000000039516.jpg']	Is there an orange in the image?	Yes, there is an orange in the	Yes
V: ['/content/data/coco/val2014/COCO_val2014_000000039516.jpg']	Is there a parking meter in the image?	No, there is no parking meter	No
V: ['/content/data/coco/val2014/COCO_val2014_000000039516.jpg']	Is there a cake in the image?	Yes, there is a piece of c	Yes
V: ['/content/data/coco/val2014/COCO_val2014_000000039516.jpg']	Is there a refrigerator in the image?	No, there is no refriger	No
V: ['/content/data/coco/val2014/COCO_val2014_000000018918.jpg']	Is there a sink in the image?	Yes, there is a sink in the	Yes
V: ['/content/data/coco/val2014/COCO_val2014_000000018918.jpg']	Is there a laptop in the image?	No, there is no laptop in the	No
V: ['/content/data/coco/val2014/COCO_val2014_000000018918.jpg']	Is there a bowl in the image?	Yes, there is a bowl in	Yes
V: ['/content/data/coco/val2014/COCO_val2014_000000018918.jpg']	Is there a car in the image?	No, there is no car in the	No
V: ['/content/data/coco/val2014/COCO_val2014_000000018918.jpg']	Is there an oven in the image?	Yes, there is an oven in	Yes
V: ['/content/data/coco/val2014/COCO_val2014_000000018918.jpg']	Is there a cow in the image?	No, there is no cow in the	No
V: ['/content/data/coco/val2014/COCO_val2014_000000115626.jpg']	Is there a person in the image?	Yes, there is a person in the	Yes
V: ['/content/data/coco/val2014/COCO_val2014_000000115626.jpg']	Is there a toothbrush in the image?	No, there is no toothbr	No
V: ['/content/data/coco/val2014/COCO_val2014_000000115626.jpg']	Is there a motorcycle in the image?	Yes, there is a motorcycle in	Yes
V: ['/content/data/coco/val2014/COCO_val2014_000000115626.jpg']	Is there a baseball glove in the image?	No, there is no baseball glove	No
V: ['/content/data/coco/val2014/COCO_val2014_000000115626.jpg']	Is there a parking meter in the image?	Yes, there is a parking meter	Yes
V: ['/content/data/coco/val2014/COCO_val2014_000000115626.jpg']	Is there a pizza in the image?	No, there is no pizza in	No
V: ['/content/data/coco/val2014/COCO_val2014_000000391735.jpg']	Is there a traffic light in the image?	Yes, there is a traffic light in	Yes
V: ['/content/data/coco/val2014/COCO_val2014_000000391735.jpg']	Is there a handbag in the image?	Yes, there is a handbag in	No
V: ['/content/data/coco/val2014/COCO_val2014_000000391735.jpg']	Is there a toothbrush in the image?	No, there is no toothbr	Yes
V: ['/content/data/coco/val2014/COCO_val2014_000000391735.jpg']	Is there a stop sign in the image?	Yes, there is a stop sign in	No
V: ['/content/data/coco/val2014/COCO_val2014_000000391735.jpg']	Is there a person in the image?	Yes, there is a person in the	Yes
V: ['/content/data/coco/val2014/COCO_val2014_000000391735.jpg']	Is there a skateboard in the image?	Yes, there is a skateboard	No
V: ['/content/data/coco/val2014/COCO_val2014_000000236370.jpg']	Is there a chair in the image?	Yes, there is a chair in the	Yes
V: ['/content/data/coco/val2014/COCO_val2014_000000236370.jpg']	Is there a stop sign in the image?	No, there is no stop sign in	No
V: ['/content/data/coco/val2014/COCO_val2014_000000236370.jpg']	Is there a person in the image?	Yes, there is a person in the	Yes
V: ['/content/data/coco/val2014/COCO_val2014_000000236370.jpg']	Is there a car in the image?	No, there is no car in the	No
V: ['/content/data/coco/val2014/COCO_val2014_000000236370.jpg']	Is there a book in the image?	Yes, there is a book in the	Yes
V: ['/content/data/coco/val2014/COCO_val2014_000000236370.jpg']	Is there an apple in the image?	No, there is no apple in the	No
V: ['/content/data/coco/val2014/COCO_val2014_000000463542.jpg']	Is there a snowboard in the image?	Yes, there is a snowboard in	Yes
V: ['/content/data/coco/val2014/COCO_val2014_000000463542.jpg']	Is there a broccoli in the image?	No, there is no broccoli	No
V: ['/content/data/coco/val2014/COCO_val2014_000000463542.jpg']	Is there a skis in the image?	Yes, there are skis in the	Yes
V: ['/content/data/coco/val2014/COCO_val2014_000000463542.jpg']	Is there a book in the image?	No, there is no book in the	No
V: ['/content/data/coco/val2014/COCO_val2014_000000463542.jpg']	Is there a person in the image?	Yes, there is a person in the	Yes
V: ['/content/data/coco/val2014/COCO_val2014_000000463542.jpg']	Is there a microwave in the image?	No, there is no microwave	No
V: ['/content/data/coco/val2014/COCO_val2014_000000377352.jpg']	Is there a person in the image?	Yes, there is a person in the	Yes
V: ['/content/data/coco/val2014/COCO_val2014_000000377352.jpg']	Is there a knife in the image?	No, there is no knife in	No
V: ['/content/data/coco/val2014/COCO_val2014_000000377352.jpg']	Is there a motorcycle in the image?	Yes, there is a motorcycle in	Yes
V: ['/content/data/coco/val2014/COCO_val2014_000000377352.jpg']	Is there a suitcase in the image?	No, there is no suitcase in	No
V: ['/content/data/coco/val2014/COCO_val2014_000000377352.jpg']	Is there a car in the image?	Yes, there is a car in the	Yes
V: ['/content/data/coco/val2014/COCO_val2014_000000377352.jpg']	Is there a donut in the image?	No, there is no donut in	No
V: ['/content/data/coco/val2014/COCO_val2014_000000302405.jpg']	Is there a snowboard in the image?	Yes, there is a snowboard in	Yes
V: ['/content/data/coco/val2014/COCO_val2014_000000302405.jpg']	Is there a cake in the image?	No, there is no cake in	No
V: ['/content/data/coco/val2014/COCO_val2014_000000302405.jpg']	Is there a backpack in the image?	Yes, there is a backpack in	Yes
V: ['/content/data/coco/val2014/COCO_val2014_000000302405.jpg']	Is there a scissors in the image?	No, there is no scissors	No
V: ['/content/data/coco/val2014/COCO_val2014_000000302405.jpg']	Is there a person in the image?	Yes, there is a person in the	Yes
V: ['/content/data/coco/val2014/COCO_val2014_000000302405.jpg']	Is there a skateboard in the image?	Yes, there is a skateboard	No
V: ['/content/data/coco/val2014/COCO_val2014_000000554328.jpg']	Is there a baseball glove in the image?	Yes, there is a baseball glove	Yes
V: ['/content/data/coco/val2014/COCO_val2014_000000554328.jpg']	Is there a bear in the image?	Yes, there is a bear in the	No
V: ['/content/data/coco/val2014/COCO_val2014_000000554328.jpg']	Is there a person in the image?	Yes, there is a person in the	Yes
V: ['/content/data/coco/val2014/COCO_val2014_000000554328.jpg']	Is there a carrot in the image?	No, there is no carrot in	No
V: ['/content/data/coco/val2014/COCO_val2014_000000554328.jpg']	Is there a sports ball in the image?	Yes, there is a sports ball in	Yes
V: ['/content/data/coco/val2014/COCO_val2014_000000554328.jpg']	Is there a broccoli in the image?	No, there is no broccoli	No
V: ['/content/data/coco/val2014/COCO_val2014_000000384040.jpg']	Is there a spoon in the image?	Yes, there is a spoon in	Yes
V: ['/content/data/coco/val2014/COCO_val2014_000000384040.jpg']	Is there a giraffe in the image?	No, there is no giraffe	No
V: ['/content/data/coco/val2014/COCO_val2014_000000384040.jpg']	Is there a dining table in the image?	Yes, there is a dining table	Yes
V: ['/content/data/coco/val2014/COCO_val2014_000000384040.jpg']	Is there a sports ball in the image?	No, there is no sports ball in	No
V: ['/content/data/coco/val2014/COCO_val2014_000000384040.jpg']	Is there a knife in the image?	Yes, there is a knife in	Yes
V: ['/content/data/coco/val2014/COCO_val2014_000000384040.jpg']	Is there an oven in the image?	Yes, there is an oven visible	No
V: ['/content/data/coco/val2014/COCO_val2014_000000023731.jpg']	Is there a clock in the image?	No, there is no clock in the	Yes
V: ['/content/data/coco/val2014/COCO_val2014_000000023731.jpg']	Is there a surfboard in the image?	No, there is no surfboard	No
V: ['/content/data/coco/val2014/COCO_val2014_000000023731.jpg']	Is there a dining table in the image?	Yes, there is a dining table	Yes
V: ['/content/data/coco/val2014/COCO_val2014_000000023731.jpg']	Is there a bowl in the image?	Yes, there is a bowl in	No
V: ['/content/data/coco/val2014/COCO_val2014_000000023731.jpg']	Is there a chair in the image?	Yes, there is a chair in the	Yes
V: ['/content/data/coco/val2014/COCO_val2014_000000023731.jpg']	Is there a donut in the image?	No, there is no donut in	No
V: ['/content/data/coco/val2014/COCO_val2014_000000463640.jpg']	Is there a person in the image?	Yes, there is a man and a	Yes
V: ['/content/data/coco/val2014/COCO_val2014_000000463640.jpg']	Is there an airplane in the image?	No, there is no airplane in	No
V: ['/content/data/coco/val2014/COCO_val2014_000000463640.jpg']	Is there a wine glass in the image?	Yes, there is a wine glass in	Yes
V: ['/content/data/coco/val2014/COCO_val2014_000000463640.jpg']	Is there a skis in the image?	No, there are no skis in	No
V: ['/content/data/coco/val2014/COCO_val2014_000000463640.jpg']	Is there a dining table in the image?	Yes, there is a dining table	Yes
V: ['/content/data/coco/val2014/COCO_val2014_000000463640.jpg']	Is there a tv in the image?	Yes, there is a TV in the	No
V: ['/content/data/coco/val2014/COCO_val2014_000000365822.jpg']	Is there a potted plant in the image?	Yes, there is a potted plant	Yes
V: ['/content/data/coco/val2014/COCO_val2014_000000365822.jpg']	Is there a cell phone in the image?	Yes, there is a cell phone in	No
V: ['/content/data/coco/val2014/COCO_val2014_000000365822.jpg']	Is there a bottle in the image?	Yes, there is a bottle in	Yes
V: ['/content/data/coco/val2014/COCO_val2014_000000365822.jpg']	Is there a tie in the image?	Yes, there is a tie hanging	No
V: ['/content/data/coco/val2014/COCO_val2014_000000365822.jpg']	Is there a chair in the image?	Yes, there is a chair in the	Yes
V: ['/content/data/coco/val2014/COCO_val2014_000000365822.jpg']	Is there a horse in the image?	No, there is no horse in the	No
V: ['/content/data/coco/val2014/COCO_val2014_000000524979.jpg']	Is there a baseball glove in the image?	Yes, there is a baseball glove	Yes
V: ['/content/data/coco/val2014/COCO_val2014_000000524979.jpg']	Is there a banana in the image?	No, there is no banana in	No
V: ['/content/data/coco/val2014/COCO_val2014_000000524979.jpg']	Is there a person in the image?	Yes, there is a person in the	Yes
V: ['/content/data/coco/val2014/COCO_val2014_000000524979.jpg']	Is there a suitcase in the image?	No, there is no suitcase in	No
V: ['/content/data/coco/val2014/COCO_val2014_000000524979.jpg']	Is there a sports ball in the image?	Yes, there is a sports ball in	Yes
V: ['/content/data/coco/val2014/COCO_val2014_000000524979.jpg']	Is there a donut in the image?	No, there is no donut in	No
V: ['/content/data/coco/val2014/COCO_val2014_000000070813.jpg']	Is there a handbag in the image?	Yes, there is a handbag in	Yes
V: ['/content/data/coco/val2014/COCO_val2014_000000070813.jpg']	Is there a zebra in the image?	No, there is no zebra	No
V: ['/content/data/coco/val2014/COCO_val2014_000000070813.jpg']	Is there a bed in the image?	Yes, there is a bed in the	Yes
V: ['/content/data/coco/val2014/COCO_val2014_000000070813.jpg']	Is there a kite in the image?	No, there is no kite in	No
V: ['/content/data/coco/val2014/COCO_val2014_000000070813.jpg']	Is there a bottle in the image?	Yes, there is a bottle in	Yes
V: ['/content/data/coco/val2014/COCO_val2014_000000070813.jpg']	Is there a cell phone in the image?	Yes, there is a cell phone in	No
V: ['/content/data/coco/val2014/COCO_val2014_000000318209.jpg']	Is there a sandwich in the image?	Yes, there is a sandwich in	Yes
V: ['/content/data/coco/val2014/COCO_val2014_000000318209.jpg']	Is there a knife in the image?	Yes, there is a knife in	No
V: ['/content/data/coco/val2014/COCO_val2014_000000318209.jpg']	Is there a fork in the image?	No, there is no fork in the	Yes
V: ['/content/data/coco/val2014/COCO_val2014_000000318209.jpg']	Is there a toothbrush in the image?	No, there is no toothbr	No
V: ['/content/data/coco/val2014/COCO_val2014_000000318209.jpg']	Is there a dining table in the image?	Yes, there is a dining table	Yes
V: ['/content/data/coco/val2014/COCO_val2014_000000318209.jpg']	Is there an orange in the image?	No, there is no orange in the	No
V: ['/content/data/coco/val2014/COCO_val2014_000000016775.jpg']	Is there a bird in the image?	No, there is no bird in the	Yes
V: ['/content/data/coco/val2014/COCO_val2014_000000016775.jpg']	Is there a toilet in the image?	No, there is no toilet	No
V: ['/content/data/coco/val2014/COCO_val2014_000000016775.jpg']	Is there a truck in the image?	Yes, there is a truck in	Yes
V: ['/content/data/coco/val2014/COCO_val2014_000000016775.jpg']	Is there a book in the image?	No, there is no book in the	No
V: ['/content/data/coco/val2014/COCO_val2014_000000016775.jpg']	Is there a person in the image?	Yes, there is a person in the	Yes
V: ['/content/data/coco/val2014/COCO_val2014_000000016775.jpg']	Is there a cell phone in the image?	Yes, there is a cell phone in	No
V: ['/content/data/coco/val2014/COCO_val2014_000000015338.jpg']	Is there a truck in the image?	Yes, there is a truck in	Yes
V: ['/content/data/coco/val2014/COCO_val2014_000000015338.jpg']	Is there a microwave in the image?	No, there is no microwave	No
V: ['/content/data/coco/val2014/COCO_val2014_000000015338.jpg']	Is there a person in the image?	No, there is no person in the	Yes
V: ['/content/data/coco/val2014/COCO_val2014_000000015338.jpg']	Is there a remote in the image?	Yes, there is a remote in the	No
V: ['/content/data/coco/val2014/COCO_val2014_000000015338.jpg']	Is there a sports ball in the image?	No, there is no sports ball in	Yes
V: ['/content/data/coco/val2014/COCO_val2014_000000015338.jpg']	Is there a book in the image?	No, there is no book in the	No
V: ['/content/data/coco/val2014/COCO_val2014_000000441156.jpg']	Is there a backpack in the image?	Yes, there is a backpack in	Yes
V: ['/content/data/coco/val2014/COCO_val2014_000000441156.jpg']	Is there an airplane in the image?	No, there is no airplane in	No
V: ['/content/data/coco/val2014/COCO_val2014_000000441156.jpg']	Is there a person in the image?	Yes, there is a person in the	Yes
V: ['/content/data/coco/val2014/COCO_val2014_000000441156.jpg']	Is there a tennis racket in the image?	No, there is no tennis racket	No
V: ['/content/data/coco/val2014/COCO_val2014_000000441156.jpg']	Is there an elephant in the image?	Yes, there is an elephant	Yes
V: ['/content/data/coco/val2014/COCO_val2014_000000441156.jpg']	Is there a toaster in the image?	No, there is no toaster in	No
V: ['/content/data/coco/val2014/COCO_val2014_000000408757.jpg']	Is there a person in the image?	Yes, there is a person in the	Yes
V: ['/content/data/coco/val2014/COCO_val2014_000000408757.jpg']	Is there a donut in the image?	No, there is no donut in	No
V: ['/content/data/coco/val2014/COCO_val2014_000000408757.jpg']	Is there a kite in the image?	Yes, there is a kite in	Yes
V: ['/content/data/coco/val2014/COCO_val2014_000000408757.jpg']	Is there a remote in the image?	No, there is no remote in the	No
V: ['/content/data/coco/val2014/COCO_val2014_000000408757.jpg']	Is there an umbrella in the image?	Yes, there is a kite um	Yes
V: ['/content/data/coco/val2014/COCO_val2014_000000408757.jpg']	Is there a suitcase in the image?	No, there is no suitcase in	No
V: ['/content/data/coco/val2014/COCO_val2014_000000550691.jpg']	Is there a person in the image?	Yes, there is a person in the	Yes
V: ['/content/data/coco/val2014/COCO_val2014_000000550691.jpg']	Is there an orange in the image?	No, there is no orange in the	No
V: ['/content/data/coco/val2014/COCO_val2014_000000550691.jpg']	Is there a car in the image?	Yes, there is a car in the	Yes
V: ['/content/data/coco/val2014/COCO_val2014_000000550691.jpg']	Is there a suitcase in the image?	Yes, there is a suitcase in	No
V: ['/content/data/coco/val2014/COCO_val2014_000000550691.jpg']	Is there a bus in the image?	Yes, there is a large double-	Yes
V: ['/content/data/coco/val2014/COCO_val2014_000000550691.jpg']	Is there a frisbee in the image?	No, there is no frisbe	No
V: ['/content/data/coco/val2014/COCO_val2014_000000204100.jpg']	Is there a banana in the image?	Yes, there is a banana in	Yes
V: ['/content/data/coco/val2014/COCO_val2014_000000204100.jpg']	Is there a fire hydrant in the image?	No, there is no fire hydrant	No
V: ['/content/data/coco/val2014/COCO_val2014_000000204100.jpg']	Is there a person in the image?	Yes, there is a person in the	Yes
V: ['/content/data/coco/val2014/COCO_val2014_000000204100.jpg']	Is there a couch in the image?	No, there is no couch in	No
V: ['/content/data/coco/val2014/COCO_val2014_000000204100.jpg']	Is there a bowl in the image?	Yes, there is a bowl in	Yes
V: ['/content/data/coco/val2014/COCO_val2014_000000204100.jpg']	Is there a car in the image?	No, there is no car in the	No
V: ['/content/data/coco/val2014/COCO_val2014_000000468169.jpg']	Is there a person in the image?	Yes, there is a person in the	Yes
V: ['/content/data/coco/val2014/COCO_val2014_000000468169.jpg']	Is there an oven in the image?	No, there is no oven in	No
V: ['/content/data/coco/val2014/COCO_val2014_000000468169.jpg']	Is there a bench in the image?	Yes, there is a bench in	Yes
V: ['/content/data/coco/val2014/COCO_val2014_000000468169.jpg']	Is there a parking meter in the image?	No, there is no parking meter	No
V: ['/content/data/coco/val2014/COCO_val2014_000000468169.jpg']	Is there a sports ball in the image?	Yes, there is a sports ball in	Yes
V: ['/content/data/coco/val2014/COCO_val2014_000000468169.jpg']	Is there a donut in the image?	No, there is no donut in	No
V: ['/content/data/coco/val2014/COCO_val2014_000000198312.jpg']	Is there a bowl in the image?	Yes, there is a bowl in	Yes
V: ['/content/data/coco/val2014/COCO_val2014_000000198312.jpg']	Is there a mouse in the image?	No, there is no mouse in the	No
V: ['/content/data/coco/val2014/COCO_val2014_000000198312.jpg']	Is there a couch in the image?	Yes, there is a couch in	Yes
V: ['/content/data/coco/val2014/COCO_val2014_000000198312.jpg']	Is there a cell phone in the image?	No, there is no cell phone in	No
V: ['/content/data/coco/val2014/COCO_val2014_000000198312.jpg']	Is there a potted plant in the image?	Yes, there is a potted plant	Yes
V: ['/content/data/coco/val2014/COCO_val2014_000000198312.jpg']	Is there a toilet in the image?	No, there is no toilet	No
V: ['/content/data/coco/val2014/COCO_val2014_000000485485.jpg']	Is there a person in the image?	No, there is no person in the	Yes
V: ['/content/data/coco/val2014/COCO_val2014_000000485485.jpg']	Is there a sports ball in the image?	No, there is no sports ball in	No
V: ['/content/data/coco/val2014/COCO_val2014_000000485485.jpg']	Is there a car in the image?	Yes, there is a car in the	Yes
V: ['/content/data/coco/val2014/COCO_val2014_000000485485.jpg']	Is there a horse in the image?	No, there is no horse in the	No
V: ['/content/data/coco/val2014/COCO_val2014_000000485485.jpg']	Is there an elephant in the image?	Yes, there is an elephant	Yes
V: ['/content/data/coco/val2014/COCO_val2014_000000485485.jpg']	Is there a clock in the image?	No, there is no clock in the	No
V: ['/content/data/coco/val2014/COCO_val2014_000000309371.jpg']	Is there a backpack in the image?	Yes, there is a backpack in	Yes
V: ['/content/data/coco/val2014/COCO_val2014_000000309371.jpg']	Is there a giraffe in the image?	No, there is no giraffe	No
V: ['/content/data/coco/val2014/COCO_val2014_000000309371.jpg']	Is there a person in the image?	Yes, there is a person in the	Yes
V: ['/content/data/coco/val2014/COCO_val2014_000000309371.jpg']	Is there a potted plant in the image?	Yes, there is a potted plant	No
V: ['/content/data/coco/val2014/COCO_val2014_000000309371.jpg']	Is there a bench in the image?	Yes, there is a bench in	Yes
V: ['/content/data/coco/val2014/COCO_val2014_000000309371.jpg']	Is there a snowboard in the image?	No, there is no snowboard in	No
V: ['/content/data/coco/val2014/COCO_val2014_000000472143.jpg']	Is there a bird in the image?	Yes, there is a pigeon	Yes
V: ['/content/data/coco/val2014/COCO_val2014_000000472143.jpg']	Is there a baseball glove in the image?	No, there is no baseball glove	No
V: ['/content/data/coco/val2014/COCO_val2014_000000472143.jpg']	Is there a person in the image?	Yes, there is a person in the	Yes
V: ['/content/data/coco/val2014/COCO_val2014_000000472143.jpg']	Is there a potted plant in the image?	Yes, there is a potted plant	No
V: ['/content/data/coco/val2014/COCO_val2014_000000472143.jpg']	Is there a dining table in the image?	Yes, there is a dining table	Yes
V: ['/content/data/coco/val2014/COCO_val2014_000000472143.jpg']	Is there a frisbee in the image?	No, there is no frisbe	No
V: ['/content/data/coco/val2014/COCO_val2014_000000236023.jpg']	Is there a person in the image?	Yes, there is a person in the	Yes
V: ['/content/data/coco/val2014/COCO_val2014_000000236023.jpg']	Is there a dining table in the image?	No, there is no dining table	No
V: ['/content/data/coco/val2014/COCO_val2014_000000236023.jpg']	Is there a clock in the image?	Yes, there is a clock in the	Yes
V: ['/content/data/coco/val2014/COCO_val2014_000000236023.jpg']	Is there a truck in the image?	No, there is no truck in	No
V: ['/content/data/coco/val2014/COCO_val2014_000000236023.jpg']	Is there a bottle in the image?	Yes, there is a bottle in	Yes
V: ['/content/data/coco/val2014/COCO_val2014_000000236023.jpg']	Is there a bird in the image?	No, there is no bird in the	No
V: ['/content/data/coco/val2014/COCO_val2014_000000214244.jpg']	Is there a snowboard in the image?	No, there is no snowboard in	Yes
V: ['/content/data/coco/val2014/COCO_val2014_000000214244.jpg']	Is there a fork in the image?	Yes, there is a fork in the	No
V: ['/content/data/coco/val2014/COCO_val2014_000000214244.jpg']	Is there a person in the image?	Yes, there is a person in the	Yes
V: ['/content/data/coco/val2014/COCO_val2014_000000214244.jpg']	Is there a sandwich in the image?	No, there is no sandwich in	No
V: ['/content/data/coco/val2014/COCO_val2014_000000214244.jpg']	Is there a skis in the image?	Yes, there is a skier in	Yes
V: ['/content/data/coco/val2014/COCO_val2014_000000214244.jpg']	Is there a spoon in the image?	No, there is no spoon in	No
V: ['/content/data/coco/val2014/COCO_val2014_000000397665.jpg']	Is there a motorcycle in the image?	Yes, there is a motorcycle in	Yes
V: ['/content/data/coco/val2014/COCO_val2014_000000397665.jpg']	Is there a baseball bat in the image?	No, there is no baseball bat in	No
V: ['/content/data/coco/val2014/COCO_val2014_000000397665.jpg']	Is there a person in the image?	Yes, there is a person in the	Yes
V: ['/content/data/coco/val2014/COCO_val2014_000000397665.jpg']	Is there a toilet in the image?	No, there is no toilet	No
V: ['/content/data/coco/val2014/COCO_val2014_000000397665.jpg']	Is there a handbag in the image?	Yes, there is a handbag in	Yes
V: ['/content/data/coco/val2014/COCO_val2014_000000397665.jpg']	Is there a toothbrush in the image?	No, there is no toothbr	No
V: ['/content/data/coco/val2014/COCO_val2014_000000183965.jpg']	Is there a bowl in the image?	Yes, there is a bowl in	Yes
V: ['/content/data/coco/val2014/COCO_val2014_000000183965.jpg']	Is there a broccoli in the image?	No, there is no broccoli	No
V: ['/content/data/coco/val2014/COCO_val2014_000000183965.jpg']	Is there a sandwich in the image?	Yes, there is a sandwich in	Yes
V: ['/content/data/coco/val2014/COCO_val2014_000000183965.jpg']	Is there a frisbee in the image?	No, there is no frisbe	No
V: ['/content/data/coco/val2014/COCO_val2014_000000183965.jpg']	Is there a hot dog in the image?	Yes, there is a hot dog in	Yes
V: ['/content/data/coco/val2014/COCO_val2014_000000183965.jpg']	Is there a suitcase in the image?	No, there is no suitcase in	No
V: ['/content/data/coco/val2014/COCO_val2014_000000499105.jpg']	Is there a person in the image?	Yes, there is a person in the	Yes
V: ['/content/data/coco/val2014/COCO_val2014_000000499105.jpg']	Is there a tv in the image?	No, there is no TV in the	No
V: ['/content/data/coco/val2014/COCO_val2014_000000499105.jpg']	Is there a sports ball in the image?	Yes, there is a sports ball in	Yes
V: ['/content/data/coco/val2014/COCO_val2014_000000499105.jpg']	Is there a book in the image?	No, there is no book in the	No
V: ['/content/data/coco/val2014/COCO_val2014_000000499105.jpg']	Is there a tennis racket in the image?	Yes, there is a tennis racket	Yes
V: ['/content/data/coco/val2014/COCO_val2014_000000499105.jpg']	Is there a hot dog in the image?	No, there is no hot dog in	No
V: ['/content/data/coco/val2014/COCO_val2014_000000259755.jpg']	Is there a baseball glove in the image?	Yes, there is a baseball glove	Yes
V: ['/content/data/coco/val2014/COCO_val2014_000000259755.jpg']	Is there a skateboard in the image?	No, there is no skateboard	No
V: ['/content/data/coco/val2014/COCO_val2014_000000259755.jpg']	Is there a person in the image?	Yes, there is a person in the	Yes
V: ['/content/data/coco/val2014/COCO_val2014_000000259755.jpg']	Is there a cat in the image?	No, there is no cat in the	No
V: ['/content/data/coco/val2014/COCO_val2014_000000259755.jpg']	Is there a sports ball in the image?	Yes, there is a sports ball in	Yes
V: ['/content/data/coco/val2014/COCO_val2014_000000259755.jpg']	Is there a knife in the image?	No, there is no knife in	No
V: ['/content/data/coco/val2014/COCO_val2014_000000281028.jpg']	Is there a chair in the image?	Yes, there is a chair in the	Yes
V: ['/content/data/coco/val2014/COCO_val2014_000000281028.jpg']	Is there a truck in the image?	Yes, there is a truck in	No
V: ['/content/data/coco/val2014/COCO_val2014_000000281028.jpg']	Is there a person in the image?	No, there is no person in the	Yes
V: ['/content/data/coco/val2014/COCO_val2014_000000281028.jpg']	Is there a wine glass in the image?	No, there is no wine glass in	No
V: ['/content/data/coco/val2014/COCO_val2014_000000281028.jpg']	Is there a train in the image?	Yes, there is a train in the	Yes
V: ['/content/data/coco/val2014/COCO_val2014_000000281028.jpg']	Is there a book in the image?	No, there is no book in the	No
V: ['/content/data/coco/val2014/COCO_val2014_000000199122.jpg']	Is there a baseball glove in the image?	Yes, there is a baseball glove	Yes
V: ['/content/data/coco/val2014/COCO_val2014_000000199122.jpg']	Is there a cake in the image?	No, there is no cake in	No
V: ['/content/data/coco/val2014/COCO_val2014_000000199122.jpg']	Is there a person in the image?	Yes, there is a person in the	Yes
V: ['/content/data/coco/val2014/COCO_val2014_000000199122.jpg']	Is there a refrigerator in the image?	No, there is no refriger	No
V: ['/content/data/coco/val2014/COCO_val2014_000000199122.jpg']	Is there a sports ball in the image?	Yes, there is a sports ball in	Yes
V: ['/content/data/coco/val2014/COCO_val2014_000000199122.jpg']	Is there a cat in the image?	No, there is no cat in the	No
V: ['/content/data/coco/val2014/COCO_val2014_000000442809.jpg']	Is there a bottle in the image?	No, there is no bottle in	Yes
V: ['/content/data/coco/val2014/COCO_val2014_000000442809.jpg']	Is there a kite in the image?	No, there is no kite in	No
V: ['/content/data/coco/val2014/COCO_val2014_000000442809.jpg']	Is there a cake in the image?	Yes, there is a cake in	Yes
V: ['/content/data/coco/val2014/COCO_val2014_000000442809.jpg']	Is there an orange in the image?	No, there is no orange in the	No
V: ['/content/data/coco/val2014/COCO_val2014_000000442809.jpg']	Is there a cup in the image?	Yes, there is a cup in the	Yes
V: ['/content/data/coco/val2014/COCO_val2014_000000442809.jpg']	Is there a toilet in the image?	No, there is no toilet	No
V: ['/content/data/coco/val2014/COCO_val2014_000000482829.jpg']	Is there a person in the image?	Yes, there is a person in the	Yes
V: ['/content/data/coco/val2014/COCO_val2014_000000482829.jpg']	Is there a suitcase in the image?	No, there is no suitcase in	No
V: ['/content/data/coco/val2014/COCO_val2014_000000482829.jpg']	Is there a sports ball in the image?	Yes, there is a sports ball in	Yes
V: ['/content/data/coco/val2014/COCO_val2014_000000482829.jpg']	Is there a skis in the image?	No, there are no skis in	No
V: ['/content/data/coco/val2014/COCO_val2014_000000482829.jpg']	Is there a tennis racket in the image?	Yes, there is a tennis racket	Yes
V: ['/content/data/coco/val2014/COCO_val2014_000000482829.jpg']	Is there a book in the image?	No, there is no book in the	No
V: ['/content/data/coco/val2014/COCO_val2014_000000097994.jpg']	Is there a clock in the image?	Yes, there is a clock in the	Yes
V: ['/content/data/coco/val2014/COCO_val2014_000000097994.jpg']	Is there a toothbrush in the image?	No, there is no toothbr	No
V: ['/content/data/coco/val2014/COCO_val2014_000000097994.jpg']	Is there a laptop in the image?	Yes, there is a laptop in the	Yes
V: ['/content/data/coco/val2014/COCO_val2014_000000097994.jpg']	Is there a kite in the image?	No, there is no kite in	No
V: ['/content/data/coco/val2014/COCO_val2014_000000097994.jpg']	Is there a dining table in the image?	Yes, there is a dining table	Yes
V: ['/content/data/coco/val2014/COCO_val2014_000000097994.jpg']	Is there a skateboard in the image?	No, there is no skateboard	No
V: ['/content/data/coco/val2014/COCO_val2014_000000246999.jpg']	Is there a tv in the image?	Yes, there is a TV in the	Yes
V: ['/content/data/coco/val2014/COCO_val2014_000000246999.jpg']	Is there a hot dog in the image?	No, there is no hot dog in	No
V: ['/content/data/coco/val2014/COCO_val2014_000000246999.jpg']	Is there a clock in the image?	Yes, there is a clock in the	Yes
V: ['/content/data/coco/val2014/COCO_val2014_000000246999.jpg']	Is there a suitcase in the image?	Yes, there is a suitcase in	No
V: ['/content/data/coco/val2014/COCO_val2014_000000246999.jpg']	Is there a couch in the image?	Yes, there is a couch in	Yes
V: ['/content/data/coco/val2014/COCO_val2014_000000246999.jpg']	Is there a surfboard in the image?	No, there is no surfboard	No
V: ['/content/data/coco/val2014/COCO_val2014_000000338291.jpg']	Is there a snowboard in the image?	Yes, there is a snowboard in	Yes
V: ['/content/data/coco/val2014/COCO_val2014_000000338291.jpg']	Is there a carrot in the image?	No, there is no carrot in	No
V: ['/content/data/coco/val2014/COCO_val2014_000000338291.jpg']	Is there a backpack in the image?	Yes, there is a backpack in	Yes
V: ['/content/data/coco/val2014/COCO_val2014_000000338291.jpg']	Is there a truck in the image?	No, there is no truck in	No
V: ['/content/data/coco/val2014/COCO_val2014_000000338291.jpg']	Is there a person in the image?	Yes, there is a person in the	Yes
V: ['/content/data/coco/val2014/COCO_val2014_000000338291.jpg']	Is there a cell phone in the image?	No, there is no cell phone in	No
V: ['/content/data/coco/val2014/COCO_val2014_000000331366.jpg']	Is there a truck in the image?	Yes, there is a truck in	Yes
V: ['/content/data/coco/val2014/COCO_val2014_000000331366.jpg']	Is there a bottle in the image?	No, there is no bottle in	No
V: ['/content/data/coco/val2014/COCO_val2014_000000331366.jpg']	Is there a person in the image?	Yes, there is a man in the	Yes
V: ['/content/data/coco/val2014/COCO_val2014_000000331366.jpg']	Is there a banana in the image?	No, there is no banana in	No
V: ['/content/data/coco/val2014/COCO_val2014_000000331366.jpg']	Is there a bicycle in the image?	Yes, there is a bicycle	Yes
V: ['/content/data/coco/val2014/COCO_val2014_000000331366.jpg']	Is there a boat in the image?	No, there is no boat in the	No
V: ['/content/data/coco/val2014/COCO_val2014_000000348524.jpg']	Is there a snowboard in the image?	Yes, there is a snowboard in	Yes
V: ['/content/data/coco/val2014/COCO_val2014_000000348524.jpg']	Is there a bottle in the image?	No, there is no bottle in	No
V: ['/content/data/coco/val2014/COCO_val2014_000000348524.jpg']	Is there a person in the image?	Yes, there is a person in the	Yes
V: ['/content/data/coco/val2014/COCO_val2014_000000348524.jpg']	Is there a cat in the image?	No, there is no cat in the	No
V: ['/content/data/coco/val2014/COCO_val2014_000000348524.jpg']	Is there a skis in the image?	Yes, there is a snowboard in	Yes
V: ['/content/data/coco/val2014/COCO_val2014_000000348524.jpg']	Is there a backpack in the image?	Yes, there is a backpack in	No
V: ['/content/data/coco/val2014/COCO_val2014_000000108189.jpg']	Is there a sandwich in the image?	Yes, there is a sandwich in	Yes
V: ['/content/data/coco/val2014/COCO_val2014_000000108189.jpg']	Is there a clock in the image?	No, there is no clock in the	No
V: ['/content/data/coco/val2014/COCO_val2014_000000108189.jpg']	Is there a fork in the image?	Yes, there is a fork in the	Yes
V: ['/content/data/coco/val2014/COCO_val2014_000000108189.jpg']	Is there a refrigerator in the image?	Yes, there is a refriger	No
V: ['/content/data/coco/val2014/COCO_val2014_000000108189.jpg']	Is there a dining table in the image?	Yes, there is a dining table	Yes
V: ['/content/data/coco/val2014/COCO_val2014_000000108189.jpg']	Is there an umbrella in the image?	No, there is no umbrella	No
V: ['/content/data/coco/val2014/COCO_val2014_000000301575.jpg']	Is there a tv in the image?	Yes, there is a tv in the	Yes
V: ['/content/data/coco/val2014/COCO_val2014_000000301575.jpg']	Is there a toilet in the image?	Yes, there is a toilet	No
V: ['/content/data/coco/val2014/COCO_val2014_000000301575.jpg']	Is there a person in the image?	Yes, there is a person in the	Yes
V: ['/content/data/coco/val2014/COCO_val2014_000000301575.jpg']	Is there a toothbrush in the image?	Yes, there is a toothbr	No
V: ['/content/data/coco/val2014/COCO_val2014_000000301575.jpg']	Is there a couch in the image?	Yes, there is a couch in	Yes
V: ['/content/data/coco/val2014/COCO_val2014_000000301575.jpg']	Is there a cow in the image?	No, there is no cow in the	No
V: ['/content/data/coco/val2014/COCO_val2014_000000239773.jpg']	Is there a baseball glove in the image?	Yes, there is a baseball glove	Yes
V: ['/content/data/coco/val2014/COCO_val2014_000000239773.jpg']	Is there a skis in the image?	No, there are no skis in	No
V: ['/content/data/coco/val2014/COCO_val2014_000000239773.jpg']	Is there a person in the image?	Yes, there is a person in the	Yes
V: ['/content/data/coco/val2014/COCO_val2014_000000239773.jpg']	Is there a train in the image?	No, there is no train in the	No
V: ['/content/data/coco/val2014/COCO_val2014_000000239773.jpg']	Is there a sports ball in the image?	Yes, there is a sports ball in	Yes
V: ['/content/data/coco/val2014/COCO_val2014_000000239773.jpg']	Is there a spoon in the image?	No, there is no spoon in	No
V: ['/content/data/coco/val2014/COCO_val2014_000000354976.jpg']	Is there a person in the image?	No, there is no person visible in	Yes
V: ['/content/data/coco/val2014/COCO_val2014_000000354976.jpg']	Is there a giraffe in the image?	No, there is no giraffe	No
V: ['/content/data/coco/val2014/COCO_val2014_000000354976.jpg']	Is there a clock in the image?	Yes, there is a clock in the	Yes
V: ['/content/data/coco/val2014/COCO_val2014_000000354976.jpg']	Is there a tie in the image?	Yes, there is a tie hanging	No
V: ['/content/data/coco/val2014/COCO_val2014_000000354976.jpg']	Is there a laptop in the image?	Yes, there is a laptop in the	Yes
V: ['/content/data/coco/val2014/COCO_val2014_000000354976.jpg']	Is there a truck in the image?	No, there is no truck in	No
V: ['/content/data/coco/val2014/COCO_val2014_000000473199.jpg']	Is there a person in the image?	No, there is no person in the	Yes
V: ['/content/data/coco/val2014/COCO_val2014_000000473199.jpg']	Is there a knife in the image?	No, there is no knife in	No
V: ['/content/data/coco/val2014/COCO_val2014_000000473199.jpg']	Is there a handbag in the image?	No, there is no handbag in	Yes
V: ['/content/data/coco/val2014/COCO_val2014_000000473199.jpg']	Is there a sports ball in the image?	No, there is no sports ball in	No
V: ['/content/data/coco/val2014/COCO_val2014_000000473199.jpg']	Is there a potted plant in the image?	Yes, there is a potted plant	Yes
V: ['/content/data/coco/val2014/COCO_val2014_000000473199.jpg']	Is there a bench in the image?	Yes, there is a bench in	No
V: ['/content/data/coco/val2014/COCO_val2014_000000311759.jpg']	Is there a backpack in the image?	No, there is no backpack in	Yes
V: ['/content/data/coco/val2014/COCO_val2014_000000311759.jpg']	Is there an orange in the image?	No, there is no orange in the	No
V: ['/content/data/coco/val2014/COCO_val2014_000000311759.jpg']	Is there a teddy bear in the image?	Yes, there is a teddy bear	Yes
V: ['/content/data/coco/val2014/COCO_val2014_000000311759.jpg']	Is there a traffic light in the image?	No, there is no traffic light in	No
V: ['/content/data/coco/val2014/COCO_val2014_000000311759.jpg']	Is there a bear in the image?	Yes, there is a teddy bear	Yes
V: ['/content/data/coco/val2014/COCO_val2014_000000311759.jpg']	Is there a sheep in the image?	No, there is no sheep in the	No
V: ['/content/data/coco/val2014/COCO_val2014_000000431615.jpg']	Is there a dog in the image?	Yes, there is a dog in the	Yes
V: ['/content/data/coco/val2014/COCO_val2014_000000431615.jpg']	Is there a bed in the image?	No, there is no bed in the	No
V: ['/content/data/coco/val2014/COCO_val2014_000000431615.jpg']	Is there a person in the image?	Yes, there is a person in the	Yes
V: ['/content/data/coco/val2014/COCO_val2014_000000431615.jpg']	Is there a motorcycle in the image?	No, there is no motorcycle in	No
V: ['/content/data/coco/val2014/COCO_val2014_000000431615.jpg']	Is there a boat in the image?	Yes, there is a boat in the	Yes
V: ['/content/data/coco/val2014/COCO_val2014_000000431615.jpg']	Is there a bottle in the image?	Yes, there is a bottle in	No
V: ['/content/data/coco/val2014/COCO_val2014_000000343401.jpg']	Is there a car in the image?	Yes, there is a car in the	Yes
V: ['/content/data/coco/val2014/COCO_val2014_000000343401.jpg']	Is there a pizza in the image?	No, there is no pizza in	No
V: ['/content/data/coco/val2014/COCO_val2014_000000343401.jpg']	Is there a dog in the image?	Yes, there is a dog in the	Yes
V: ['/content/data/coco/val2014/COCO_val2014_000000343401.jpg']	Is there a sink in the image?	No, there is no sink in the	No
V: ['/content/data/coco/val2014/COCO_val2014_000000343401.jpg']	Is there a person in the image?	Yes, there is a person in the	Yes
V: ['/content/data/coco/val2014/COCO_val2014_000000343401.jpg']	Is there a stop sign in the image?	Yes, there is a stop sign in	No
V: ['/content/data/coco/val2014/COCO_val2014_000000246199.jpg']	Is there a banana in the image?	Yes, there is a banana in	Yes
V: ['/content/data/coco/val2014/COCO_val2014_000000246199.jpg']	Is there a dog in the image?	No, there is no dog in the	No
V: ['/content/data/coco/val2014/COCO_val2014_000000246199.jpg']	Is there an orange in the image?	Yes, there is an orange in the	Yes
V: ['/content/data/coco/val2014/COCO_val2014_000000246199.jpg']	Is there a snowboard in the image?	No, there is no snowboard in	No
V: ['/content/data/coco/val2014/COCO_val2014_000000246199.jpg']	Is there a dining table in the image?	No, there is no dining table	Yes
V: ['/content/data/coco/val2014/COCO_val2014_000000246199.jpg']	Is there a keyboard in the image?	No, there is no keyboard in the	No
V: ['/content/data/coco/val2014/COCO_val2014_000000372009.jpg']	Is there a bird in the image?	Yes, there is a bird in the	Yes
V: ['/content/data/coco/val2014/COCO_val2014_000000372009.jpg']	Is there a horse in the image?	No, there is no horse in the	No
V: ['/content/data/coco/val2014/COCO_val2014_000000372009.jpg']	Is there a bed in the image?	Yes, there is a bed in the	Yes
V: ['/content/data/coco/val2014/COCO_val2014_000000372009.jpg']	Is there a toilet in the image?	No, there is no toilet	No
V: ['/content/data/coco/val2014/COCO_val2014_000000372009.jpg']	Is there a teddy bear in the image?	Yes, there is a teddy bear	Yes
V: ['/content/data/coco/val2014/COCO_val2014_000000372009.jpg']	Is there a suitcase in the image?	No, there is no suitcase in	No
V: ['/content/data/coco/val2014/COCO_val2014_000000346707.jpg']	Is there a banana in the image?	Yes, there is a banana in	Yes
V: ['/content/data/coco/val2014/COCO_val2014_000000346707.jpg']	Is there a kite in the image?	No, there is no kite in	No
V: ['/content/data/coco/val2014/COCO_val2014_000000346707.jpg']	Is there a bowl in the image?	No, there is no bowl in	Yes
V: ['/content/data/coco/val2014/COCO_val2014_000000346707.jpg']	Is there a horse in the image?	No, there is no horse in the	No
V: ['/content/data/coco/val2014/COCO_val2014_000000346707.jpg']	Is there a person in the image?	No, there is no person in the	Yes
V: ['/content/data/coco/val2014/COCO_val2014_000000346707.jpg']	Is there a toothbrush in the image?	No, there is no toothbr	No
V: ['/content/data/coco/val2014/COCO_val2014_000000501898.jpg']	Is there a person in the image?	Yes, there is a person in the	Yes
V: ['/content/data/coco/val2014/COCO_val2014_000000501898.jpg']	Is there a bowl in the image?	No, there is no bowl in	No
V: ['/content/data/coco/val2014/COCO_val2014_000000501898.jpg']	Is there a sports ball in the image?	Yes, there is a sports ball,	Yes
V: ['/content/data/coco/val2014/COCO_val2014_000000501898.jpg']	Is there a broccoli in the image?	No, there is no broccoli	No
V: ['/content/data/coco/val2014/COCO_val2014_000000501898.jpg']	Is there a tennis racket in the image?	Yes, there is a tennis racket	Yes
V: ['/content/data/coco/val2014/COCO_val2014_000000501898.jpg']	Is there a vase in the image?	No, there is no vase in	No
V: ['/content/data/coco/val2014/COCO_val2014_000000281766.jpg']	Is there a person in the image?	Yes, there is a person in the	Yes
V: ['/content/data/coco/val2014/COCO_val2014_000000281766.jpg']	Is there an umbrella in the image?	Yes, there is an umbrella	No
V: ['/content/data/coco/val2014/COCO_val2014_000000281766.jpg']	Is there a bicycle in the image?	Yes, there is a bicycle	Yes
V: ['/content/data/coco/val2014/COCO_val2014_000000281766.jpg']	Is there a train in the image?	No, there is no train in the	No
V: ['/content/data/coco/val2014/COCO_val2014_000000281766.jpg']	Is there a handbag in the image?	Yes, there is a handbag in	Yes
V: ['/content/data/coco/val2014/COCO_val2014_000000281766.jpg']	Is there a bed in the image?	No, there is no bed in the	No
V: ['/content/data/coco/val2014/COCO_val2014_000000245448.jpg']	Is there a truck in the image?	Yes, there is a truck in	Yes
V: ['/content/data/coco/val2014/COCO_val2014_000000245448.jpg']	Is there a handbag in the image?	Yes, there is a handbag in	No
V: ['/content/data/coco/val2014/COCO_val2014_000000245448.jpg']	Is there a person in the image?	Yes, there is a man in the	Yes
V: ['/content/data/coco/val2014/COCO_val2014_000000245448.jpg']	Is there a donut in the image?	No, there is no donut in	No
V: ['/content/data/coco/val2014/COCO_val2014_000000245448.jpg']	Is there a motorcycle in the image?	Yes, there is a motorcycle in	Yes
V: ['/content/data/coco/val2014/COCO_val2014_000000245448.jpg']	Is there a scissors in the image?	No, there are no scissors	No
V: ['/content/data/coco/val2014/COCO_val2014_000000510138.jpg']	Is there a person in the image?	Yes, there is a man in the	Yes
V: ['/content/data/coco/val2014/COCO_val2014_000000510138.jpg']	Is there an oven in the image?	Yes, there is an oven in	No
V: ['/content/data/coco/val2014/COCO_val2014_000000510138.jpg']	Is there a wine glass in the image?	Yes, there is a wine glass in	Yes
V: ['/content/data/coco/val2014/COCO_val2014_000000510138.jpg']	Is there a horse in the image?	No, there is no horse in the	No
V: ['/content/data/coco/val2014/COCO_val2014_000000510138.jpg']	Is there a couch in the image?	Yes, there is a couch in	Yes
V: ['/content/data/coco/val2014/COCO_val2014_000000510138.jpg']	Is there a book in the image?	No, there is no book in the	No
V: ['/content/data/coco/val2014/COCO_val2014_000000001171.jpg']	Is there a truck in the image?	No, there is no truck in	Yes
V: ['/content/data/coco/val2014/COCO_val2014_000000001171.jpg']	Is there a traffic light in the image?	Yes, there is a traffic light in	No
V: ['/content/data/coco/val2014/COCO_val2014_000000001171.jpg']	Is there a train in the image?	Yes, there is a train in the	Yes
V: ['/content/data/coco/val2014/COCO_val2014_000000001171.jpg']	Is there a bowl in the image?	No, there is no bowl in	No
V: ['/content/data/coco/val2014/COCO_val2014_000000001171.jpg']	Is there a car in the image?	No, there is no car in the	Yes
V: ['/content/data/coco/val2014/COCO_val2014_000000001171.jpg']	Is there a spoon in the image?	No, there is no spoon in	No
V: ['/content/data/coco/val2014/COCO_val2014_000000100238.jpg']	Is there a person in the image?	Yes, there is a person in the	Yes
V: ['/content/data/coco/val2014/COCO_val2014_000000100238.jpg']	Is there a skis in the image?	No, there are no skis in	No
V: ['/content/data/coco/val2014/COCO_val2014_000000100238.jpg']	Is there a bottle in the image?	Yes, there is a bottle in	Yes
V: ['/content/data/coco/val2014/COCO_val2014_000000100238.jpg']	Is there a bicycle in the image?	No, there is no bicycle	No
V: ['/content/data/coco/val2014/COCO_val2014_000000100238.jpg']	Is there a frisbee in the image?	Yes, there is a frisbe	Yes
V: ['/content/data/coco/val2014/COCO_val2014_000000100238.jpg']	Is there a carrot in the image?	Yes, there is a carrot in	No
V: ['/content/data/coco/val2014/COCO_val2014_000000465418.jpg']	Is there a traffic light in the image?	Yes, there is a traffic light in	Yes
V: ['/content/data/coco/val2014/COCO_val2014_000000465418.jpg']	Is there a chair in the image?	No, there is no chair in the	No
V: ['/content/data/coco/val2014/COCO_val2014_000000465418.jpg']	Is there a person in the image?	Yes, there is a person in the	Yes
V: ['/content/data/coco/val2014/COCO_val2014_000000465418.jpg']	Is there a bird in the image?	No, there is no bird in the	No
V: ['/content/data/coco/val2014/COCO_val2014_000000465418.jpg']	Is there a bus in the image?	Yes, there is a bus in the	Yes
V: ['/content/data/coco/val2014/COCO_val2014_000000465418.jpg']	Is there a knife in the image?	No, there is no knife in	No
V: ['/content/data/coco/val2014/COCO_val2014_000000392364.jpg']	Is there a car in the image?	Yes, there is a car visible in	Yes
V: ['/content/data/coco/val2014/COCO_val2014_000000392364.jpg']	Is there a chair in the image?	No, there is no chair in the	No
V: ['/content/data/coco/val2014/COCO_val2014_000000392364.jpg']	Is there a traffic light in the image?	Yes, there is a traffic light in	Yes
V: ['/content/data/coco/val2014/COCO_val2014_000000392364.jpg']	Is there a scissors in the image?	No, there are no scissors	No
V: ['/content/data/coco/val2014/COCO_val2014_000000392364.jpg']	Is there a person in the image?	No, there is no person in the	Yes
V: ['/content/data/coco/val2014/COCO_val2014_000000392364.jpg']	Is there a book in the image?	No, there is no book in the	No
V: ['/content/data/coco/val2014/COCO_val2014_000000188958.jpg']	Is there a snowboard in the image?	Yes, there is a snowboard in	Yes
V: ['/content/data/coco/val2014/COCO_val2014_000000188958.jpg']	Is there a traffic light in the image?	No, there is no traffic light in	No
V: ['/content/data/coco/val2014/COCO_val2014_000000188958.jpg']	Is there a person in the image?	Yes, there is a person in the	Yes
V: ['/content/data/coco/val2014/COCO_val2014_000000188958.jpg']	Is there a vase in the image?	No, there is no vase in	No
V: ['/content/data/coco/val2014/COCO_val2014_000000188958.jpg']	Is there a skis in the image?	Yes, there are skis in the	Yes
V: ['/content/data/coco/val2014/COCO_val2014_000000188958.jpg']	Is there a couch in the image?	No, there is no couch in	No
V: ['/content/data/coco/val2014/COCO_val2014_000000436127.jpg']	Is there a clock in the image?	Yes, there is a clock in the	Yes
V: ['/content/data/coco/val2014/COCO_val2014_000000436127.jpg']	Is there a knife in the image?	No, there is no knife in	No
V: ['/content/data/coco/val2014/COCO_val2014_000000436127.jpg']	Is there a person in the image?	Yes, there is a person in the	Yes
V: ['/content/data/coco/val2014/COCO_val2014_000000436127.jpg']	Is there a wine glass in the image?	No, there is no wine glass in	No
V: ['/content/data/coco/val2014/COCO_val2014_000000436127.jpg']	Is there a horse in the image?	Yes, there is a horse in the	Yes
V: ['/content/data/coco/val2014/COCO_val2014_000000436127.jpg']	Is there an elephant in the image?	No, there is no elephant	No
V: ['/content/data/coco/val2014/COCO_val2014_000000198397.jpg']	Is there a chair in the image?	Yes, there is a chair in the	Yes
V: ['/content/data/coco/val2014/COCO_val2014_000000198397.jpg']	Is there a potted plant in the image?	Yes, there is a potted plant	No
V: ['/content/data/coco/val2014/COCO_val2014_000000198397.jpg']	Is there a person in the image?	Yes, there is a person in the	Yes
V: ['/content/data/coco/val2014/COCO_val2014_000000198397.jpg']	Is there a dining table in the image?	No, there is no dining table	No
V: ['/content/data/coco/val2014/COCO_val2014_000000198397.jpg']	Is there a sports ball in the image?	Yes, there is a sports ball in	Yes
V: ['/content/data/coco/val2014/COCO_val2014_000000198397.jpg']	Is there an apple in the image?	No, there is no apple in the	No
V: ['/content/data/coco/val2014/COCO_val2014_000000349936.jpg']	Is there an oven in the image?	Yes, there is an oven in	Yes
V: ['/content/data/coco/val2014/COCO_val2014_000000349936.jpg']	Is there a kite in the image?	No, there is no kite in	No
V: ['/content/data/coco/val2014/COCO_val2014_000000349936.jpg']	Is there a dining table in the image?	Yes, there is a dining table	Yes
V: ['/content/data/coco/val2014/COCO_val2014_000000349936.jpg']	Is there a backpack in the image?	No, there is no backpack in	No
V: ['/content/data/coco/val2014/COCO_val2014_000000349936.jpg']	Is there a chair in the image?	Yes, there is a chair in the	Yes
V: ['/content/data/coco/val2014/COCO_val2014_000000349936.jpg']	Is there a giraffe in the image?	No, there is no giraffe	No
V: ['/content/data/coco/val2014/COCO_val2014_000000333756.jpg']	Is there a person in the image?	Yes, there is a man in the	Yes
V: ['/content/data/coco/val2014/COCO_val2014_000000333756.jpg']	Is there a bus in the image?	No, there is no bus in the	No
V: ['/content/data/coco/val2014/COCO_val2014_000000333756.jpg']	Is there a sports ball in the image?	Yes, there is a sports ball in	Yes
V: ['/content/data/coco/val2014/COCO_val2014_000000333756.jpg']	Is there a refrigerator in the image?	No, there is no refriger	No
V: ['/content/data/coco/val2014/COCO_val2014_000000333756.jpg']	Is there a tennis racket in the image?	Yes, there is a tennis racket	Yes
V: ['/content/data/coco/val2014/COCO_val2014_000000333756.jpg']	Is there a tv in the image?	No, there is no TV in the	No
V: ['/content/data/coco/val2014/COCO_val2014_000000474741.jpg']	Is there a backpack in the image?	Yes, there is a backpack in	Yes
V: ['/content/data/coco/val2014/COCO_val2014_000000474741.jpg']	Is there a carrot in the image?	No, there is no carrot in	No
V: ['/content/data/coco/val2014/COCO_val2014_000000474741.jpg']	Is there a clock in the image?	Yes, there is a clock in the	Yes
V: ['/content/data/coco/val2014/COCO_val2014_000000474741.jpg']	Is there a donut in the image?	No, there is no donut in	No
V: ['/content/data/coco/val2014/COCO_val2014_000000474741.jpg']	Is there a person in the image?	Yes, there is a man in the	Yes
V: ['/content/data/coco/val2014/COCO_val2014_000000474741.jpg']	Is there a baseball glove in the image?	No, there is no baseball glove	No
V: ['/content/data/coco/val2014/COCO_val2014_000000286342.jpg']	Is there a keyboard in the image?	Yes, there is a black keyboard in	Yes
V: ['/content/data/coco/val2014/COCO_val2014_000000286342.jpg']	Is there a tennis racket in the image?	No, there is no tennis racket	No
V: ['/content/data/coco/val2014/COCO_val2014_000000286342.jpg']	Is there a mouse in the image?	Yes, there is a black Microsoft mouse	Yes
V: ['/content/data/coco/val2014/COCO_val2014_000000286342.jpg']	Is there a bird in the image?	No, there is no bird in the	No
V: ['/content/data/coco/val2014/COCO_val2014_000000286342.jpg']	Is there a laptop in the image?	No, there is no laptop in the	Yes
V: ['/content/data/coco/val2014/COCO_val2014_000000286342.jpg']	Is there a baseball bat in the image?	No, there is no baseball bat in	No
V: ['/content/data/coco/val2014/COCO_val2014_000000093948.jpg']	Is there a tv in the image?	No, there is no TV in the	Yes
V: ['/content/data/coco/val2014/COCO_val2014_000000093948.jpg']	Is there a parking meter in the image?	No, there is no parking meter	No
V: ['/content/data/coco/val2014/COCO_val2014_000000093948.jpg']	Is there a mouse in the image?	Yes, there is a mouse in the	Yes
V: ['/content/data/coco/val2014/COCO_val2014_000000093948.jpg']	Is there a zebra in the image?	No, there is no zebra	No
V: ['/content/data/coco/val2014/COCO_val2014_000000093948.jpg']	Is there a laptop in the image?	Yes, there is a laptop in the	Yes
V: ['/content/data/coco/val2014/COCO_val2014_000000093948.jpg']	Is there a cell phone in the image?	Yes, there is a cell phone in	No
V: ['/content/data/coco/val2014/COCO_val2014_000000405740.jpg']	Is there a wine glass in the image?	Yes, there is a wine glass in	Yes
V: ['/content/data/coco/val2014/COCO_val2014_000000405740.jpg']	Is there a book in the image?	No, there is no book in the	No
V: ['/content/data/coco/val2014/COCO_val2014_000000405740.jpg']	Is there a person in the image?	Yes, there is a person in the	Yes
V: ['/content/data/coco/val2014/COCO_val2014_000000405740.jpg']	Is there a truck in the image?	No, there is no truck in	No
V: ['/content/data/coco/val2014/COCO_val2014_000000405740.jpg']	Is there a laptop in the image?	Yes, there is a laptop in the	Yes
V: ['/content/data/coco/val2014/COCO_val2014_000000405740.jpg']	Is there a skis in the image?	No, there are no skis in	No
V: ['/content/data/coco/val2014/COCO_val2014_000000304387.jpg']	Is there a person in the image?	Yes, there is a person in the	Yes
V: ['/content/data/coco/val2014/COCO_val2014_000000304387.jpg']	Is there a broccoli in the image?	No, there is no broccoli	No
V: ['/content/data/coco/val2014/COCO_val2014_000000304387.jpg']	Is there a surfboard in the image?	Yes, there is a surfboard	Yes
V: ['/content/data/coco/val2014/COCO_val2014_000000304387.jpg']	Is there a cell phone in the image?	No, there is no cell phone in	No
V: ['/content/data/coco/val2014/COCO_val2014_000000304387.jpg']	Is there a kite in the image?	Yes, there is a kite in	Yes
V: ['/content/data/coco/val2014/COCO_val2014_000000304387.jpg']	Is there a microwave in the image?	No, there is no microwave	No
V: ['/content/data/coco/val2014/COCO_val2014_000000147165.jpg']	Is there a sink in the image?	Yes, there is a sink in the	Yes
V: ['/content/data/coco/val2014/COCO_val2014_000000147165.jpg']	Is there a toaster in the image?	Yes, there is a toaster in	No
V: ['/content/data/coco/val2014/COCO_val2014_000000147165.jpg']	Is there a person in the image?	Yes, there is a man in the	Yes
V: ['/content/data/coco/val2014/COCO_val2014_000000147165.jpg']	Is there a chair in the image?	No, there is no chair in the	No
V: ['/content/data/coco/val2014/COCO_val2014_000000147165.jpg']	Is there a spoon in the image?	Yes, there is a spoon in	Yes
V: ['/content/data/coco/val2014/COCO_val2014_000000147165.jpg']	Is there a skateboard in the image?	No, there is no skateboard	No
V: ['/content/data/coco/val2014/COCO_val2014_000000495311.jpg']	Is there a truck in the image?	Yes, there is a truck in	Yes
V: ['/content/data/coco/val2014/COCO_val2014_000000495311.jpg']	Is there a wine glass in the image?	No, there is no wine glass in	No
V: ['/content/data/coco/val2014/COCO_val2014_000000495311.jpg']	Is there a person in the image?	Yes, there is a person in the	Yes
V: ['/content/data/coco/val2014/COCO_val2014_000000495311.jpg']	Is there a cake in the image?	No, there is no cake in	No
V: ['/content/data/coco/val2014/COCO_val2014_000000495311.jpg']	Is there an airplane in the image?	Yes, there is an airplane in	Yes
V: ['/content/data/coco/val2014/COCO_val2014_000000495311.jpg']	Is there a backpack in the image?	Yes, there is a backpack in	No
V: ['/content/data/coco/val2014/COCO_val2014_000000312406.jpg']	Is there a banana in the image?	Yes, there is a banana in	Yes
V: ['/content/data/coco/val2014/COCO_val2014_000000312406.jpg']	Is there a snowboard in the image?	No, there is no snowboard in	No
V: ['/content/data/coco/val2014/COCO_val2014_000000312406.jpg']	Is there a bowl in the image?	Yes, there is a bowl in	Yes
V: ['/content/data/coco/val2014/COCO_val2014_000000312406.jpg']	Is there a stop sign in the image?	No, there is no stop sign in	No
V: ['/content/data/coco/val2014/COCO_val2014_000000312406.jpg']	Is there a cup in the image?	Yes, there is a cup in the	Yes
V: ['/content/data/coco/val2014/COCO_val2014_000000312406.jpg']	Is there a tv in the image?	No, there is no television in the	No
V: ['/content/data/coco/val2014/COCO_val2014_000000515820.jpg']	Is there a tv in the image?	Yes, there is a TV in the	Yes
V: ['/content/data/coco/val2014/COCO_val2014_000000515820.jpg']	Is there a skateboard in the image?	No, there is no skateboard	No
V: ['/content/data/coco/val2014/COCO_val2014_000000515820.jpg']	Is there a clock in the image?	Yes, there is a clock in the	Yes
V: ['/content/data/coco/val2014/COCO_val2014_000000515820.jpg']	Is there a laptop in the image?	No, there is no laptop in the	No
V: ['/content/data/coco/val2014/COCO_val2014_000000515820.jpg']	Is there a person in the image?	No, there is no person in the	Yes
V: ['/content/data/coco/val2014/COCO_val2014_000000515820.jpg']	Is there a dining table in the image?	No, there is no dining table	No
V: ['/content/data/coco/val2014/COCO_val2014_000000031971.jpg']	Is there an orange in the image?	Yes, there is an orange in the	Yes
V: ['/content/data/coco/val2014/COCO_val2014_000000031971.jpg']	Is there a bowl in the image?	Yes, there is a bowl in	No
V: ['/content/data/coco/val2014/COCO_val2014_000000031971.jpg']	Is there a bed in the image?	Yes, there is a bed in the	Yes
V: ['/content/data/coco/val2014/COCO_val2014_000000031971.jpg']	Is there a giraffe in the image?	Yes, there is a giraffe	No
V: ['/content/data/coco/val2014/COCO_val2014_000000031971.jpg']	Is there a book in the image?	Yes, there is a book in the	Yes
V: ['/content/data/coco/val2014/COCO_val2014_000000031971.jpg']	Is there a pizza in the image?	No, there is no pizza in	No
V: ['/content/data/coco/val2014/COCO_val2014_000000418680.jpg']	Is there a snowboard in the image?	Yes, there is a snowboard in	Yes
V: ['/content/data/coco/val2014/COCO_val2014_000000418680.jpg']	Is there a cell phone in the image?	Yes, there is a cell phone in	No
V: ['/content/data/coco/val2014/COCO_val2014_000000418680.jpg']	Is there a person in the image?	Yes, there is a person in the	Yes
V: ['/content/data/coco/val2014/COCO_val2014_000000418680.jpg']	Is there a boat in the image?	No, there is no boat in the	No
V: ['/content/data/coco/val2014/COCO_val2014_000000418680.jpg']	Is there a skis in the image?	Yes, there is a skis in	Yes
V: ['/content/data/coco/val2014/COCO_val2014_000000418680.jpg']	Is there a mouse in the image?	No, there is no mouse in the	No
V: ['/content/data/coco/val2014/COCO_val2014_000000459680.jpg']	Is there a person in the image?	Yes, there is a person in the	Yes
V: ['/content/data/coco/val2014/COCO_val2014_000000459680.jpg']	Is there a vase in the image?	No, there is no vase in	No
V: ['/content/data/coco/val2014/COCO_val2014_000000459680.jpg']	Is there an orange in the image?	No, there is no orange in the	Yes
V: ['/content/data/coco/val2014/COCO_val2014_000000459680.jpg']	Is there a broccoli in the image?	No, there is no broccoli	No
V: ['/content/data/coco/val2014/COCO_val2014_000000459680.jpg']	Is there an umbrella in the image?	Yes, there is an umbrella	Yes
V: ['/content/data/coco/val2014/COCO_val2014_000000459680.jpg']	Is there a sports ball in the image?	No, there is no sports ball in	No
V: ['/content/data/coco/val2014/COCO_val2014_000000196462.jpg']	Is there a bowl in the image?	Yes, there is a bowl in	Yes
V: ['/content/data/coco/val2014/COCO_val2014_000000196462.jpg']	Is there a frisbee in the image?	No, there is no frisbe	No
V: ['/content/data/coco/val2014/COCO_val2014_000000196462.jpg']	Is there a fork in the image?	No, there is no fork in the	Yes
V: ['/content/data/coco/val2014/COCO_val2014_000000196462.jpg']	Is there a cake in the image?	No, there is no cake in	No
V: ['/content/data/coco/val2014/COCO_val2014_000000196462.jpg']	Is there a cup in the image?	Yes, there is a cup in the	Yes
V: ['/content/data/coco/val2014/COCO_val2014_000000196462.jpg']	Is there a bicycle in the image?	No, there is no bicycle	No
V: ['/content/data/coco/val2014/COCO_val2014_000000276693.jpg']	Is there a dog in the image?	Yes, there is a dog in the	Yes
V: ['/content/data/coco/val2014/COCO_val2014_000000276693.jpg']	Is there a cup in the image?	No, there is no cup in the	No
V: ['/content/data/coco/val2014/COCO_val2014_000000276693.jpg']	Is there a person in the image?	Yes, there is a person in the	Yes
V: ['/content/data/coco/val2014/COCO_val2014_000000276693.jpg']	Is there a sandwich in the image?	No, there is no sandwich in	No
V: ['/content/data/coco/val2014/COCO_val2014_000000276693.jpg']	Is there a skis in the image?	Yes, there are skis visible in	Yes
V: ['/content/data/coco/val2014/COCO_val2014_000000276693.jpg']	Is there a keyboard in the image?	No, there is no keyboard in the	No
V: ['/content/data/coco/val2014/COCO_val2014_000000356424.jpg']	Is there a person in the image?	Yes, there is a person in the	Yes
V: ['/content/data/coco/val2014/COCO_val2014_000000356424.jpg']	Is there an oven in the image?	No, there is no oven in	No
V: ['/content/data/coco/val2014/COCO_val2014_000000356424.jpg']	Is there a car in the image?	Yes, there is a car in the	Yes
V: ['/content/data/coco/val2014/COCO_val2014_000000356424.jpg']	Is there a bird in the image?	No, there is no bird in the	No
V: ['/content/data/coco/val2014/COCO_val2014_000000356424.jpg']	Is there a bottle in the image?	Yes, there is a bottle in	Yes
V: ['/content/data/coco/val2014/COCO_val2014_000000356424.jpg']	Is there a laptop in the image?	No, there is no laptop in the	No
V: ['/content/data/coco/val2014/COCO_val2014_000000505335.jpg']	Is there a person in the image?	Yes, there is a person in the	Yes
V: ['/content/data/coco/val2014/COCO_val2014_000000505335.jpg']	Is there a microwave in the image?	No, there is no microwave	No
V: ['/content/data/coco/val2014/COCO_val2014_000000505335.jpg']	Is there a bottle in the image?	Yes, there is a man holding a	Yes
V: ['/content/data/coco/val2014/COCO_val2014_000000505335.jpg']	Is there a carrot in the image?	No, there is no carrot in	No
V: ['/content/data/coco/val2014/COCO_val2014_000000505335.jpg']	Is there an umbrella in the image?	Yes, there is an umbrella	Yes
V: ['/content/data/coco/val2014/COCO_val2014_000000505335.jpg']	Is there a skateboard in the image?	No, there is no skateboard	No
V: ['/content/data/coco/val2014/COCO_val2014_000000172342.jpg']	Is there a person in the image?	Yes, there is a person in the	Yes
V: ['/content/data/coco/val2014/COCO_val2014_000000172342.jpg']	Is there a surfboard in the image?	Yes, there is a surfboard	No
V: ['/content/data/coco/val2014/COCO_val2014_000000172342.jpg']	Is there a spoon in the image?	Yes, there is a spoon in	Yes
V: ['/content/data/coco/val2014/COCO_val2014_000000172342.jpg']	Is there a vase in the image?	No, there is no vase in	No
V: ['/content/data/coco/val2014/COCO_val2014_000000172342.jpg']	Is there a bowl in the image?	Yes, there is a bowl in	Yes
V: ['/content/data/coco/val2014/COCO_val2014_000000172342.jpg']	Is there a pizza in the image?	No, there is no pizza in	No
V: ['/content/data/coco/val2014/COCO_val2014_000000384970.jpg']	Is there a truck in the image?	Yes, there is a truck in	Yes
V: ['/content/data/coco/val2014/COCO_val2014_000000384970.jpg']	Is there a mouse in the image?	No, there is no mouse in the	No
V: ['/content/data/coco/val2014/COCO_val2014_000000384970.jpg']	Is there a person in the image?	No, there is no person in the	Yes
V: ['/content/data/coco/val2014/COCO_val2014_000000384970.jpg']	Is there a dog in the image?	No, there is no dog in the	No
V: ['/content/data/coco/val2014/COCO_val2014_000000384970.jpg']	Is there a car in the image?	Yes, there is a car in the	Yes
V: ['/content/data/coco/val2014/COCO_val2014_000000384970.jpg']	Is there a microwave in the image?	No, there is no microwave	No
V: ['/content/data/coco/val2014/COCO_val2014_000000572260.jpg']	Is there a wine glass in the image?	No, there is no wine glass in	Yes
V: ['/content/data/coco/val2014/COCO_val2014_000000572260.jpg']	Is there a vase in the image?	Yes, there is a vase in	No
V: ['/content/data/coco/val2014/COCO_val2014_000000572260.jpg']	Is there a teddy bear in the image?	Yes, there is a teddy bear	Yes
V: ['/content/data/coco/val2014/COCO_val2014_000000572260.jpg']	Is there a train in the image?	Yes, there is a toy train	No
V: ['/content/data/coco/val2014/COCO_val2014_000000572260.jpg']	Is there an apple in the image?	No, there is no apple in the	Yes
V: ['/content/data/coco/val2014/COCO_val2014_000000572260.jpg']	Is there a zebra in the image?	No, there is no zebra	No
V: ['/content/data/coco/val2014/COCO_val2014_000000418471.jpg']	Is there a person in the image?	Yes, there is a woman standing behind	Yes
V: ['/content/data/coco/val2014/COCO_val2014_000000418471.jpg']	Is there a bicycle in the image?	No, there is no bicycle	No
V: ['/content/data/coco/val2014/COCO_val2014_000000418471.jpg']	Is there a dining table in the image?	Yes, there is a dining table	Yes
V: ['/content/data/coco/val2014/COCO_val2014_000000418471.jpg']	Is there a suitcase in the image?	No, there is no suitcase in	No
V: ['/content/data/coco/val2014/COCO_val2014_000000418471.jpg']	Is there a chair in the image?	Yes, there is a chair in the	Yes
V: ['/content/data/coco/val2014/COCO_val2014_000000418471.jpg']	Is there a backpack in the image?	Yes, there is a backpack in	No
V: ['/content/data/coco/val2014/COCO_val2014_000000379404.jpg']	Is there a banana in the image?	Yes, there is a banana in	Yes
V: ['/content/data/coco/val2014/COCO_val2014_000000379404.jpg']	Is there a stop sign in the image?	No, there is no stop sign in	No
V: ['/content/data/coco/val2014/COCO_val2014_000000379404.jpg']	Is there a sandwich in the image?	Yes, there is a sandwich in	Yes
V: ['/content/data/coco/val2014/COCO_val2014_000000379404.jpg']	Is there an orange in the image?	No, there is no orange in the	No
V: ['/content/data/coco/val2014/COCO_val2014_000000379404.jpg']	Is there a dining table in the image?	Yes, there is a dining table	Yes
V: ['/content/data/coco/val2014/COCO_val2014_000000379404.jpg']	Is there a bird in the image?	No, there is no bird in the	No
V: ['/content/data/coco/val2014/COCO_val2014_000000044801.jpg']	Is there a traffic light in the image?	Yes, there is a traffic light in	Yes
V: ['/content/data/coco/val2014/COCO_val2014_000000044801.jpg']	Is there a remote in the image?	No, there is no remote in the	No
V: ['/content/data/coco/val2014/COCO_val2014_000000044801.jpg']	Is there a person in the image?	Yes, there is a person in the	Yes
V: ['/content/data/coco/val2014/COCO_val2014_000000044801.jpg']	Is there a giraffe in the image?	No, there is no giraffe	No
V: ['/content/data/coco/val2014/COCO_val2014_000000044801.jpg']	Is there a truck in the image?	Yes, there is a truck in	Yes
V: ['/content/data/coco/val2014/COCO_val2014_000000044801.jpg']	Is there a banana in the image?	No, there is no banana in	No
V: ['/content/data/coco/val2014/COCO_val2014_000000293564.jpg']	Is there a person in the image?	Yes, there is a woman in the	Yes
V: ['/content/data/coco/val2014/COCO_val2014_000000293564.jpg']	Is there a knife in the image?	Yes, there is a knife in	No
V: ['/content/data/coco/val2014/COCO_val2014_000000293564.jpg']	Is there a surfboard in the image?	Yes, there is a surfboard	Yes
V: ['/content/data/coco/val2014/COCO_val2014_000000293564.jpg']	Is there a bicycle in the image?	No, there is no bicycle	No
V: ['/content/data/coco/val2014/COCO_val2014_000000293564.jpg']	Is there an umbrella in the image?	Yes, there is an umbrella	Yes
V: ['/content/data/coco/val2014/COCO_val2014_000000293564.jpg']	Is there a sink in the image?	No, there is no sink in the	No
V: ['/content/data/coco/val2014/COCO_val2014_000000452297.jpg']	Is there a banana in the image?	Yes, there is a banana in	Yes
V: ['/content/data/coco/val2014/COCO_val2014_000000452297.jpg']	Is there a broccoli in the image?	No, there is no broccoli	No
V: ['/content/data/coco/val2014/COCO_val2014_000000452297.jpg']	Is there a spoon in the image?	Yes, there is a spoon in	Yes
V: ['/content/data/coco/val2014/COCO_val2014_000000452297.jpg']	Is there an orange in the image?	No, there is no orange in the	No
V: ['/content/data/coco/val2014/COCO_val2014_000000452297.jpg']	Is there a bowl in the image?	Yes, there is a bowl in	Yes
V: ['/content/data/coco/val2014/COCO_val2014_000000452297.jpg']	Is there a backpack in the image?	No, there is no backpack in	No
V: ['/content/data/coco/val2014/COCO_val2014_000000543393.jpg']	Is there a fire hydrant in the image?	Yes, there is a fire hydrant	Yes
V: ['/content/data/coco/val2014/COCO_val2014_000000543393.jpg']	Is there a zebra in the image?	No, there is no zebra	No
V: ['/content/data/coco/val2014/COCO_val2014_000000543393.jpg']	Is there a car in the image?	Yes, there is a car in the	Yes
V: ['/content/data/coco/val2014/COCO_val2014_000000543393.jpg']	Is there a scissors in the image?	No, there are no scissors	No
V: ['/content/data/coco/val2014/COCO_val2014_000000543393.jpg']	Is there a stop sign in the image?	Yes, there is a stop sign in	Yes
V: ['/content/data/coco/val2014/COCO_val2014_000000543393.jpg']	Is there a hot dog in the image?	No, there is no hot dog in	No
V: ['/content/data/coco/val2014/COCO_val2014_000000172648.jpg']	Is there a truck in the image?	Yes, there is a truck in	Yes
V: ['/content/data/coco/val2014/COCO_val2014_000000172648.jpg']	Is there a skateboard in the image?	No, there is no skateboard	No
V: ['/content/data/coco/val2014/COCO_val2014_000000172648.jpg']	Is there a car in the image?	Yes, there is a car in the	Yes
V: ['/content/data/coco/val2014/COCO_val2014_000000172648.jpg']	Is there a bird in the image?	No, there is no bird in the	No
V: ['/content/data/coco/val2014/COCO_val2014_000000172648.jpg']	Is there a person in the image?	Yes, there is a person in the	Yes
V: ['/content/data/coco/val2014/COCO_val2014_000000172648.jpg']	Is there a dining table in the image?	No, there is no dining table	No
V: ['/content/data/coco/val2014/COCO_val2014_000000308907.jpg']	Is there a traffic light in the image?	Yes, there is a traffic light in	Yes
V: ['/content/data/coco/val2014/COCO_val2014_000000308907.jpg']	Is there a stop sign in the image?	Yes, there is a stop sign in	No
V: ['/content/data/coco/val2014/COCO_val2014_000000308907.jpg']	Is there a person in the image?	No, there is no person in the	Yes
V: ['/content/data/coco/val2014/COCO_val2014_000000308907.jpg']	Is there a parking meter in the image?	Yes, there is a parking meter	No
V: ['/content/data/coco/val2014/COCO_val2014_000000308907.jpg']	Is there a bicycle in the image?	Yes, there is a bicycle	Yes
V: ['/content/data/coco/val2014/COCO_val2014_000000308907.jpg']	Is there a suitcase in the image?	Yes, there is a suitcase in	No
V: ['/content/data/coco/val2014/COCO_val2014_000000263594.jpg']	Is there a bird in the image?	Yes, there is a bird in the	Yes
V: ['/content/data/coco/val2014/COCO_val2014_000000263594.jpg']	Is there a chair in the image?	No, there is no chair in the	No
V: ['/content/data/coco/val2014/COCO_val2014_000000263594.jpg']	Is there a truck in the image?	Yes, there is a truck in	Yes
V: ['/content/data/coco/val2014/COCO_val2014_000000263594.jpg']	Is there a kite in the image?	No, there is no kite in	No
V: ['/content/data/coco/val2014/COCO_val2014_000000263594.jpg']	Is there a car in the image?	Yes, there is a car in the	Yes
V: ['/content/data/coco/val2014/COCO_val2014_000000263594.jpg']	Is there a tv in the image?	No, there is no TV in the	No
V: ['/content/data/coco/val2014/COCO_val2014_000000501294.jpg']	Is there a tv in the image?	Yes, there is a television in the	Yes
V: ['/content/data/coco/val2014/COCO_val2014_000000501294.jpg']	Is there a fork in the image?	No, there is no fork in the	No
V: ['/content/data/coco/val2014/COCO_val2014_000000501294.jpg']	Is there a person in the image?	Yes, there is a person in the	Yes
V: ['/content/data/coco/val2014/COCO_val2014_000000501294.jpg']	Is there a dining table in the image?	Yes, there is a dining table	No
V: ['/content/data/coco/val2014/COCO_val2014_000000501294.jpg']	Is there a couch in the image?	Yes, there is a couch in	Yes
V: ['/content/data/coco/val2014/COCO_val2014_000000501294.jpg']	Is there a frisbee in the image?	No, there is no frisbe	No
V: ['/content/data/coco/val2014/COCO_val2014_000000500680.jpg']	Is there a person in the image?	Yes, there is a person in the	Yes
V: ['/content/data/coco/val2014/COCO_val2014_000000500680.jpg']	Is there an orange in the image?	Yes, there is an orange in the	No
V: ['/content/data/coco/val2014/COCO_val2014_000000500680.jpg']	Is there a handbag in the image?	Yes, there is a handbag in	Yes
V: ['/content/data/coco/val2014/COCO_val2014_000000500680.jpg']	Is there a sink in the image?	No, there is no sink in the	No
V: ['/content/data/coco/val2014/COCO_val2014_000000500680.jpg']	Is there a dining table in the image?	Yes, there is a dining table	Yes
V: ['/content/data/coco/val2014/COCO_val2014_000000500680.jpg']	Is there a sheep in the image?	No, there is no sheep in the	No
V: ['/content/data/coco/val2014/COCO_val2014_000000091954.jpg']	Is there a truck in the image?	Yes, there is a truck in	Yes
V: ['/content/data/coco/val2014/COCO_val2014_000000091954.jpg']	Is there an apple in the image?	No, there is no apple in the	No
V: ['/content/data/coco/val2014/COCO_val2014_000000091954.jpg']	Is there a train in the image?	Yes, there is a train in the	Yes
V: ['/content/data/coco/val2014/COCO_val2014_000000091954.jpg']	Is there a potted plant in the image?	Yes, there is a potted plant	No
V: ['/content/data/coco/val2014/COCO_val2014_000000091954.jpg']	Is there a car in the image?	Yes, there is a car in the	Yes
V: ['/content/data/coco/val2014/COCO_val2014_000000091954.jpg']	Is there a backpack in the image?	No, there is no backpack in	No
V: ['/content/data/coco/val2014/COCO_val2014_000000454607.jpg']	Is there a book in the image?	Yes, there is a book in the	Yes
V: ['/content/data/coco/val2014/COCO_val2014_000000454607.jpg']	Is there a kite in the image?	No, there is no kite in	No
V: ['/content/data/coco/val2014/COCO_val2014_000000454607.jpg']	Is there a person in the image?	Yes, there is a person in the	Yes
V: ['/content/data/coco/val2014/COCO_val2014_000000454607.jpg']	Is there a dining table in the image?	Yes, there is a dining table	No
V: ['/content/data/coco/val2014/COCO_val2014_000000454607.jpg']	Is there a cell phone in the image?	Yes, there is a cell phone in	Yes
V: ['/content/data/coco/val2014/COCO_val2014_000000454607.jpg']	Is there a handbag in the image?	No, there is no handbag in	No
V: ['/content/data/coco/val2014/COCO_val2014_000000363908.jpg']	Is there a baseball glove in the image?	Yes, there is a baseball glove	Yes
V: ['/content/data/coco/val2014/COCO_val2014_000000363908.jpg']	Is there a knife in the image?	No, there is no knife in	No
V: ['/content/data/coco/val2014/COCO_val2014_000000363908.jpg']	Is there a person in the image?	Yes, there is a person in the	Yes
V: ['/content/data/coco/val2014/COCO_val2014_000000363908.jpg']	Is there a bird in the image?	No, there is no bird in the	No
V: ['/content/data/coco/val2014/COCO_val2014_000000363908.jpg']	Is there a sports ball in the image?	Yes, there is a sports ball in	Yes
V: ['/content/data/coco/val2014/COCO_val2014_000000363908.jpg']	Is there a giraffe in the image?	No, there is no giraffe	No
V: ['/content/data/coco/val2014/COCO_val2014_000000560064.jpg']	Is there a person in the image?	Yes, there is a person in the	Yes
V: ['/content/data/coco/val2014/COCO_val2014_000000560064.jpg']	Is there a motorcycle in the image?	No, there is no motorcycle in	No
V: ['/content/data/coco/val2014/COCO_val2014_000000560064.jpg']	Is there a bench in the image?	Yes, there is a bench in	Yes
V: ['/content/data/coco/val2014/COCO_val2014_000000560064.jpg']	Is there a baseball glove in the image?	No, there is no baseball glove	No
V: ['/content/data/coco/val2014/COCO_val2014_000000560064.jpg']	Is there a potted plant in the image?	Yes, there is a potted plant	Yes
V: ['/content/data/coco/val2014/COCO_val2014_000000560064.jpg']	Is there a parking meter in the image?	Yes, there is a parking meter	No
V: ['/content/data/coco/val2014/COCO_val2014_000000348469.jpg']	Is there a bird in the image?	Yes, there is a bird in the	Yes
V: ['/content/data/coco/val2014/COCO_val2014_000000348469.jpg']	Is there a skis in the image?	No, there are no skis in	No
V: ['/content/data/coco/val2014/COCO_val2014_000000348469.jpg']	Is there a person in the image?	Yes, there is a person in the	Yes
V: ['/content/data/coco/val2014/COCO_val2014_000000348469.jpg']	Is there a sheep in the image?	No, there is no sheep in the	No
V: ['/content/data/coco/val2014/COCO_val2014_000000348469.jpg']	Is there a baseball bat in the image?	Yes, there is a baseball bat in	Yes
V: ['/content/data/coco/val2014/COCO_val2014_000000348469.jpg']	Is there a frisbee in the image?	No, there is no frisbe	No
V: ['/content/data/coco/val2014/COCO_val2014_000000167724.jpg']	Is there an oven in the image?	Yes, there is an oven in	Yes
V: ['/content/data/coco/val2014/COCO_val2014_000000167724.jpg']	Is there a clock in the image?	No, there is no clock in the	No
V: ['/content/data/coco/val2014/COCO_val2014_000000167724.jpg']	Is there a spoon in the image?	Yes, there is a spoon in	Yes
V: ['/content/data/coco/val2014/COCO_val2014_000000167724.jpg']	Is there an apple in the image?	No, there is no apple in the	No
V: ['/content/data/coco/val2014/COCO_val2014_000000167724.jpg']	Is there a bottle in the image?	Yes, there is a bottle in	Yes
V: ['/content/data/coco/val2014/COCO_val2014_000000167724.jpg']	Is there a bus in the image?	No, there is no bus in the	No
V: ['/content/data/coco/val2014/COCO_val2014_000000262736.jpg']	Is there a dog in the image?	Yes, there is a dog in the	Yes
V: ['/content/data/coco/val2014/COCO_val2014_000000262736.jpg']	Is there a cup in the image?	No, there is no cup in the	No
V: ['/content/data/coco/val2014/COCO_val2014_000000262736.jpg']	Is there a truck in the image?	Yes, there is a truck in	Yes
V: ['/content/data/coco/val2014/COCO_val2014_000000262736.jpg']	Is there a potted plant in the image?	Yes, there is a potted plant	No
V: ['/content/data/coco/val2014/COCO_val2014_000000262736.jpg']	Is there a car in the image?	Yes, there is a car in the	Yes
V: ['/content/data/coco/val2014/COCO_val2014_000000262736.jpg']	Is there a sandwich in the image?	No, there is no sandwich in	No
V: ['/content/data/coco/val2014/COCO_val2014_000000076416.jpg']	Is there a person in the image?	Yes, there is a person in the	Yes
V: ['/content/data/coco/val2014/COCO_val2014_000000076416.jpg']	Is there an orange in the image?	No, there is no orange in the	No
V: ['/content/data/coco/val2014/COCO_val2014_000000076416.jpg']	Is there a bicycle in the image?	Yes, there is a bicycle	Yes
V: ['/content/data/coco/val2014/COCO_val2014_000000076416.jpg']	Is there a sink in the image?	No, there is no sink in the	No
V: ['/content/data/coco/val2014/COCO_val2014_000000076416.jpg']	Is there a cell phone in the image?	Yes, there is a cell phone in	Yes
V: ['/content/data/coco/val2014/COCO_val2014_000000076416.jpg']	Is there a potted plant in the image?	Yes, there is a potted plant	No
V: ['/content/data/coco/val2014/COCO_val2014_000000541783.jpg']	Is there a backpack in the image?	Yes, there is a backpack in	Yes
V: ['/content/data/coco/val2014/COCO_val2014_000000541783.jpg']	Is there a bench in the image?	No, there is no bench in	No
V: ['/content/data/coco/val2014/COCO_val2014_000000541783.jpg']	Is there a person in the image?	Yes, there is a person in the	Yes
V: ['/content/data/coco/val2014/COCO_val2014_000000541783.jpg']	Is there a keyboard in the image?	No, there is no keyboard in the	No
V: ['/content/data/coco/val2014/COCO_val2014_000000541783.jpg']	Is there a motorcycle in the image?	Yes, there is a motorcycle in	Yes
V: ['/content/data/coco/val2014/COCO_val2014_000000541783.jpg']	Is there a banana in the image?	No, there is no banana in	No
V: ['/content/data/coco/val2014/COCO_val2014_000000445200.jpg']	Is there a bowl in the image?	Yes, there is a bowl in	Yes
V: ['/content/data/coco/val2014/COCO_val2014_000000445200.jpg']	Is there a toothbrush in the image?	No, there is no toothbr	No
V: ['/content/data/coco/val2014/COCO_val2014_000000445200.jpg']	Is there a broccoli in the image?	Yes, there is a broccoli	Yes
V: ['/content/data/coco/val2014/COCO_val2014_000000445200.jpg']	Is there a pizza in the image?	No, there is no pizza in	No
V: ['/content/data/coco/val2014/COCO_val2014_000000445200.jpg']	Is there a dining table in the image?	Yes, there is a dining table	Yes
V: ['/content/data/coco/val2014/COCO_val2014_000000445200.jpg']	Is there a toilet in the image?	No, there is no toilet	No
V: ['/content/data/coco/val2014/COCO_val2014_000000433574.jpg']	Is there a person in the image?	Yes, there is a person in the	Yes
V: ['/content/data/coco/val2014/COCO_val2014_000000433574.jpg']	Is there a book in the image?	Yes, there is a book in the	No
V: ['/content/data/coco/val2014/COCO_val2014_000000433574.jpg']	Is there a couch in the image?	Yes, there is a couch in	Yes
V: ['/content/data/coco/val2014/COCO_val2014_000000433574.jpg']	Is there a stop sign in the image?	Yes, there is a stop sign in	No
V: ['/content/data/coco/val2014/COCO_val2014_000000433574.jpg']	Is there a dining table in the image?	Yes, there is a dining table	Yes
V: ['/content/data/coco/val2014/COCO_val2014_000000433574.jpg']	Is there a cat in the image?	No, there is no cat in the	No
V: ['/content/data/coco/val2014/COCO_val2014_000000212241.jpg']	Is there a truck in the image?	Yes, there is a truck in	Yes
V: ['/content/data/coco/val2014/COCO_val2014_000000212241.jpg']	Is there a spoon in the image?	No, there is no spoon in	No
V: ['/content/data/coco/val2014/COCO_val2014_000000212241.jpg']	Is there a person in the image?	Yes, there is a person in the	Yes
V: ['/content/data/coco/val2014/COCO_val2014_000000212241.jpg']	Is there an orange in the image?	No, there is no orange in the	No
V: ['/content/data/coco/val2014/COCO_val2014_000000212241.jpg']	Is there a train in the image?	Yes, there is a train in the	Yes
V: ['/content/data/coco/val2014/COCO_val2014_000000212241.jpg']	Is there a banana in the image?	No, there is no banana in	No
V: ['/content/data/coco/val2014/COCO_val2014_000000114941.jpg']	Is there a person in the image?	Yes, there is a person in the	Yes
V: ['/content/data/coco/val2014/COCO_val2014_000000114941.jpg']	Is there a potted plant in the image?	No, there is no potted plant	No
V: ['/content/data/coco/val2014/COCO_val2014_000000114941.jpg']	Is there a train in the image?	Yes, there is a train in the	Yes
V: ['/content/data/coco/val2014/COCO_val2014_000000114941.jpg']	Is there a bear in the image?	No, there is no bear in the	No
V: ['/content/data/coco/val2014/COCO_val2014_000000114941.jpg']	Is there a car in the image?	No, there is no car in the	Yes
V: ['/content/data/coco/val2014/COCO_val2014_000000114941.jpg']	Is there a tie in the image?	Yes, there is a tie in the	No
V: ['/content/data/coco/val2014/COCO_val2014_000000493753.jpg']	Is there a remote in the image?	Yes, there is a remote in the	Yes
V: ['/content/data/coco/val2014/COCO_val2014_000000493753.jpg']	Is there a zebra in the image?	No, there is no zebra	No
V: ['/content/data/coco/val2014/COCO_val2014_000000493753.jpg']	Is there a laptop in the image?	Yes, there is a laptop computer on	Yes
V: ['/content/data/coco/val2014/COCO_val2014_000000493753.jpg']	Is there a toilet in the image?	No, there is no toilet	No
V: ['/content/data/coco/val2014/COCO_val2014_000000493753.jpg']	Is there a chair in the image?	Yes, there is a chair in the	Yes
V: ['/content/data/coco/val2014/COCO_val2014_000000493753.jpg']	Is there a horse in the image?	No, there is no horse in the	No
V: ['/content/data/coco/val2014/COCO_val2014_000000410597.jpg']	Is there a person in the image?	Yes, there is a woman in the	Yes
V: ['/content/data/coco/val2014/COCO_val2014_000000410597.jpg']	Is there a potted plant in the image?	Yes, there is a potted plant	No
V: ['/content/data/coco/val2014/COCO_val2014_000000410597.jpg']	Is there a wine glass in the image?	Yes, there is a wine glass in	Yes
V: ['/content/data/coco/val2014/COCO_val2014_000000410597.jpg']	Is there a chair in the image?	Yes, there is a chair visible in	No
V: ['/content/data/coco/val2014/COCO_val2014_000000410597.jpg']	Is there a dining table in the image?	Yes, there is a dining table	Yes
V: ['/content/data/coco/val2014/COCO_val2014_000000410597.jpg']	Is there a tennis racket in the image?	No, there is no tennis racket	No
V: ['/content/data/coco/val2014/COCO_val2014_000000382617.jpg']	Is there a mouse in the image?	Yes, there is a computer mouse in	Yes
V: ['/content/data/coco/val2014/COCO_val2014_000000382617.jpg']	Is there a microwave in the image?	No, there is no microwave	No
V: ['/content/data/coco/val2014/COCO_val2014_000000382617.jpg']	Is there a dining table in the image?	No, there is no dining table	Yes
V: ['/content/data/coco/val2014/COCO_val2014_000000382617.jpg']	Is there a person in the image?	No, there is no person in the	No
V: ['/content/data/coco/val2014/COCO_val2014_000000382617.jpg']	Is there a book in the image?	Yes, there is a book in the	Yes
V: ['/content/data/coco/val2014/COCO_val2014_000000382617.jpg']	Is there a giraffe in the image?	No, there is no giraffe	No
V: ['/content/data/coco/val2014/COCO_val2014_000000467887.jpg']	Is there a person in the image?	Yes, there is a person in the	Yes
V: ['/content/data/coco/val2014/COCO_val2014_000000467887.jpg']	Is there a zebra in the image?	No, there is no zebra	No
V: ['/content/data/coco/val2014/COCO_val2014_000000467887.jpg']	Is there a mouse in the image?	Yes, there is a mouse in the	Yes
V: ['/content/data/coco/val2014/COCO_val2014_000000467887.jpg']	Is there a stop sign in the image?	No, there is no stop sign in	No
V: ['/content/data/coco/val2014/COCO_val2014_000000467887.jpg']	Is there a couch in the image?	Yes, there is a couch in	Yes
V: ['/content/data/coco/val2014/COCO_val2014_000000467887.jpg']	Is there a cat in the image?	No, there is no cat in the	No
V: ['/content/data/coco/val2014/COCO_val2014_000000120792.jpg']	Is there a person in the image?	Yes, there is a man in the	Yes
V: ['/content/data/coco/val2014/COCO_val2014_000000120792.jpg']	Is there a microwave in the image?	Yes, there is a microwave	No
V: ['/content/data/coco/val2014/COCO_val2014_000000120792.jpg']	Is there a remote in the image?	Yes, there is a remote in the	Yes
V: ['/content/data/coco/val2014/COCO_val2014_000000120792.jpg']	Is there a potted plant in the image?	No, there is no potted plant	No
V: ['/content/data/coco/val2014/COCO_val2014_000000120792.jpg']	Is there a chair in the image?	Yes, there is a chair in the	Yes
V: ['/content/data/coco/val2014/COCO_val2014_000000120792.jpg']	Is there a surfboard in the image?	No, there is no surfboard	No
V: ['/content/data/coco/val2014/COCO_val2014_000000125524.jpg']	Is there a person in the image?	No, there is no person in the	Yes
V: ['/content/data/coco/val2014/COCO_val2014_000000125524.jpg']	Is there a refrigerator in the image?	No, there is no refriger	No
V: ['/content/data/coco/val2014/COCO_val2014_000000125524.jpg']	Is there a bus in the image?	Yes, there is a bus in the	Yes
V: ['/content/data/coco/val2014/COCO_val2014_000000125524.jpg']	Is there a zebra in the image?	No, there is no zebra	No
V: ['/content/data/coco/val2014/COCO_val2014_000000125524.jpg']	Is there a fire hydrant in the image?	Yes, there is a fire hydrant	Yes
V: ['/content/data/coco/val2014/COCO_val2014_000000125524.jpg']	Is there a tv in the image?	No, there is no TV in the	No
V: ['/content/data/coco/val2014/COCO_val2014_000000196053.jpg']	Is there a person in the image?	Yes, there is a woman in the	Yes
V: ['/content/data/coco/val2014/COCO_val2014_000000196053.jpg']	Is there a dog in the image?	No, there is no dog in the	No
V: ['/content/data/coco/val2014/COCO_val2014_000000196053.jpg']	Is there a sports ball in the image?	Yes, there is a sports ball in	Yes
V: ['/content/data/coco/val2014/COCO_val2014_000000196053.jpg']	Is there a train in the image?	No, there is no train in the	No
V: ['/content/data/coco/val2014/COCO_val2014_000000196053.jpg']	Is there a tennis racket in the image?	Yes, there is a tennis racket	Yes
V: ['/content/data/coco/val2014/COCO_val2014_000000196053.jpg']	Is there a skis in the image?	No, there are no skis in	No
V: ['/content/data/coco/val2014/COCO_val2014_000000156704.jpg']	Is there a person in the image?	Yes, there is a person in the	Yes
V: ['/content/data/coco/val2014/COCO_val2014_000000156704.jpg']	Is there a teddy bear in the image?	No, there is no teddy bear	No
V: ['/content/data/coco/val2014/COCO_val2014_000000156704.jpg']	Is there a surfboard in the image?	Yes, there is a surfboard	Yes
V: ['/content/data/coco/val2014/COCO_val2014_000000156704.jpg']	Is there a traffic light in the image?	No, there is no traffic light in	No
V: ['/content/data/coco/val2014/COCO_val2014_000000156704.jpg']	Is there an umbrella in the image?	Yes, there is an umbrella	Yes
V: ['/content/data/coco/val2014/COCO_val2014_000000156704.jpg']	Is there a broccoli in the image?	No, there is no broccoli	No
V: ['/content/data/coco/val2014/COCO_val2014_000000088507.jpg']	Is there a backpack in the image?	Yes, there is a backpack in	Yes
V: ['/content/data/coco/val2014/COCO_val2014_000000088507.jpg']	Is there a clock in the image?	No, there is no clock in the	No
V: ['/content/data/coco/val2014/COCO_val2014_000000088507.jpg']	Is there a person in the image?	Yes, there is a person in the	Yes
V: ['/content/data/coco/val2014/COCO_val2014_000000088507.jpg']	Is there a traffic light in the image?	No, there is no traffic light in	No
V: ['/content/data/coco/val2014/COCO_val2014_000000088507.jpg']	Is there an orange in the image?	No, there is no orange in the	Yes
V: ['/content/data/coco/val2014/COCO_val2014_000000088507.jpg']	Is there a bicycle in the image?	No, there is no bicycle	No
V: ['/content/data/coco/val2014/COCO_val2014_000000279499.jpg']	Is there a person in the image?	Yes, there is a person visible in	Yes
V: ['/content/data/coco/val2014/COCO_val2014_000000279499.jpg']	Is there a giraffe in the image?	No, there is no giraffe	No
V: ['/content/data/coco/val2014/COCO_val2014_000000279499.jpg']	Is there a bus in the image?	Yes, there is a bus in the	Yes
V: ['/content/data/coco/val2014/COCO_val2014_000000279499.jpg']	Is there a teddy bear in the image?	No, there is no teddy bear	No
V: ['/content/data/coco/val2014/COCO_val2014_000000279499.jpg']	Is there an umbrella in the image?	Yes, there is a Chinese umbre	Yes
V: ['/content/data/coco/val2014/COCO_val2014_000000279499.jpg']	Is there a scissors in the image?	No, there are no scissors	No
V: ['/content/data/coco/val2014/COCO_val2014_000000155131.jpg']	Is there a person in the image?	Yes, there is a person in the	Yes
V: ['/content/data/coco/val2014/COCO_val2014_000000155131.jpg']	Is there a spoon in the image?	No, there is no spoon in	No
V: ['/content/data/coco/val2014/COCO_val2014_000000155131.jpg']	Is there a sports ball in the image?	Yes, there is a sports ball in	Yes
V: ['/content/data/coco/val2014/COCO_val2014_000000155131.jpg']	Is there a toothbrush in the image?	No, there is no toothbr	No
V: ['/content/data/coco/val2014/COCO_val2014_000000155131.jpg']	Is there a tennis racket in the image?	Yes, there is a tennis racket	Yes
V: ['/content/data/coco/val2014/COCO_val2014_000000155131.jpg']	Is there a hot dog in the image?	No, there is no hot dog in	No
V: ['/content/data/coco/val2014/COCO_val2014_000000252135.jpg']	Is there a chair in the image?	Yes, there is a chair in the	Yes
V: ['/content/data/coco/val2014/COCO_val2014_000000252135.jpg']	Is there a potted plant in the image?	No, there is no potted plant	No
V: ['/content/data/coco/val2014/COCO_val2014_000000252135.jpg']	Is there a person in the image?	Yes, there is a person in the	Yes
V: ['/content/data/coco/val2014/COCO_val2014_000000252135.jpg']	Is there a baseball glove in the image?	No, there is no baseball glove	No
V: ['/content/data/coco/val2014/COCO_val2014_000000252135.jpg']	Is there a couch in the image?	Yes, there is a couch in	Yes
V: ['/content/data/coco/val2014/COCO_val2014_000000252135.jpg']	Is there a bicycle in the image?	No, there is no bicycle	No
V: ['/content/data/coco/val2014/COCO_val2014_000000501652.jpg']	Is there a chair in the image?	No, there is no chair in the	Yes
V: ['/content/data/coco/val2014/COCO_val2014_000000501652.jpg']	Is there a couch in the image?	No, there is no couch in	No
V: ['/content/data/coco/val2014/COCO_val2014_000000501652.jpg']	Is there a person in the image?	Yes, there is a person in the	Yes
V: ['/content/data/coco/val2014/COCO_val2014_000000501652.jpg']	Is there a keyboard in the image?	No, there is no keyboard in the	No
V: ['/content/data/coco/val2014/COCO_val2014_000000501652.jpg']	Is there a car in the image?	Yes, there is a car in the	Yes
V: ['/content/data/coco/val2014/COCO_val2014_000000501652.jpg']	Is there a clock in the image?	No, there is no clock in the	No
V: ['/content/data/coco/val2014/COCO_val2014_000000238691.jpg']	Is there a backpack in the image?	Yes, there is a backpack in	Yes
V: ['/content/data/coco/val2014/COCO_val2014_000000238691.jpg']	Is there a kite in the image?	No, there is no kite in	No
V: ['/content/data/coco/val2014/COCO_val2014_000000238691.jpg']	Is there a person in the image?	Yes, there is a person in the	Yes
V: ['/content/data/coco/val2014/COCO_val2014_000000238691.jpg']	Is there an elephant in the image?	No, there is no elephant	No
V: ['/content/data/coco/val2014/COCO_val2014_000000238691.jpg']	Is there a handbag in the image?	Yes, there is a handbag in	Yes
V: ['/content/data/coco/val2014/COCO_val2014_000000238691.jpg']	Is there a fork in the image?	No, there is no fork in the	No
V: ['/content/data/coco/val2014/COCO_val2014_000000332908.jpg']	Is there a bowl in the image?	Yes, there is a bowl in	Yes
V: ['/content/data/coco/val2014/COCO_val2014_000000332908.jpg']	Is there a sheep in the image?	No, there is no sheep in the	No
V: ['/content/data/coco/val2014/COCO_val2014_000000332908.jpg']	Is there a bottle in the image?	Yes, there is a bottle in	Yes
V: ['/content/data/coco/val2014/COCO_val2014_000000332908.jpg']	Is there a stop sign in the image?	No, there is no stop sign in	No
V: ['/content/data/coco/val2014/COCO_val2014_000000332908.jpg']	Is there an oven in the image?	Yes, there is a small oven	Yes
V: ['/content/data/coco/val2014/COCO_val2014_000000332908.jpg']	Is there a train in the image?	No, there is no train in the	No
V: ['/content/data/coco/val2014/COCO_val2014_000000372819.jpg']	Is there a dog in the image?	Yes, there is a dog in the	Yes
V: ['/content/data/coco/val2014/COCO_val2014_000000372819.jpg']	Is there a cat in the image?	No, there is no cat in the	No
V: ['/content/data/coco/val2014/COCO_val2014_000000372819.jpg']	Is there a person in the image?	Yes, there is a person in the	Yes
V: ['/content/data/coco/val2014/COCO_val2014_000000372819.jpg']	Is there an oven in the image?	No, there is no oven in	No
V: ['/content/data/coco/val2014/COCO_val2014_000000372819.jpg']	Is there a bench in the image?	Yes, there is a bench in	Yes
V: ['/content/data/coco/val2014/COCO_val2014_000000372819.jpg']	Is there a keyboard in the image?	No, there is no keyboard in the	No
V: ['/content/data/coco/val2014/COCO_val2014_000000470699.jpg']	Is there a dog in the image?	Yes, there is a dog in the	Yes
V: ['/content/data/coco/val2014/COCO_val2014_000000470699.jpg']	Is there an orange in the image?	No, there is no orange in the	No
V: ['/content/data/coco/val2014/COCO_val2014_000000470699.jpg']	Is there a person in the image?	Yes, there is a person in the	Yes
V: ['/content/data/coco/val2014/COCO_val2014_000000470699.jpg']	Is there an airplane in the image?	No, there is no airplane in	No
V: ['/content/data/coco/val2014/COCO_val2014_000000470699.jpg']	Is there a surfboard in the image?	Yes, there is a surfboard	Yes
V: ['/content/data/coco/val2014/COCO_val2014_000000470699.jpg']	Is there a bicycle in the image?	No, there is no bicycle	No
V: ['/content/data/coco/val2014/COCO_val2014_000000023084.jpg']	Is there a person in the image?	Yes, there is a person in the	Yes
V: ['/content/data/coco/val2014/COCO_val2014_000000023084.jpg']	Is there a wine glass in the image?	No, there is no wine glass in	No
V: ['/content/data/coco/val2014/COCO_val2014_000000023084.jpg']	Is there a sports ball in the image?	Yes, there is a sports ball in	Yes
V: ['/content/data/coco/val2014/COCO_val2014_000000023084.jpg']	Is there a horse in the image?	No, there is no horse in the	No
V: ['/content/data/coco/val2014/COCO_val2014_000000023084.jpg']	Is there a tennis racket in the image?	Yes, there is a tennis racket	Yes
V: ['/content/data/coco/val2014/COCO_val2014_000000023084.jpg']	Is there a backpack in the image?	No, there is no backpack in	No
V: ['/content/data/coco/val2014/COCO_val2014_000000545353.jpg']	Is there a pizza in the image?	Yes, there is a pizza in	Yes
V: ['/content/data/coco/val2014/COCO_val2014_000000545353.jpg']	Is there a toilet in the image?	No, there is no toilet	No
V: ['/content/data/coco/val2014/COCO_val2014_000000545353.jpg']	Is there a person in the image?	Yes, there is a person in the	Yes
V: ['/content/data/coco/val2014/COCO_val2014_000000545353.jpg']	Is there a cup in the image?	Yes, there is a cup in the	No
V: ['/content/data/coco/val2014/COCO_val2014_000000545353.jpg']	Is there a sink in the image?	Yes, there is a sink in the	Yes
V: ['/content/data/coco/val2014/COCO_val2014_000000545353.jpg']	Is there a stop sign in the image?	No, there is no stop sign in	No
V: ['/content/data/coco/val2014/COCO_val2014_000000394535.jpg']	Is there a backpack in the image?	Yes, there is a backpack in	Yes
V: ['/content/data/coco/val2014/COCO_val2014_000000394535.jpg']	Is there a bench in the image?	No, there is no bench in	No
V: ['/content/data/coco/val2014/COCO_val2014_000000394535.jpg']	Is there a person in the image?	Yes, there is a person in the	Yes
V: ['/content/data/coco/val2014/COCO_val2014_000000394535.jpg']	Is there a wine glass in the image?	No, there is no wine glass in	No
V: ['/content/data/coco/val2014/COCO_val2014_000000394535.jpg']	Is there a handbag in the image?	Yes, there is a handbag in	Yes
V: ['/content/data/coco/val2014/COCO_val2014_000000394535.jpg']	Is there a donut in the image?	No, there is no donut in	No
V: ['/content/data/coco/val2014/COCO_val2014_000000579415.jpg']	Is there a traffic light in the image?	Yes, there is a traffic light in	Yes
V: ['/content/data/coco/val2014/COCO_val2014_000000579415.jpg']	Is there a boat in the image?	No, there is no boat in the	No
V: ['/content/data/coco/val2014/COCO_val2014_000000579415.jpg']	Is there a person in the image?	Yes, there is a person in the	Yes
V: ['/content/data/coco/val2014/COCO_val2014_000000579415.jpg']	Is there a kite in the image?	No, there is no kite in	No
V: ['/content/data/coco/val2014/COCO_val2014_000000579415.jpg']	Is there a handbag in the image?	Yes, there is a handbag in	Yes
V: ['/content/data/coco/val2014/COCO_val2014_000000579415.jpg']	Is there a teddy bear in the image?	No, there is no teddy bear	No
V: ['/content/data/coco/val2014/COCO_val2014_000000233521.jpg']	Is there a person in the image?	Yes, there is a person in the	Yes
V: ['/content/data/coco/val2014/COCO_val2014_000000233521.jpg']	Is there a baseball glove in the image?	No, there is no baseball glove	No
V: ['/content/data/coco/val2014/COCO_val2014_000000233521.jpg']	Is there a couch in the image?	Yes, there is a couch in	Yes
V: ['/content/data/coco/val2014/COCO_val2014_000000233521.jpg']	Is there a sheep in the image?	Yes, there is a stuffed sheep	No
V: ['/content/data/coco/val2014/COCO_val2014_000000233521.jpg']	Is there a bottle in the image?	Yes, there is a bottle in	Yes
V: ['/content/data/coco/val2014/COCO_val2014_000000233521.jpg']	Is there a tie in the image?	Yes, there is a tie in the	No
V: ['/content/data/coco/val2014/COCO_val2014_000000355256.jpg']	Is there a person in the image?	Yes, there is a man in the	Yes
V: ['/content/data/coco/val2014/COCO_val2014_000000355256.jpg']	Is there a wine glass in the image?	Yes, there is a wine glass in	No
V: ['/content/data/coco/val2014/COCO_val2014_000000355256.jpg']	Is there a bottle in the image?	Yes, there is a bottle in	Yes
V: ['/content/data/coco/val2014/COCO_val2014_000000355256.jpg']	Is there a knife in the image?	No, there is no knife in	No
V: ['/content/data/coco/val2014/COCO_val2014_000000355256.jpg']	Is there a chair in the image?	No, there is no chair in the	Yes
V: ['/content/data/coco/val2014/COCO_val2014_000000355256.jpg']	Is there a clock in the image?	Yes, there is a clock in the	No
V: ['/content/data/coco/val2014/COCO_val2014_000000304819.jpg']	Is there a tv in the image?	Yes, there is a television in the	Yes
V: ['/content/data/coco/val2014/COCO_val2014_000000304819.jpg']	Is there a person in the image?	Yes, there is a person in the	No
V: ['/content/data/coco/val2014/COCO_val2014_000000304819.jpg']	Is there a cat in the image?	Yes, there is a cat in the	Yes
V: ['/content/data/coco/val2014/COCO_val2014_000000304819.jpg']	Is there a skis in the image?	No, there are no skis in	No
V: ['/content/data/coco/val2014/COCO_val2014_000000304819.jpg']	Is there a laptop in the image?	Yes, there is a laptop in the	Yes
V: ['/content/data/coco/val2014/COCO_val2014_000000304819.jpg']	Is there a tennis racket in the image?	No, there is no tennis racket	No
V: ['/content/data/coco/val2014/COCO_val2014_000000240434.jpg']	Is there a clock in the image?	Yes, there is a clock in the	Yes
V: ['/content/data/coco/val2014/COCO_val2014_000000240434.jpg']	Is there a spoon in the image?	Yes, there is a spoon in	No
V: ['/content/data/coco/val2014/COCO_val2014_000000240434.jpg']	Is there a person in the image?	No, there is no person in the	Yes
V: ['/content/data/coco/val2014/COCO_val2014_000000240434.jpg']	Is there a sports ball in the image?	Yes, there is a sports ball in	No
V: ['/content/data/coco/val2014/COCO_val2014_000000240434.jpg']	Is there a remote in the image?	Yes, there is a remote in the	Yes
V: ['/content/data/coco/val2014/COCO_val2014_000000240434.jpg']	Is there a fork in the image?	Yes, there is a fork in the	No
V: ['/content/data/coco/val2014/COCO_val2014_000000199940.jpg']	Is there a backpack in the image?	No, there is no backpack in	Yes
V: ['/content/data/coco/val2014/COCO_val2014_000000199940.jpg']	Is there a traffic light in the image?	No, there is no traffic light in	No
V: ['/content/data/coco/val2014/COCO_val2014_000000199940.jpg']	Is there a bowl in the image?	Yes, there is a bowl in	Yes
V: ['/content/data/coco/val2014/COCO_val2014_000000199940.jpg']	Is there a frisbee in the image?	No, there is no frisbe	No
V: ['/content/data/coco/val2014/COCO_val2014_000000199940.jpg']	Is there a bottle in the image?	Yes, there is a bottle in	Yes
V: ['/content/data/coco/val2014/COCO_val2014_000000199940.jpg']	Is there an orange in the image?	No, there is no orange in the	No
V: ['/content/data/coco/val2014/COCO_val2014_000000549390.jpg']	Is there a backpack in the image?	Yes, there is a backpack in	Yes
V: ['/content/data/coco/val2014/COCO_val2014_000000549390.jpg']	Is there a sheep in the image?	No, there is no sheep in the	No
V: ['/content/data/coco/val2014/COCO_val2014_000000549390.jpg']	Is there a person in the image?	Yes, there is a person in the	Yes
V: ['/content/data/coco/val2014/COCO_val2014_000000549390.jpg']	Is there a motorcycle in the image?	No, there is no motorcycle in	No
V: ['/content/data/coco/val2014/COCO_val2014_000000549390.jpg']	Is there a bicycle in the image?	Yes, there is a bicycle	Yes
V: ['/content/data/coco/val2014/COCO_val2014_000000549390.jpg']	Is there an oven in the image?	No, there is no oven in	No
V: ['/content/data/coco/val2014/COCO_val2014_000000235541.jpg']	Is there a giraffe in the image?	No, there is no giraffe	Yes
V: ['/content/data/coco/val2014/COCO_val2014_000000235541.jpg']	Is there a toilet in the image?	No, there is no toilet	No
V: ['/content/data/coco/val2014/COCO_val2014_000000235541.jpg']	Is there a person in the image?	Yes, there is a person in the	Yes
V: ['/content/data/coco/val2014/COCO_val2014_000000235541.jpg']	Is there a baseball bat in the image?	No, there is no baseball bat in	No
V: ['/content/data/coco/val2014/COCO_val2014_000000235541.jpg']	Is there a tie in the image?	Yes, there is a tie in the	Yes
V: ['/content/data/coco/val2014/COCO_val2014_000000235541.jpg']	Is there a bed in the image?	No, there is no bed in the	No
V: ['/content/data/coco/val2014/COCO_val2014_000000068418.jpg']	Is there a tv in the image?	No, there is no TV in the	Yes
V: ['/content/data/coco/val2014/COCO_val2014_000000068418.jpg']	Is there a parking meter in the image?	No, there is no parking meter	No
V: ['/content/data/coco/val2014/COCO_val2014_000000068418.jpg']	Is there a mouse in the image?	Yes, there is a white mouse in	Yes
V: ['/content/data/coco/val2014/COCO_val2014_000000068418.jpg']	Is there a skateboard in the image?	No, there is no skateboard	No
V: ['/content/data/coco/val2014/COCO_val2014_000000068418.jpg']	Is there a laptop in the image?	Yes, there is a laptop in the	Yes
V: ['/content/data/coco/val2014/COCO_val2014_000000068418.jpg']	Is there an umbrella in the image?	No, there is no umbrella	No
V: ['/content/data/coco/val2014/COCO_val2014_000000368541.jpg']	Is there a backpack in the image?	Yes, there is a backpack in	Yes
V: ['/content/data/coco/val2014/COCO_val2014_000000368541.jpg']	Is there a fork in the image?	No, there is no fork in the	No
V: ['/content/data/coco/val2014/COCO_val2014_000000368541.jpg']	Is there a truck in the image?	Yes, there is a truck in	Yes
V: ['/content/data/coco/val2014/COCO_val2014_000000368541.jpg']	Is there a spoon in the image?	No, there is no spoon in	No
V: ['/content/data/coco/val2014/COCO_val2014_000000368541.jpg']	Is there a person in the image?	Yes, there is a person in the	Yes
V: ['/content/data/coco/val2014/COCO_val2014_000000368541.jpg']	Is there a chair in the image?	No, there is no chair in the	No
V: ['/content/data/coco/val2014/COCO_val2014_000000006033.jpg']	Is there a person in the image?	Yes, there is a person in the	Yes
V: ['/content/data/coco/val2014/COCO_val2014_000000006033.jpg']	Is there a bear in the image?	No, there is no bear in the	No
V: ['/content/data/coco/val2014/COCO_val2014_000000006033.jpg']	Is there a suitcase in the image?	Yes, there is a suitcase in	Yes
V: ['/content/data/coco/val2014/COCO_val2014_000000006033.jpg']	Is there a cake in the image?	No, there is no cake in	No
V: ['/content/data/coco/val2014/COCO_val2014_000000006033.jpg']	Is there a bus in the image?	Yes, there is a bus in the	Yes
V: ['/content/data/coco/val2014/COCO_val2014_000000006033.jpg']	Is there a car in the image?	Yes, there is a car in the	No
V: ['/content/data/coco/val2014/COCO_val2014_000000021327.jpg']	Is there a tv in the image?	Yes, there is a television in the	Yes
V: ['/content/data/coco/val2014/COCO_val2014_000000021327.jpg']	Is there a traffic light in the image?	No, there is no traffic light in	No
V: ['/content/data/coco/val2014/COCO_val2014_000000021327.jpg']	Is there a pizza in the image?	Yes, there is a pizza in	Yes
V: ['/content/data/coco/val2014/COCO_val2014_000000021327.jpg']	Is there a banana in the image?	No, there is no banana in	No
V: ['/content/data/coco/val2014/COCO_val2014_000000021327.jpg']	Is there a dining table in the image?	Yes, there is a dining table	Yes
V: ['/content/data/coco/val2014/COCO_val2014_000000021327.jpg']	Is there a boat in the image?	No, there is no boat in the	No
V: ['/content/data/coco/val2014/COCO_val2014_000000390157.jpg']	Is there a wine glass in the image?	Yes, there is a wine glass in	Yes
V: ['/content/data/coco/val2014/COCO_val2014_000000390157.jpg']	Is there a toothbrush in the image?	No, there is no toothbr	No
V: ['/content/data/coco/val2014/COCO_val2014_000000390157.jpg']	Is there a person in the image?	Yes, there is a person in the	Yes
V: ['/content/data/coco/val2014/COCO_val2014_000000390157.jpg']	Is there a bowl in the image?	Yes, there is a bowl in	No
V: ['/content/data/coco/val2014/COCO_val2014_000000390157.jpg']	Is there a bottle in the image?	Yes, there is a bottle of	Yes
V: ['/content/data/coco/val2014/COCO_val2014_000000390157.jpg']	Is there a fire hydrant in the image?	No, there is no fire hydrant	No
V: ['/content/data/coco/val2014/COCO_val2014_000000298633.jpg']	Is there a person in the image?	Yes, there is a person in the	Yes
V: ['/content/data/coco/val2014/COCO_val2014_000000298633.jpg']	Is there a bench in the image?	Yes, there is a bench in	No
V: ['/content/data/coco/val2014/COCO_val2014_000000298633.jpg']	Is there a sports ball in the image?	Yes, there is a sports ball in	Yes
V: ['/content/data/coco/val2014/COCO_val2014_000000298633.jpg']	Is there a sink in the image?	No, there is no sink in the	No
V: ['/content/data/coco/val2014/COCO_val2014_000000298633.jpg']	Is there a tennis racket in the image?	Yes, there is a tennis racket	Yes
V: ['/content/data/coco/val2014/COCO_val2014_000000298633.jpg']	Is there a toothbrush in the image?	No, there is no toothbr	No
V: ['/content/data/coco/val2014/COCO_val2014_000000579277.jpg']	Is there a person in the image?	Yes, there is a person in the	Yes
V: ['/content/data/coco/val2014/COCO_val2014_000000579277.jpg']	Is there a clock in the image?	Yes, there is a clock in the	No
V: ['/content/data/coco/val2014/COCO_val2014_000000579277.jpg']	Is there a motorcycle in the image?	Yes, there is a motorcycle in	Yes
V: ['/content/data/coco/val2014/COCO_val2014_000000579277.jpg']	Is there a cell phone in the image?	Yes, there is a cell phone in	No
V: ['/content/data/coco/val2014/COCO_val2014_000000579277.jpg']	Is there a carrot in the image?	Yes, there are multiple carrots	Yes
V: ['/content/data/coco/val2014/COCO_val2014_000000579277.jpg']	Is there a surfboard in the image?	No, there is no surfboard	No
V: ['/content/data/coco/val2014/COCO_val2014_000000042685.jpg']	Is there a person in the image?	Yes, there is a group of people	Yes
V: ['/content/data/coco/val2014/COCO_val2014_000000042685.jpg']	Is there a bicycle in the image?	No, there is no bicycle	No
V: ['/content/data/coco/val2014/COCO_val2014_000000042685.jpg']	Is there a bowl in the image?	Yes, there is a bowl in	Yes
V: ['/content/data/coco/val2014/COCO_val2014_000000042685.jpg']	Is there a baseball bat in the image?	No, there is no baseball bat in	No
V: ['/content/data/coco/val2014/COCO_val2014_000000042685.jpg']	Is there a pizza in the image?	Yes, there is a large pizza	Yes
V: ['/content/data/coco/val2014/COCO_val2014_000000042685.jpg']	Is there a teddy bear in the image?	No, there is no teddy bear	No
V: ['/content/data/coco/val2014/COCO_val2014_000000553992.jpg']	Is there a tv in the image?	Yes, there is a TV in the	Yes
V: ['/content/data/coco/val2014/COCO_val2014_000000553992.jpg']	Is there a book in the image?	No, there is no book in the	No
V: ['/content/data/coco/val2014/COCO_val2014_000000553992.jpg']	Is there a person in the image?	Yes, there is a man in the	Yes
V: ['/content/data/coco/val2014/COCO_val2014_000000553992.jpg']	Is there a mouse in the image?	No, there is no mouse in the	No
V: ['/content/data/coco/val2014/COCO_val2014_000000553992.jpg']	Is there a remote in the image?	Yes, there is a remote in the	Yes
V: ['/content/data/coco/val2014/COCO_val2014_000000553992.jpg']	Is there a motorcycle in the image?	No, there is no motorcycle in	No
V: ['/content/data/coco/val2014/COCO_val2014_000000243158.jpg']	Is there a vase in the image?	Yes, there is a vase in	Yes
V: ['/content/data/coco/val2014/COCO_val2014_000000243158.jpg']	Is there a tv in the image?	No, there is no TV in the	No
V: ['/content/data/coco/val2014/COCO_val2014_000000243158.jpg']	Is there a couch in the image?	Yes, there is a couch in	Yes
V: ['/content/data/coco/val2014/COCO_val2014_000000243158.jpg']	Is there a wine glass in the image?	Yes, there is a wine glass in	No
V: ['/content/data/coco/val2014/COCO_val2014_000000243158.jpg']	Is there a bottle in the image?	Yes, there is a bottle in	Yes
V: ['/content/data/coco/val2014/COCO_val2014_000000243158.jpg']	Is there a truck in the image?	No, there is no truck in	No
V: ['/content/data/coco/val2014/COCO_val2014_000000303971.jpg']	Is there a tv in the image?	Yes, there is a television in the	Yes
V: ['/content/data/coco/val2014/COCO_val2014_000000303971.jpg']	Is there a knife in the image?	No, there is no knife in	No
V: ['/content/data/coco/val2014/COCO_val2014_000000303971.jpg']	Is there a person in the image?	Yes, there is a person in the	Yes
V: ['/content/data/coco/val2014/COCO_val2014_000000303971.jpg']	Is there a couch in the image?	No, there is no couch in	No
V: ['/content/data/coco/val2014/COCO_val2014_000000303971.jpg']	Is there a remote in the image?	Yes, there is a remote in the	Yes
V: ['/content/data/coco/val2014/COCO_val2014_000000303971.jpg']	Is there a sports ball in the image?	No, there is no sports ball in	No
V: ['/content/data/coco/val2014/COCO_val2014_000000405762.jpg']	Is there a car in the image?	Yes, there is a car in the	Yes
V: ['/content/data/coco/val2014/COCO_val2014_000000405762.jpg']	Is there a book in the image?	No, there is no book in the	No
V: ['/content/data/coco/val2014/COCO_val2014_000000405762.jpg']	Is there a truck in the image?	Yes, there is a truck in	Yes
V: ['/content/data/coco/val2014/COCO_val2014_000000405762.jpg']	Is there a snowboard in the image?	No, there is no snowboard in	No
V: ['/content/data/coco/val2014/COCO_val2014_000000405762.jpg']	Is there a sports ball in the image?	Yes, there is a sports ball in	Yes
V: ['/content/data/coco/val2014/COCO_val2014_000000405762.jpg']	Is there a refrigerator in the image?	Yes, there is a refriger	No
V: ['/content/data/coco/val2014/COCO_val2014_000000343967.jpg']	Is there a clock in the image?	Yes, there is a clock in the	Yes
V: ['/content/data/coco/val2014/COCO_val2014_000000343967.jpg']	Is there a kite in the image?	No, there is no kite in	No
V: ['/content/data/coco/val2014/COCO_val2014_000000343967.jpg']	Is there a couch in the image?	Yes, there is a couch in	Yes
V: ['/content/data/coco/val2014/COCO_val2014_000000343967.jpg']	Is there a book in the image?	Yes, there is a book in the	No
V: ['/content/data/coco/val2014/COCO_val2014_000000343967.jpg']	Is there a potted plant in the image?	Yes, there is a potted plant	Yes
V: ['/content/data/coco/val2014/COCO_val2014_000000343967.jpg']	Is there a scissors in the image?	Yes, there is a pair of sc	No
V: ['/content/data/coco/val2014/COCO_val2014_000000477598.jpg']	Is there a dog in the image?	Yes, there is a dog in the	Yes
V: ['/content/data/coco/val2014/COCO_val2014_000000477598.jpg']	Is there a zebra in the image?	No, there is no zebra	No
V: ['/content/data/coco/val2014/COCO_val2014_000000477598.jpg']	Is there a person in the image?	Yes, there is a person in the	Yes
V: ['/content/data/coco/val2014/COCO_val2014_000000477598.jpg']	Is there a tv in the image?	No, there is no TV in the	No
V: ['/content/data/coco/val2014/COCO_val2014_000000477598.jpg']	Is there a frisbee in the image?	Yes, there is a frisbe	Yes
V: ['/content/data/coco/val2014/COCO_val2014_000000477598.jpg']	Is there a toothbrush in the image?	No, there is no toothbr	No
V: ['/content/data/coco/val2014/COCO_val2014_000000044993.jpg']	Is there a banana in the image?	Yes, there is a banana in	Yes
V: ['/content/data/coco/val2014/COCO_val2014_000000044993.jpg']	Is there an umbrella in the image?	No, there is no umbrella	No
V: ['/content/data/coco/val2014/COCO_val2014_000000044993.jpg']	Is there a bowl in the image?	Yes, there is a bowl in	Yes
V: ['/content/data/coco/val2014/COCO_val2014_000000044993.jpg']	Is there a spoon in the image?	No, there is no spoon in	No
V: ['/content/data/coco/val2014/COCO_val2014_000000044993.jpg']	Is there an orange in the image?	Yes, there is an orange in the	Yes
V: ['/content/data/coco/val2014/COCO_val2014_000000044993.jpg']	Is there a pizza in the image?	No, there is no pizza in	No
V: ['/content/data/coco/val2014/COCO_val2014_000000381195.jpg']	Is there a bowl in the image?	Yes, there is a bowl in	Yes
V: ['/content/data/coco/val2014/COCO_val2014_000000381195.jpg']	Is there a stop sign in the image?	No, there is no stop sign in	No
V: ['/content/data/coco/val2014/COCO_val2014_000000381195.jpg']	Is there a broccoli in the image?	Yes, there is a broccoli	Yes
V: ['/content/data/coco/val2014/COCO_val2014_000000381195.jpg']	Is there a baseball glove in the image?	No, there is no baseball glove	No
V: ['/content/data/coco/val2014/COCO_val2014_000000381195.jpg']	Is there a dining table in the image?	Yes, there is a dining table	Yes
V: ['/content/data/coco/val2014/COCO_val2014_000000381195.jpg']	Is there a fire hydrant in the image?	No, there is no fire hydrant	No
V: ['/content/data/coco/val2014/COCO_val2014_000000337502.jpg']	Is there a pizza in the image?	Yes, there is a pizza in	Yes
V: ['/content/data/coco/val2014/COCO_val2014_000000337502.jpg']	Is there a motorcycle in the image?	No, there is no motorcycle in	No
V: ['/content/data/coco/val2014/COCO_val2014_000000337502.jpg']	Is there a broccoli in the image?	Yes, there is a broccoli	Yes
V: ['/content/data/coco/val2014/COCO_val2014_000000337502.jpg']	Is there a baseball glove in the image?	No, there is no baseball glove	No
V: ['/content/data/coco/val2014/COCO_val2014_000000337502.jpg']	Is there an oven in the image?	Yes, there is an oven in	Yes
V: ['/content/data/coco/val2014/COCO_val2014_000000337502.jpg']	Is there a sink in the image?	Yes, there is a sink in the	No
V: ['/content/data/coco/val2014/COCO_val2014_000000325347.jpg']	Is there a backpack in the image?	Yes, there is a backpack in	Yes
V: ['/content/data/coco/val2014/COCO_val2014_000000325347.jpg']	Is there a microwave in the image?	No, there is no microwave	No
V: ['/content/data/coco/val2014/COCO_val2014_000000325347.jpg']	Is there a person in the image?	Yes, there is a man in the	Yes
V: ['/content/data/coco/val2014/COCO_val2014_000000325347.jpg']	Is there a baseball glove in the image?	No, there is no baseball glove	No
V: ['/content/data/coco/val2014/COCO_val2014_000000325347.jpg']	Is there a sports ball in the image?	Yes, there is a sports ball in	Yes
V: ['/content/data/coco/val2014/COCO_val2014_000000325347.jpg']	Is there a toilet in the image?	No, there is no toilet	No
V: ['/content/data/coco/val2014/COCO_val2014_000000256906.jpg']	Is there a traffic light in the image?	Yes, there is a traffic light in	Yes
V: ['/content/data/coco/val2014/COCO_val2014_000000256906.jpg']	Is there a couch in the image?	No, there is no couch in	No
V: ['/content/data/coco/val2014/COCO_val2014_000000256906.jpg']	Is there a person in the image?	Yes, there is a person in the	Yes
V: ['/content/data/coco/val2014/COCO_val2014_000000256906.jpg']	Is there a book in the image?	No, there is no book in the	No
V: ['/content/data/coco/val2014/COCO_val2014_000000256906.jpg']	Is there a truck in the image?	Yes, there is a large red double	Yes
V: ['/content/data/coco/val2014/COCO_val2014_000000256906.jpg']	Is there a cell phone in the image?	Yes, there is a cell phone in	No
V: ['/content/data/coco/val2014/COCO_val2014_000000061507.jpg']	Is there a person in the image?	Yes, there is a person in the	Yes
V: ['/content/data/coco/val2014/COCO_val2014_000000061507.jpg']	Is there a fork in the image?	No, there is no fork in the	No
V: ['/content/data/coco/val2014/COCO_val2014_000000061507.jpg']	Is there a bicycle in the image?	Yes, there is a bicycle	Yes
V: ['/content/data/coco/val2014/COCO_val2014_000000061507.jpg']	Is there a laptop in the image?	No, there is no laptop in the	No
V: ['/content/data/coco/val2014/COCO_val2014_000000061507.jpg']	Is there a suitcase in the image?	Yes, there is a suitcase in	Yes
V: ['/content/data/coco/val2014/COCO_val2014_000000061507.jpg']	Is there a carrot in the image?	No, there is no carrot in	No
V: ['/content/data/coco/val2014/COCO_val2014_000000084410.jpg']	Is there a vase in the image?	Yes, there is a vase in	Yes
V: ['/content/data/coco/val2014/COCO_val2014_000000084410.jpg']	Is there a cell phone in the image?	No, there is no cell phone in	No
V: ['/content/data/coco/val2014/COCO_val2014_000000084410.jpg']	Is there a wine glass in the image?	Yes, there is a wine glass in	Yes
V: ['/content/data/coco/val2014/COCO_val2014_000000084410.jpg']	Is there a handbag in the image?	No, there is no handbag in	No
V: ['/content/data/coco/val2014/COCO_val2014_000000084410.jpg']	Is there a cup in the image?	Yes, there is a cup in the	Yes
V: ['/content/data/coco/val2014/COCO_val2014_000000084410.jpg']	Is there a toaster in the image?	Yes, there is a toaster in	No
V: ['/content/data/coco/val2014/COCO_val2014_000000288576.jpg']	Is there a person in the image?	Yes, there is a person in the	Yes
V: ['/content/data/coco/val2014/COCO_val2014_000000288576.jpg']	Is there a spoon in the image?	No, there is no spoon in	No
V: ['/content/data/coco/val2014/COCO_val2014_000000288576.jpg']	Is there a bicycle in the image?	Yes, there is a bicycle	Yes
V: ['/content/data/coco/val2014/COCO_val2014_000000288576.jpg']	Is there a parking meter in the image?	No, there is no parking meter	No
V: ['/content/data/coco/val2014/COCO_val2014_000000288576.jpg']	Is there a frisbee in the image?	Yes, there is a frisbe	Yes
V: ['/content/data/coco/val2014/COCO_val2014_000000288576.jpg']	Is there a skateboard in the image?	Yes, there is a skateboard	No
V: ['/content/data/coco/val2014/COCO_val2014_000000328301.jpg']	Is there a car in the image?	Yes, there is a car in the	Yes
V: ['/content/data/coco/val2014/COCO_val2014_000000328301.jpg']	Is there a baseball bat in the image?	No, there is no baseball bat in	No
V: ['/content/data/coco/val2014/COCO_val2014_000000328301.jpg']	Is there a boat in the image?	Yes, there is a boat in the	Yes
V: ['/content/data/coco/val2014/COCO_val2014_000000328301.jpg']	Is there a bird in the image?	No, there is no bird in the	No
V: ['/content/data/coco/val2014/COCO_val2014_000000328301.jpg']	Is there a fire hydrant in the image?	No, there is no fire hydrant	Yes
V: ['/content/data/coco/val2014/COCO_val2014_000000328301.jpg']	Is there a toaster in the image?	No, there is no toaster in	No
V: ['/content/data/coco/val2014/COCO_val2014_000000307262.jpg']	Is there a bowl in the image?	Yes, there is a bowl in	Yes
V: ['/content/data/coco/val2014/COCO_val2014_000000307262.jpg']	Is there a carrot in the image?	No, there is no carrot in	No
V: ['/content/data/coco/val2014/COCO_val2014_000000307262.jpg']	Is there a fork in the image?	No, there is no fork in the	Yes
V: ['/content/data/coco/val2014/COCO_val2014_000000307262.jpg']	Is there a train in the image?	No, there is no train in the	No
V: ['/content/data/coco/val2014/COCO_val2014_000000307262.jpg']	Is there a bottle in the image?	Yes, there is a bottle in	Yes
V: ['/content/data/coco/val2014/COCO_val2014_000000307262.jpg']	Is there a backpack in the image?	No, there is no backpack in	No
V: ['/content/data/coco/val2014/COCO_val2014_000000573796.jpg']	Is there a knife in the image?	Yes, there is a knife in	Yes
V: ['/content/data/coco/val2014/COCO_val2014_000000573796.jpg']	Is there a bicycle in the image?	No, there is no bicycle	No
V: ['/content/data/coco/val2014/COCO_val2014_000000573796.jpg']	Is there an apple in the image?	Yes, there is an apple in the	Yes
V: ['/content/data/coco/val2014/COCO_val2014_000000573796.jpg']	Is there a cat in the image?	No, there is no cat in the	No
V: ['/content/data/coco/val2014/COCO_val2014_000000573796.jpg']	Is there a dining table in the image?	No, there is no dining table	Yes
V: ['/content/data/coco/val2014/COCO_val2014_000000573796.jpg']	Is there an elephant in the image?	No, there is no elephant	No
V: ['/content/data/coco/val2014/COCO_val2014_000000154846.jpg']	Is there a pizza in the image?	Yes, there is a pizza in	Yes
V: ['/content/data/coco/val2014/COCO_val2014_000000154846.jpg']	Is there a skis in the image?	No, there are no skis in	No
V: ['/content/data/coco/val2014/COCO_val2014_000000154846.jpg']	Is there a person in the image?	Yes, there is a person in the	Yes
V: ['/content/data/coco/val2014/COCO_val2014_000000154846.jpg']	Is there a bed in the image?	No, there is no bed in the	No
V: ['/content/data/coco/val2014/COCO_val2014_000000154846.jpg']	Is there a dining table in the image?	Yes, there is a dining table	Yes
V: ['/content/data/coco/val2014/COCO_val2014_000000154846.jpg']	Is there a wine glass in the image?	No, there is no wine glass in	No
V: ['/content/data/coco/val2014/COCO_val2014_000000472375.jpg']	Is there a dog in the image?	Yes, there is a dog in the	Yes
V: ['/content/data/coco/val2014/COCO_val2014_000000472375.jpg']	Is there a giraffe in the image?	No, there is no giraffe	No
V: ['/content/data/coco/val2014/COCO_val2014_000000472375.jpg']	Is there a motorcycle in the image?	Yes, there is a motorcycle in	Yes
V: ['/content/data/coco/val2014/COCO_val2014_000000472375.jpg']	Is there a bowl in the image?	Yes, there is a bowl in	No
V: ['/content/data/coco/val2014/COCO_val2014_000000472375.jpg']	Is there a cup in the image?	Yes, there is a cup on the	Yes
V: ['/content/data/coco/val2014/COCO_val2014_000000472375.jpg']	Is there an oven in the image?	No, there is no oven in	No
V: ['/content/data/coco/val2014/COCO_val2014_000000446651.jpg']	Is there a person in the image?	Yes, there is a person in the	Yes
V: ['/content/data/coco/val2014/COCO_val2014_000000446651.jpg']	Is there a parking meter in the image?	Yes, there is a parking meter	No
V: ['/content/data/coco/val2014/COCO_val2014_000000446651.jpg']	Is there a motorcycle in the image?	Yes, there is a motorcycle in	Yes
V: ['/content/data/coco/val2014/COCO_val2014_000000446651.jpg']	Is there a snowboard in the image?	No, there is no snowboard in	No
V: ['/content/data/coco/val2014/COCO_val2014_000000446651.jpg']	Is there a car in the image?	Yes, there is a car in the	Yes
V: ['/content/data/coco/val2014/COCO_val2014_000000446651.jpg']	Is there a zebra in the image?	No, there is no zebra	No
V: ['/content/data/coco/val2014/COCO_val2014_000000267684.jpg']	Is there a backpack in the image?	Yes, there is a backpack in	Yes
V: ['/content/data/coco/val2014/COCO_val2014_000000267684.jpg']	Is there a baseball bat in the image?	No, there is no baseball bat in	No
V: ['/content/data/coco/val2014/COCO_val2014_000000267684.jpg']	Is there a person in the image?	Yes, there is a person in the	Yes
V: ['/content/data/coco/val2014/COCO_val2014_000000267684.jpg']	Is there a mouse in the image?	No, there is no mouse in the	No
V: ['/content/data/coco/val2014/COCO_val2014_000000267684.jpg']	Is there a skis in the image?	Yes, there are skis in the	Yes
V: ['/content/data/coco/val2014/COCO_val2014_000000267684.jpg']	Is there a carrot in the image?	No, there is no carrot in	No
V: ['/content/data/coco/val2014/COCO_val2014_000000238029.jpg']	Is there a person in the image?	No, there is no person in the	Yes
V: ['/content/data/coco/val2014/COCO_val2014_000000238029.jpg']	Is there a refrigerator in the image?	No, there is no refriger	No
V: ['/content/data/coco/val2014/COCO_val2014_000000238029.jpg']	Is there a wine glass in the image?	Yes, there is a wine glass in	Yes
V: ['/content/data/coco/val2014/COCO_val2014_000000238029.jpg']	Is there an orange in the image?	Yes, there is an orange in the	No
V: ['/content/data/coco/val2014/COCO_val2014_000000238029.jpg']	Is there a fork in the image?	No, there is no fork in the	Yes
V: ['/content/data/coco/val2014/COCO_val2014_000000238029.jpg']	Is there a bowl in the image?	Yes, there is a bowl in	No
V: ['/content/data/coco/val2014/COCO_val2014_000000294475.jpg']	Is there a potted plant in the image?	Yes, there is a potted plant	Yes
V: ['/content/data/coco/val2014/COCO_val2014_000000294475.jpg']	Is there a handbag in the image?	Yes, there is a handbag in	No
V: ['/content/data/coco/val2014/COCO_val2014_000000294475.jpg']	Is there a bottle in the image?	Yes, there is a bottle in	Yes
V: ['/content/data/coco/val2014/COCO_val2014_000000294475.jpg']	Is there a baseball bat in the image?	No, there is no baseball bat in	No
V: ['/content/data/coco/val2014/COCO_val2014_000000294475.jpg']	Is there a dining table in the image?	Yes, there is a dining table	Yes
V: ['/content/data/coco/val2014/COCO_val2014_000000294475.jpg']	Is there a broccoli in the image?	No, there is no broccoli	No
V: ['/content/data/coco/val2014/COCO_val2014_000000149592.jpg']	Is there a person in the image?	Yes, there is a person in the	Yes
V: ['/content/data/coco/val2014/COCO_val2014_000000149592.jpg']	Is there a car in the image?	No, there is no car in the	No
V: ['/content/data/coco/val2014/COCO_val2014_000000149592.jpg']	Is there a bench in the image?	Yes, there is a bench in	Yes
V: ['/content/data/coco/val2014/COCO_val2014_000000149592.jpg']	Is there a toilet in the image?	No, there is no toilet	No
V: ['/content/data/coco/val2014/COCO_val2014_000000149592.jpg']	Is there a boat in the image?	Yes, there is a boat visible in	Yes
V: ['/content/data/coco/val2014/COCO_val2014_000000149592.jpg']	Is there a bed in the image?	No, there is no bed in the	No
V: ['/content/data/coco/val2014/COCO_val2014_000000447787.jpg']	Is there a person in the image?	Yes, there is a woman in the	Yes
V: ['/content/data/coco/val2014/COCO_val2014_000000447787.jpg']	Is there a scissors in the image?	Yes, there is a pair of sc	No
V: ['/content/data/coco/val2014/COCO_val2014_000000447787.jpg']	Is there a bowl in the image?	Yes, there is a bowl in	Yes
V: ['/content/data/coco/val2014/COCO_val2014_000000447787.jpg']	Is there a banana in the image?	No, there is no banana in	No
V: ['/content/data/coco/val2014/COCO_val2014_000000447787.jpg']	Is there a bottle in the image?	Yes, there is a bottle in	Yes
V: ['/content/data/coco/val2014/COCO_val2014_000000447787.jpg']	Is there a bicycle in the image?	No, there is no bicycle	No
V: ['/content/data/coco/val2014/COCO_val2014_000000458325.jpg']	Is there a car in the image?	Yes, there is a car in the	Yes
V: ['/content/data/coco/val2014/COCO_val2014_000000458325.jpg']	Is there a chair in the image?	Yes, there is a chair in the	No
V: ['/content/data/coco/val2014/COCO_val2014_000000458325.jpg']	Is there a traffic light in the image?	Yes, there is a traffic light in	Yes
V: ['/content/data/coco/val2014/COCO_val2014_000000458325.jpg']	Is there a surfboard in the image?	No, there is no surfboard	No
V: ['/content/data/coco/val2014/COCO_val2014_000000458325.jpg']	Is there a person in the image?	Yes, there is a person in the	Yes
V: ['/content/data/coco/val2014/COCO_val2014_000000458325.jpg']	Is there a fork in the image?	No, there is no fork in the	No
V: ['/content/data/coco/val2014/COCO_val2014_000000388237.jpg']	Is there a chair in the image?	Yes, there is a chair in the	Yes
V: ['/content/data/coco/val2014/COCO_val2014_000000388237.jpg']	Is there a fork in the image?	No, there is no fork in the	No
V: ['/content/data/coco/val2014/COCO_val2014_000000388237.jpg']	Is there a person in the image?	Yes, there is a person in the	Yes
V: ['/content/data/coco/val2014/COCO_val2014_000000388237.jpg']	Is there a skis in the image?	No, there are no skis in	No
V: ['/content/data/coco/val2014/COCO_val2014_000000388237.jpg']	Is there a skateboard in the image?	Yes, there is a skateboard	Yes
V: ['/content/data/coco/val2014/COCO_val2014_000000388237.jpg']	Is there an apple in the image?	No, there is no apple in the	No
V: ['/content/data/coco/val2014/COCO_val2014_000000038645.jpg']	Is there a chair in the image?	Yes, there is a chair in the	Yes
V: ['/content/data/coco/val2014/COCO_val2014_000000038645.jpg']	Is there a fork in the image?	No, there is no fork in the	No
V: ['/content/data/coco/val2014/COCO_val2014_000000038645.jpg']	Is there a cup in the image?	No, there is no cup in the	Yes
V: ['/content/data/coco/val2014/COCO_val2014_000000038645.jpg']	Is there a skis in the image?	No, there are no skis in	No
V: ['/content/data/coco/val2014/COCO_val2014_000000038645.jpg']	Is there a potted plant in the image?	Yes, there is a potted plant	Yes
V: ['/content/data/coco/val2014/COCO_val2014_000000038645.jpg']	Is there a cow in the image?	No, there is no cow in the	No
V: ['/content/data/coco/val2014/COCO_val2014_000000071738.jpg']	Is there a chair in the image?	Yes, there is a chair in the	Yes
V: ['/content/data/coco/val2014/COCO_val2014_000000071738.jpg']	Is there a fire hydrant in the image?	No, there is no fire hydrant	No
V: ['/content/data/coco/val2014/COCO_val2014_000000071738.jpg']	Is there a person in the image?	Yes, there is a man in the	Yes
V: ['/content/data/coco/val2014/COCO_val2014_000000071738.jpg']	Is there a fork in the image?	No, there is no fork in the	No
V: ['/content/data/coco/val2014/COCO_val2014_000000071738.jpg']	Is there a motorcycle in the image?	No, there is no motorcycle in	Yes
V: ['/content/data/coco/val2014/COCO_val2014_000000071738.jpg']	Is there a handbag in the image?	Yes, there is a handbag in	No
V: ['/content/data/coco/val2014/COCO_val2014_000000170077.jpg']	Is there a person in the image?	Yes, there is a person in the	Yes
V: ['/content/data/coco/val2014/COCO_val2014_000000170077.jpg']	Is there a tennis racket in the image?	No, there is no tennis racket	No
V: ['/content/data/coco/val2014/COCO_val2014_000000170077.jpg']	Is there a wine glass in the image?	Yes, there is a wine glass in	Yes
V: ['/content/data/coco/val2014/COCO_val2014_000000170077.jpg']	Is there a train in the image?	No, there is no train in the	No
V: ['/content/data/coco/val2014/COCO_val2014_000000170077.jpg']	Is there a handbag in the image?	Yes, there is a handbag in	Yes
V: ['/content/data/coco/val2014/COCO_val2014_000000170077.jpg']	Is there a banana in the image?	No, there is no banana in	No
V: ['/content/data/coco/val2014/COCO_val2014_000000378751.jpg']	Is there a tv in the image?	Yes, there is a TV in the	Yes
V: ['/content/data/coco/val2014/COCO_val2014_000000378751.jpg']	Is there a hot dog in the image?	No, there is no hot dog in	No
V: ['/content/data/coco/val2014/COCO_val2014_000000378751.jpg']	Is there a couch in the image?	Yes, there is a couch in	Yes
V: ['/content/data/coco/val2014/COCO_val2014_000000378751.jpg']	Is there a sheep in the image?	No, there is no sheep in the	No
V: ['/content/data/coco/val2014/COCO_val2014_000000378751.jpg']	Is there a remote in the image?	Yes, there is a remote in the	Yes
V: ['/content/data/coco/val2014/COCO_val2014_000000378751.jpg']	Is there a wine glass in the image?	No, there is no wine glass in	No
V: ['/content/data/coco/val2014/COCO_val2014_000000073182.jpg']	Is there a person in the image?	Yes, there is a person in the	Yes
V: ['/content/data/coco/val2014/COCO_val2014_000000073182.jpg']	Is there a dog in the image?	No, there is no dog in the	No
V: ['/content/data/coco/val2014/COCO_val2014_000000073182.jpg']	Is there a handbag in the image?	Yes, there is a handbag in	Yes
V: ['/content/data/coco/val2014/COCO_val2014_000000073182.jpg']	Is there a stop sign in the image?	Yes, there is a stop sign in	No
V: ['/content/data/coco/val2014/COCO_val2014_000000073182.jpg']	Is there a bicycle in the image?	No, there is no bicycle	Yes
V: ['/content/data/coco/val2014/COCO_val2014_000000073182.jpg']	Is there a spoon in the image?	No, there is no spoon in	No
V: ['/content/data/coco/val2014/COCO_val2014_000000246928.jpg']	Is there a chair in the image?	Yes, there is a chair in the	Yes
V: ['/content/data/coco/val2014/COCO_val2014_000000246928.jpg']	Is there a couch in the image?	No, there is no couch in	No
V: ['/content/data/coco/val2014/COCO_val2014_000000246928.jpg']	Is there a car in the image?	No, there is no car in the	Yes
V: ['/content/data/coco/val2014/COCO_val2014_000000246928.jpg']	Is there a bus in the image?	Yes, there is a bus in the	No
V: ['/content/data/coco/val2014/COCO_val2014_000000246928.jpg']	Is there a bed in the image?	Yes, there is a bed in the	Yes
V: ['/content/data/coco/val2014/COCO_val2014_000000246928.jpg']	Is there an apple in the image?	No, there is no apple in the	No
V: ['/content/data/coco/val2014/COCO_val2014_000000528136.jpg']	Is there a truck in the image?	Yes, there is a truck in	Yes
V: ['/content/data/coco/val2014/COCO_val2014_000000528136.jpg']	Is there a banana in the image?	No, there is no banana in	No
V: ['/content/data/coco/val2014/COCO_val2014_000000528136.jpg']	Is there a person in the image?	Yes, there is a person in the	Yes
V: ['/content/data/coco/val2014/COCO_val2014_000000528136.jpg']	Is there a refrigerator in the image?	No, there is no refriger	No
V: ['/content/data/coco/val2014/COCO_val2014_000000528136.jpg']	Is there a car in the image?	Yes, there is a van or tr	Yes
V: ['/content/data/coco/val2014/COCO_val2014_000000528136.jpg']	Is there a scissors in the image?	No, there are no scissors	No
V: ['/content/data/coco/val2014/COCO_val2014_000000209290.jpg']	Is there a person in the image?	Yes, there is a person in the	Yes
V: ['/content/data/coco/val2014/COCO_val2014_000000209290.jpg']	Is there an orange in the image?	No, there is no orange in the	No
V: ['/content/data/coco/val2014/COCO_val2014_000000209290.jpg']	Is there a fork in the image?	Yes, there is a fork in the	Yes
V: ['/content/data/coco/val2014/COCO_val2014_000000209290.jpg']	Is there a vase in the image?	No, there is no vase in	No
V: ['/content/data/coco/val2014/COCO_val2014_000000209290.jpg']	Is there a dining table in the image?	Yes, there is a dining table	Yes
V: ['/content/data/coco/val2014/COCO_val2014_000000209290.jpg']	Is there a toilet in the image?	No, there is no toilet	No
V: ['/content/data/coco/val2014/COCO_val2014_000000564511.jpg']	Is there a person in the image?	Yes, there is a man in the	Yes
V: ['/content/data/coco/val2014/COCO_val2014_000000564511.jpg']	Is there a knife in the image?	Yes, there is a knife in	No
V: ['/content/data/coco/val2014/COCO_val2014_000000564511.jpg']	Is there a wine glass in the image?	Yes, there is a wine glass in	Yes
V: ['/content/data/coco/val2014/COCO_val2014_000000564511.jpg']	Is there a dining table in the image?	Yes, there is a dining table	No
V: ['/content/data/coco/val2014/COCO_val2014_000000564511.jpg']	Is there a bottle in the image?	Yes, there is a bottle in	Yes
V: ['/content/data/coco/val2014/COCO_val2014_000000564511.jpg']	Is there a stop sign in the image?	No, there is no stop sign in	No
V: ['/content/data/coco/val2014/COCO_val2014_000000200739.jpg']	Is there a truck in the image?	Yes, there is a truck in	Yes
V: ['/content/data/coco/val2014/COCO_val2014_000000200739.jpg']	Is there a refrigerator in the image?	Yes, there is a refriger	No
V: ['/content/data/coco/val2014/COCO_val2014_000000200739.jpg']	Is there a person in the image?	Yes, there is a person in the	Yes
V: ['/content/data/coco/val2014/COCO_val2014_000000200739.jpg']	Is there a dining table in the image?	No, there is no dining table	No
V: ['/content/data/coco/val2014/COCO_val2014_000000200739.jpg']	Is there a horse in the image?	Yes, there is a horse in the	Yes
V: ['/content/data/coco/val2014/COCO_val2014_000000200739.jpg']	Is there a tv in the image?	No, there is no TV in the	No
V: ['/content/data/coco/val2014/COCO_val2014_000000462805.jpg']	Is there a snowboard in the image?	Yes, there is a snowboard in	Yes
V: ['/content/data/coco/val2014/COCO_val2014_000000462805.jpg']	Is there a baseball glove in the image?	No, there is no baseball glove	No
V: ['/content/data/coco/val2014/COCO_val2014_000000462805.jpg']	Is there a person in the image?	Yes, there is a person in the	Yes
V: ['/content/data/coco/val2014/COCO_val2014_000000462805.jpg']	Is there a bus in the image?	No, there is no bus in the	No
V: ['/content/data/coco/val2014/COCO_val2014_000000462805.jpg']	Is there a skis in the image?	Yes, there is a pair of sk	Yes
V: ['/content/data/coco/val2014/COCO_val2014_000000462805.jpg']	Is there a remote in the image?	Yes, there is a remote in the	No
V: ['/content/data/coco/val2014/COCO_val2014_000000163575.jpg']	Is there a dog in the image?	Yes, there is a dog in the	Yes
V: ['/content/data/coco/val2014/COCO_val2014_000000163575.jpg']	Is there a bench in the image?	No, there is no bench in	No
V: ['/content/data/coco/val2014/COCO_val2014_000000163575.jpg']	Is there a person in the image?	Yes, there is a person in the	Yes
V: ['/content/data/coco/val2014/COCO_val2014_000000163575.jpg']	Is there a bird in the image?	No, there is no bird in the	No
V: ['/content/data/coco/val2014/COCO_val2014_000000163575.jpg']	Is there a bed in the image?	Yes, there is a bed in the	Yes
V: ['/content/data/coco/val2014/COCO_val2014_000000163575.jpg']	Is there a carrot in the image?	No, there is no carrot in	No
V: ['/content/data/coco/val2014/COCO_val2014_000000059383.jpg']	Is there an oven in the image?	Yes, there is an oven in	Yes
V: ['/content/data/coco/val2014/COCO_val2014_000000059383.jpg']	Is there a toaster in the image?	Yes, there is a toaster in	No
V: ['/content/data/coco/val2014/COCO_val2014_000000059383.jpg']	Is there a bottle in the image?	Yes, there is a bottle on	Yes
V: ['/content/data/coco/val2014/COCO_val2014_000000059383.jpg']	Is there a vase in the image?	No, there is no vase in	No
V: ['/content/data/coco/val2014/COCO_val2014_000000059383.jpg']	Is there a sink in the image?	Yes, there is a sink in the	Yes
V: ['/content/data/coco/val2014/COCO_val2014_000000059383.jpg']	Is there a traffic light in the image?	No, there is no traffic light in	No
V: ['/content/data/coco/val2014/COCO_val2014_000000478736.jpg']	Is there a traffic light in the image?	Yes, there is a traffic light in	Yes
V: ['/content/data/coco/val2014/COCO_val2014_000000478736.jpg']	Is there a clock in the image?	No, there is no clock in the	No
V: ['/content/data/coco/val2014/COCO_val2014_000000478736.jpg']	Is there a car in the image?	Yes, there is a car in the	Yes
V: ['/content/data/coco/val2014/COCO_val2014_000000478736.jpg']	Is there a frisbee in the image?	No, there is no frisbe	No
V: ['/content/data/coco/val2014/COCO_val2014_000000478736.jpg']	Is there a stop sign in the image?	Yes, there is a stop sign in	Yes
V: ['/content/data/coco/val2014/COCO_val2014_000000478736.jpg']	Is there a parking meter in the image?	Yes, there is a parking meter	No
V: ['/content/data/coco/val2014/COCO_val2014_000000156282.jpg']	Is there a person in the image?	Yes, there is a person, a	Yes
V: ['/content/data/coco/val2014/COCO_val2014_000000156282.jpg']	Is there an oven in the image?	No, there is no oven in	No
V: ['/content/data/coco/val2014/COCO_val2014_000000156282.jpg']	Is there a kite in the image?	Yes, there is a kite in	Yes
V: ['/content/data/coco/val2014/COCO_val2014_000000156282.jpg']	Is there an apple in the image?	No, there is no apple in the	No
V: ['/content/data/coco/val2014/COCO_val2014_000000156282.jpg']	Is there an umbrella in the image?	No, there is no umbrella	Yes
V: ['/content/data/coco/val2014/COCO_val2014_000000156282.jpg']	Is there a tennis racket in the image?	No, there is no tennis racket	No
V: ['/content/data/coco/val2014/COCO_val2014_000000052689.jpg']	Is there a person in the image?	Yes, there is a person in the	Yes
V: ['/content/data/coco/val2014/COCO_val2014_000000052689.jpg']	Is there a knife in the image?	No, there is no knife in	No
V: ['/content/data/coco/val2014/COCO_val2014_000000052689.jpg']	Is there a bench in the image?	No, there is no bench in	Yes
V: ['/content/data/coco/val2014/COCO_val2014_000000052689.jpg']	Is there an umbrella in the image?	Yes, there is an umbrella	No
V: ['/content/data/coco/val2014/COCO_val2014_000000052689.jpg']	Is there a skis in the image?	Yes, there is a skier in	Yes
V: ['/content/data/coco/val2014/COCO_val2014_000000052689.jpg']	Is there a laptop in the image?	No, there is no laptop in the	No
V: ['/content/data/coco/val2014/COCO_val2014_000000516601.jpg']	Is there a snowboard in the image?	Yes, there is a snowboard in	Yes
V: ['/content/data/coco/val2014/COCO_val2014_000000516601.jpg']	Is there a vase in the image?	No, there is no vase in	No
V: ['/content/data/coco/val2014/COCO_val2014_000000516601.jpg']	Is there a person in the image?	Yes, there is a person in the	Yes
V: ['/content/data/coco/val2014/COCO_val2014_000000516601.jpg']	Is there a tennis racket in the image?	No, there is no tennis racket	No
V: ['/content/data/coco/val2014/COCO_val2014_000000516601.jpg']	Is there a skis in the image?	Yes, there are skis in the	Yes
V: ['/content/data/coco/val2014/COCO_val2014_000000516601.jpg']	Is there a bottle in the image?	No, there is no bottle in	No
V: ['/content/data/coco/val2014/COCO_val2014_000000562155.jpg']	Is there a person in the image?	Yes, there is a person in the	Yes
V: ['/content/data/coco/val2014/COCO_val2014_000000562155.jpg']	Is there a suitcase in the image?	No, there is no suitcase in	No
V: ['/content/data/coco/val2014/COCO_val2014_000000562155.jpg']	Is there a car in the image?	Yes, there is a car in the	Yes
V: ['/content/data/coco/val2014/COCO_val2014_000000562155.jpg']	Is there a sports ball in the image?	No, there is no sports ball in	No
V: ['/content/data/coco/val2014/COCO_val2014_000000562155.jpg']	Is there a tie in the image?	Yes, there is a tie in the	Yes
V: ['/content/data/coco/val2014/COCO_val2014_000000562155.jpg']	Is there a bed in the image?	No, there is no bed in the	No
V: ['/content/data/coco/val2014/COCO_val2014_000000142056.jpg']	Is there a person in the image?	Yes, there is a person in the	Yes
V: ['/content/data/coco/val2014/COCO_val2014_000000142056.jpg']	Is there a traffic light in the image?	No, there is no traffic light in	No
V: ['/content/data/coco/val2014/COCO_val2014_000000142056.jpg']	Is there a sports ball in the image?	No, there is no sports ball in	Yes
V: ['/content/data/coco/val2014/COCO_val2014_000000142056.jpg']	Is there an umbrella in the image?	No, there is no umbrella	No
V: ['/content/data/coco/val2014/COCO_val2014_000000142056.jpg']	Is there a tennis racket in the image?	Yes, there is a tennis racket	Yes
V: ['/content/data/coco/val2014/COCO_val2014_000000142056.jpg']	Is there a baseball bat in the image?	Yes, there is a baseball bat in	No
V: ['/content/data/coco/val2014/COCO_val2014_000000299986.jpg']	Is there a person in the image?	Yes, there is a person in the	Yes
V: ['/content/data/coco/val2014/COCO_val2014_000000299986.jpg']	Is there a sandwich in the image?	No, there is no sandwich in	No
V: ['/content/data/coco/val2014/COCO_val2014_000000299986.jpg']	Is there a bench in the image?	Yes, there is a bench in	Yes
V: ['/content/data/coco/val2014/COCO_val2014_000000299986.jpg']	Is there a bowl in the image?	No, there is no bowl in	No
V: ['/content/data/coco/val2014/COCO_val2014_000000299986.jpg']	Is there a cell phone in the image?	Yes, there is a cell phone in	Yes
V: ['/content/data/coco/val2014/COCO_val2014_000000299986.jpg']	Is there a baseball bat in the image?	No, there is no baseball bat in	No
V: ['/content/data/coco/val2014/COCO_val2014_000000521643.jpg']	Is there a vase in the image?	Yes, there is a vase in	Yes
V: ['/content/data/coco/val2014/COCO_val2014_000000521643.jpg']	Is there a bed in the image?	No, there is no bed in the	No
V: ['/content/data/coco/val2014/COCO_val2014_000000521643.jpg']	Is there a bottle in the image?	Yes, there is a bottle in	Yes
V: ['/content/data/coco/val2014/COCO_val2014_000000521643.jpg']	Is there a tie in the image?	No, there is no tie in the	No
V: ['/content/data/coco/val2014/COCO_val2014_000000521643.jpg']	Is there a dining table in the image?	Yes, there is a dining table	Yes
V: ['/content/data/coco/val2014/COCO_val2014_000000521643.jpg']	Is there a cat in the image?	No, there is no cat in the	No
V: ['/content/data/coco/val2014/COCO_val2014_000000574454.jpg']	Is there a person in the image?	Yes, there is a person in the	Yes
V: ['/content/data/coco/val2014/COCO_val2014_000000574454.jpg']	Is there a truck in the image?	No, there is no truck in	No
V: ['/content/data/coco/val2014/COCO_val2014_000000574454.jpg']	Is there a surfboard in the image?	Yes, there is a surfboard	Yes
V: ['/content/data/coco/val2014/COCO_val2014_000000574454.jpg']	Is there a bed in the image?	No, there is no bed in the	No
V: ['/content/data/coco/val2014/COCO_val2014_000000574454.jpg']	Is there a kite in the image?	Yes, there is a kite in	Yes
V: ['/content/data/coco/val2014/COCO_val2014_000000574454.jpg']	Is there a toaster in the image?	No, there is no toaster in	No
V: ['/content/data/coco/val2014/COCO_val2014_000000415727.jpg']	Is there a backpack in the image?	Yes, there is a backpack in	Yes
V: ['/content/data/coco/val2014/COCO_val2014_000000415727.jpg']	Is there a couch in the image?	No, there is no couch in	No
V: ['/content/data/coco/val2014/COCO_val2014_000000415727.jpg']	Is there a person in the image?	Yes, there is a person in the	Yes
V: ['/content/data/coco/val2014/COCO_val2014_000000415727.jpg']	Is there a car in the image?	No, there is no car in the	No
V: ['/content/data/coco/val2014/COCO_val2014_000000415727.jpg']	Is there a bench in the image?	Yes, there is a bench in	Yes
V: ['/content/data/coco/val2014/COCO_val2014_000000415727.jpg']	Is there a cup in the image?	No, there is no cup in the	No
V: ['/content/data/coco/val2014/COCO_val2014_000000222118.jpg']	Is there a person in the image?	Yes, there is a person in the	Yes
V: ['/content/data/coco/val2014/COCO_val2014_000000222118.jpg']	Is there a car in the image?	No, there is no car in the	No
V: ['/content/data/coco/val2014/COCO_val2014_000000222118.jpg']	Is there a suitcase in the image?	No, there is no suitcase in	Yes
V: ['/content/data/coco/val2014/COCO_val2014_000000222118.jpg']	Is there a toaster in the image?	No, there is no toaster in	No
V: ['/content/data/coco/val2014/COCO_val2014_000000222118.jpg']	Is there a handbag in the image?	Yes, there is a handbag in	Yes
V: ['/content/data/coco/val2014/COCO_val2014_000000222118.jpg']	Is there a giraffe in the image?	No, there is no giraffe	No
V: ['/content/data/coco/val2014/COCO_val2014_000000514292.jpg']	Is there a book in the image?	No, there is no book in the	Yes
V: ['/content/data/coco/val2014/COCO_val2014_000000514292.jpg']	Is there a car in the image?	No, there is no car in the	No
V: ['/content/data/coco/val2014/COCO_val2014_000000514292.jpg']	Is there a teddy bear in the image?	Yes, there is a teddy bear	Yes
V: ['/content/data/coco/val2014/COCO_val2014_000000514292.jpg']	Is there a bus in the image?	No, there is no bus in the	No
V: ['/content/data/coco/val2014/COCO_val2014_000000514292.jpg']	Is there a bear in the image?	Yes, there is a teddy bear	Yes
V: ['/content/data/coco/val2014/COCO_val2014_000000514292.jpg']	Is there a truck in the image?	No, there is no truck in	No
V: ['/content/data/coco/val2014/COCO_val2014_000000117527.jpg']	Is there a dining table in the image?	Yes, there is a dining table	Yes
V: ['/content/data/coco/val2014/COCO_val2014_000000117527.jpg']	Is there a dog in the image?	No, there is no dog in the	No
V: ['/content/data/coco/val2014/COCO_val2014_000000117527.jpg']	Is there a person in the image?	Yes, there is a group of people	Yes
V: ['/content/data/coco/val2014/COCO_val2014_000000117527.jpg']	Is there a banana in the image?	No, there is no banana in	No
V: ['/content/data/coco/val2014/COCO_val2014_000000117527.jpg']	Is there a bowl in the image?	Yes, there is a bowl in	Yes
V: ['/content/data/coco/val2014/COCO_val2014_000000117527.jpg']	Is there a bicycle in the image?	No, there is no bicycle	No
V: ['/content/data/coco/val2014/COCO_val2014_000000016451.jpg']	Is there a backpack in the image?	Yes, there is a backpack in	Yes
V: ['/content/data/coco/val2014/COCO_val2014_000000016451.jpg']	Is there an oven in the image?	No, there is no oven in	No
V: ['/content/data/coco/val2014/COCO_val2014_000000016451.jpg']	Is there a person in the image?	Yes, there is a person in the	Yes
V: ['/content/data/coco/val2014/COCO_val2014_000000016451.jpg']	Is there an apple in the image?	No, there is no apple in the	No
V: ['/content/data/coco/val2014/COCO_val2014_000000016451.jpg']	Is there a handbag in the image?	Yes, there is a handbag in	Yes
V: ['/content/data/coco/val2014/COCO_val2014_000000016451.jpg']	Is there a cup in the image?	Yes, there is a cup in the	No
V: ['/content/data/coco/val2014/COCO_val2014_000000429706.jpg']	Is there a tv in the image?	Yes, there is a TV in the	Yes
V: ['/content/data/coco/val2014/COCO_val2014_000000429706.jpg']	Is there a bottle in the image?	No, there is no bottle in	No
V: ['/content/data/coco/val2014/COCO_val2014_000000429706.jpg']	Is there a backpack in the image?	Yes, there is a backpack in	Yes
V: ['/content/data/coco/val2014/COCO_val2014_000000429706.jpg']	Is there an elephant in the image?	No, there is no elephant	No
V: ['/content/data/coco/val2014/COCO_val2014_000000429706.jpg']	Is there a person in the image?	Yes, there is a person in the	Yes
V: ['/content/data/coco/val2014/COCO_val2014_000000429706.jpg']	Is there a chair in the image?	Yes, there is a chair in the	No
V: ['/content/data/coco/val2014/COCO_val2014_000000429580.jpg']	Is there a dog in the image?	Yes, there is a dog in the	Yes
V: ['/content/data/coco/val2014/COCO_val2014_000000429580.jpg']	Is there a refrigerator in the image?	No, there is no refriger	No
V: ['/content/data/coco/val2014/COCO_val2014_000000429580.jpg']	Is there a person in the image?	Yes, there is a person in the	Yes
V: ['/content/data/coco/val2014/COCO_val2014_000000429580.jpg']	Is there a parking meter in the image?	No, there is no parking meter	No
V: ['/content/data/coco/val2014/COCO_val2014_000000429580.jpg']	Is there a frisbee in the image?	Yes, there is a frisbe	Yes
V: ['/content/data/coco/val2014/COCO_val2014_000000429580.jpg']	Is there a baseball bat in the image?	No, there is no baseball bat in	No
V: ['/content/data/coco/val2014/COCO_val2014_000000283168.jpg']	Is there a bowl in the image?	Yes, there is a bowl in	Yes
V: ['/content/data/coco/val2014/COCO_val2014_000000283168.jpg']	Is there a truck in the image?	No, there is no truck in	No
V: ['/content/data/coco/val2014/COCO_val2014_000000283168.jpg']	Is there a sandwich in the image?	Yes, there is a sandwich in	Yes
V: ['/content/data/coco/val2014/COCO_val2014_000000283168.jpg']	Is there a microwave in the image?	No, there is no microwave	No
V: ['/content/data/coco/val2014/COCO_val2014_000000283168.jpg']	Is there a fork in the image?	Yes, there is a fork in the	Yes
V: ['/content/data/coco/val2014/COCO_val2014_000000283168.jpg']	Is there a traffic light in the image?	No, there is no traffic light in	No
V: ['/content/data/coco/val2014/COCO_val2014_000000405205.jpg']	Is there a truck in the image?	Yes, there is a truck in	Yes
V: ['/content/data/coco/val2014/COCO_val2014_000000405205.jpg']	Is there a motorcycle in the image?	No, there is no motorcycle in	No
V: ['/content/data/coco/val2014/COCO_val2014_000000405205.jpg']	Is there a person in the image?	No, there is no person in the	Yes
V: ['/content/data/coco/val2014/COCO_val2014_000000405205.jpg']	Is there a keyboard in the image?	No, there is no keyboard in the	No
V: ['/content/data/coco/val2014/COCO_val2014_000000405205.jpg']	Is there a bus in the image?	Yes, there is a bus in the	Yes
V: ['/content/data/coco/val2014/COCO_val2014_000000405205.jpg']	Is there an airplane in the image?	No, there is no airplane in	No
V: ['/content/data/coco/val2014/COCO_val2014_000000123570.jpg']	Is there a person in the image?	Yes, there is a person in the	Yes
V: ['/content/data/coco/val2014/COCO_val2014_000000123570.jpg']	Is there a zebra in the image?	No, there is no zebra	No
V: ['/content/data/coco/val2014/COCO_val2014_000000123570.jpg']	Is there a car in the image?	No, there is no car in the	Yes
V: ['/content/data/coco/val2014/COCO_val2014_000000123570.jpg']	Is there a book in the image?	Yes, there is a book in the	No
V: ['/content/data/coco/val2014/COCO_val2014_000000123570.jpg']	Is there an umbrella in the image?	Yes, there is an umbrella	Yes
V: ['/content/data/coco/val2014/COCO_val2014_000000123570.jpg']	Is there a carrot in the image?	Yes, there is a carrot in	No
V: ['/content/data/coco/val2014/COCO_val2014_000000365317.jpg']	Is there a person in the image?	Yes, there is a person in the	Yes
V: ['/content/data/coco/val2014/COCO_val2014_000000365317.jpg']	Is there a laptop in the image?	No, there is no laptop in the	No
V: ['/content/data/coco/val2014/COCO_val2014_000000365317.jpg']	Is there a sports ball in the image?	No, there is no sports ball in	Yes
V: ['/content/data/coco/val2014/COCO_val2014_000000365317.jpg']	Is there a traffic light in the image?	No, there is no traffic light in	No
V: ['/content/data/coco/val2014/COCO_val2014_000000365317.jpg']	Is there a tennis racket in the image?	Yes, there is a tennis racket	Yes
V: ['/content/data/coco/val2014/COCO_val2014_000000365317.jpg']	Is there a bear in the image?	No, there is no bear in the	No
V: ['/content/data/coco/val2014/COCO_val2014_000000224155.jpg']	Is there a person in the image?	Yes, there is a man in the	Yes
V: ['/content/data/coco/val2014/COCO_val2014_000000224155.jpg']	Is there a traffic light in the image?	No, there is no traffic light in	No
V: ['/content/data/coco/val2014/COCO_val2014_000000224155.jpg']	Is there a toilet in the image?	Yes, there is a toilet	Yes
V: ['/content/data/coco/val2014/COCO_val2014_000000224155.jpg']	Is there a broccoli in the image?	No, there is no broccoli	No
V: ['/content/data/coco/val2014/COCO_val2014_000000224155.jpg']	Is there a cell phone in the image?	Yes, there is a cell phone in	Yes
V: ['/content/data/coco/val2014/COCO_val2014_000000224155.jpg']	Is there a sports ball in the image?	No, there is no sports ball in	No
V: ['/content/data/coco/val2014/COCO_val2014_000000191964.jpg']	Is there a keyboard in the image?	Yes, there is a keyboard in the	Yes
V: ['/content/data/coco/val2014/COCO_val2014_000000191964.jpg']	Is there a fire hydrant in the image?	No, there is no fire hydrant	No
V: ['/content/data/coco/val2014/COCO_val2014_000000191964.jpg']	Is there an orange in the image?	No, there is no orange in the	Yes
V: ['/content/data/coco/val2014/COCO_val2014_000000191964.jpg']	Is there a person in the image?	No, there is no person in the	No
V: ['/content/data/coco/val2014/COCO_val2014_000000191964.jpg']	Is there a cat in the image?	Yes, there is a cat in the	Yes
V: ['/content/data/coco/val2014/COCO_val2014_000000191964.jpg']	Is there a truck in the image?	No, there is no truck in	No
V: ['/content/data/coco/val2014/COCO_val2014_000000265472.jpg']	Is there a banana in the image?	Yes, there is a banana in	Yes
V: ['/content/data/coco/val2014/COCO_val2014_000000265472.jpg']	Is there a potted plant in the image?	No, there is no potted plant	No
V: ['/content/data/coco/val2014/COCO_val2014_000000265472.jpg']	Is there a bowl in the image?	No, there is no bowl in	Yes
V: ['/content/data/coco/val2014/COCO_val2014_000000265472.jpg']	Is there a kite in the image?	No, there is no kite in	No
V: ['/content/data/coco/val2014/COCO_val2014_000000265472.jpg']	Is there an orange in the image?	No, there is no orange in the	Yes
V: ['/content/data/coco/val2014/COCO_val2014_000000265472.jpg']	Is there a spoon in the image?	No, there is no spoon in	No
V: ['/content/data/coco/val2014/COCO_val2014_000000550514.jpg']	Is there a snowboard in the image?	Yes, there is a snowboard in	Yes
V: ['/content/data/coco/val2014/COCO_val2014_000000550514.jpg']	Is there a stop sign in the image?	Yes, there is a stop sign in	No
V: ['/content/data/coco/val2014/COCO_val2014_000000550514.jpg']	Is there a backpack in the image?	Yes, there is a backpack in	Yes
V: ['/content/data/coco/val2014/COCO_val2014_000000550514.jpg']	Is there a potted plant in the image?	No, there is no potted plant	No
V: ['/content/data/coco/val2014/COCO_val2014_000000550514.jpg']	Is there a person in the image?	Yes, there is a person in the	Yes
V: ['/content/data/coco/val2014/COCO_val2014_000000550514.jpg']	Is there a fire hydrant in the image?	No, there is no fire hydrant	No
V: ['/content/data/coco/val2014/COCO_val2014_000000163814.jpg']	Is there a person in the image?	Yes, there is a person in the	Yes
V: ['/content/data/coco/val2014/COCO_val2014_000000163814.jpg']	Is there a carrot in the image?	No, there is no carrot in	No
V: ['/content/data/coco/val2014/COCO_val2014_000000163814.jpg']	Is there a motorcycle in the image?	No, there is no motorcycle in	Yes
V: ['/content/data/coco/val2014/COCO_val2014_000000163814.jpg']	Is there a dog in the image?	No, there is no dog in the	No
V: ['/content/data/coco/val2014/COCO_val2014_000000163814.jpg']	Is there a skateboard in the image?	Yes, there is a skateboard	Yes
V: ['/content/data/coco/val2014/COCO_val2014_000000163814.jpg']	Is there a teddy bear in the image?	No, there is no teddy bear	No
V: ['/content/data/coco/val2014/COCO_val2014_000000505933.jpg']	Is there a truck in the image?	Yes, there is a truck in	Yes
V: ['/content/data/coco/val2014/COCO_val2014_000000505933.jpg']	Is there a tv in the image?	Yes, there is a TV in the	No
V: ['/content/data/coco/val2014/COCO_val2014_000000505933.jpg']	Is there a train in the image?	Yes, there is a train in the	Yes
V: ['/content/data/coco/val2014/COCO_val2014_000000505933.jpg']	Is there a frisbee in the image?	No, there is no frisbe	No
V: ['/content/data/coco/val2014/COCO_val2014_000000505933.jpg']	Is there a car in the image?	Yes, there is a car in the	Yes
V: ['/content/data/coco/val2014/COCO_val2014_000000505933.jpg']	Is there a dog in the image?	No, there is no dog in the	No
V: ['/content/data/coco/val2014/COCO_val2014_000000318550.jpg']	Is there a traffic light in the image?	Yes, there is a traffic light in	Yes
V: ['/content/data/coco/val2014/COCO_val2014_000000318550.jpg']	Is there a cow in the image?	No, there is no cow in the	No
V: ['/content/data/coco/val2014/COCO_val2014_000000318550.jpg']	Is there a truck in the image?	Yes, there is a truck in	Yes
V: ['/content/data/coco/val2014/COCO_val2014_000000318550.jpg']	Is there a refrigerator in the image?	No, there is no refriger	No
V: ['/content/data/coco/val2014/COCO_val2014_000000318550.jpg']	Is there a train in the image?	Yes, there is a train in the	Yes
V: ['/content/data/coco/val2014/COCO_val2014_000000318550.jpg']	Is there a hot dog in the image?	No, there is no hot dog in	No
V: ['/content/data/coco/val2014/COCO_val2014_000000367528.jpg']	Is there a bowl in the image?	Yes, there is a bowl in	Yes
V: ['/content/data/coco/val2014/COCO_val2014_000000367528.jpg']	Is there a sports ball in the image?	No, there is no sports ball in	No
V: ['/content/data/coco/val2014/COCO_val2014_000000367528.jpg']	Is there a person in the image?	No, there is no person in the	Yes
V: ['/content/data/coco/val2014/COCO_val2014_000000367528.jpg']	Is there a tennis racket in the image?	No, there is no tennis racket	No
V: ['/content/data/coco/val2014/COCO_val2014_000000367528.jpg']	Is there a remote in the image?	Yes, there is a remote in the	Yes
V: ['/content/data/coco/val2014/COCO_val2014_000000367528.jpg']	Is there a teddy bear in the image?	No, there is no teddy bear	No
V: ['/content/data/coco/val2014/COCO_val2014_000000252911.jpg']	Is there a person in the image?	Yes, there is a person in the	Yes
V: ['/content/data/coco/val2014/COCO_val2014_000000252911.jpg']	Is there a cow in the image?	No, there is no cow in the	No
V: ['/content/data/coco/val2014/COCO_val2014_000000252911.jpg']	Is there a car in the image?	Yes, there is a car in the	Yes
V: ['/content/data/coco/val2014/COCO_val2014_000000252911.jpg']	Is there a cat in the image?	No, there is no cat in the	No
V: ['/content/data/coco/val2014/COCO_val2014_000000252911.jpg']	Is there a boat in the image?	No, there is no boat in the	Yes
V: ['/content/data/coco/val2014/COCO_val2014_000000252911.jpg']	Is there a mouse in the image?	No, there is no mouse in the	No
V: ['/content/data/coco/val2014/COCO_val2014_000000214421.jpg']	Is there a tv in the image?	Yes, there is a TV in the	Yes
V: ['/content/data/coco/val2014/COCO_val2014_000000214421.jpg']	Is there a mouse in the image?	No, there is no mouse in the	No
V: ['/content/data/coco/val2014/COCO_val2014_000000214421.jpg']	Is there a person in the image?	Yes, there is a person in the	Yes
V: ['/content/data/coco/val2014/COCO_val2014_000000214421.jpg']	Is there a horse in the image?	No, there is no horse in the	No
V: ['/content/data/coco/val2014/COCO_val2014_000000214421.jpg']	Is there a potted plant in the image?	Yes, there is a potted plant	Yes
V: ['/content/data/coco/val2014/COCO_val2014_000000214421.jpg']	Is there a remote in the image?	Yes, there is a remote in the	No
V: ['/content/data/coco/val2014/COCO_val2014_000000050627.jpg']	Is there a baseball glove in the image?	Yes, there is a baseball glove	Yes
V: ['/content/data/coco/val2014/COCO_val2014_000000050627.jpg']	Is there a tv in the image?	Yes, there is a TV in the	No
V: ['/content/data/coco/val2014/COCO_val2014_000000050627.jpg']	Is there a person in the image?	Yes, there is a person in the	Yes
V: ['/content/data/coco/val2014/COCO_val2014_000000050627.jpg']	Is there a backpack in the image?	No, there is no backpack in	No
V: ['/content/data/coco/val2014/COCO_val2014_000000050627.jpg']	Is there a sports ball in the image?	Yes, there is a sports ball in	Yes
V: ['/content/data/coco/val2014/COCO_val2014_000000050627.jpg']	Is there an elephant in the image?	No, there is no elephant	No
V: ['/content/data/coco/val2014/COCO_val2014_000000233426.jpg']	Is there a vase in the image?	Yes, there is a vase in	Yes
V: ['/content/data/coco/val2014/COCO_val2014_000000233426.jpg']	Is there an orange in the image?	Yes, there is an orange in the	No
V: ['/content/data/coco/val2014/COCO_val2014_000000233426.jpg']	Is there a potted plant in the image?	Yes, there is a potted plant	Yes
V: ['/content/data/coco/val2014/COCO_val2014_000000233426.jpg']	Is there a bowl in the image?	Yes, there is a bowl in	No
V: ['/content/data/coco/val2014/COCO_val2014_000000233426.jpg']	Is there a dining table in the image?	No, there is no dining table	Yes
V: ['/content/data/coco/val2014/COCO_val2014_000000233426.jpg']	Is there a surfboard in the image?	No, there is no surfboard	No
V: ['/content/data/coco/val2014/COCO_val2014_000000372817.jpg']	Is there a person in the image?	Yes, there is a person in the	Yes
V: ['/content/data/coco/val2014/COCO_val2014_000000372817.jpg']	Is there an oven in the image?	No, there is no oven in	No
V: ['/content/data/coco/val2014/COCO_val2014_000000372817.jpg']	Is there a car in the image?	Yes, there is a car in the	Yes
V: ['/content/data/coco/val2014/COCO_val2014_000000372817.jpg']	Is there a giraffe in the image?	No, there is no giraffe	No
V: ['/content/data/coco/val2014/COCO_val2014_000000372817.jpg']	Is there a handbag in the image?	Yes, there is a handbag in	Yes
V: ['/content/data/coco/val2014/COCO_val2014_000000372817.jpg']	Is there a tv in the image?	No, there is no TV in the	No
V: ['/content/data/coco/val2014/COCO_val2014_000000536073.jpg']	Is there a knife in the image?	Yes, there is a knife in	Yes
V: ['/content/data/coco/val2014/COCO_val2014_000000536073.jpg']	Is there an umbrella in the image?	No, there is no umbrella	No
V: ['/content/data/coco/val2014/COCO_val2014_000000536073.jpg']	Is there a bottle in the image?	Yes, there is a bottle in	Yes
V: ['/content/data/coco/val2014/COCO_val2014_000000536073.jpg']	Is there a tv in the image?	No, there is no television in the	No
V: ['/content/data/coco/val2014/COCO_val2014_000000536073.jpg']	Is there a cup in the image?	Yes, there is a cup in the	Yes
V: ['/content/data/coco/val2014/COCO_val2014_000000536073.jpg']	Is there a skis in the image?	No, there are no skis in	No
V: ['/content/data/coco/val2014/COCO_val2014_000000579231.jpg']	Is there a baseball glove in the image?	Yes, there is a baseball glove	Yes
V: ['/content/data/coco/val2014/COCO_val2014_000000579231.jpg']	Is there a laptop in the image?	No, there is no laptop in the	No
V: ['/content/data/coco/val2014/COCO_val2014_000000579231.jpg']	Is there a person in the image?	Yes, there is a person in the	Yes
V: ['/content/data/coco/val2014/COCO_val2014_000000579231.jpg']	Is there a cat in the image?	No, there is no cat in the	No
V: ['/content/data/coco/val2014/COCO_val2014_000000579231.jpg']	Is there a baseball bat in the image?	Yes, there is a baseball bat in	Yes
V: ['/content/data/coco/val2014/COCO_val2014_000000579231.jpg']	Is there a bus in the image?	No, there is no bus in the	No
V: ['/content/data/coco/val2014/COCO_val2014_000000092624.jpg']	Is there a giraffe in the image?	Yes, there is a giraffe	Yes
V: ['/content/data/coco/val2014/COCO_val2014_000000092624.jpg']	Is there a bottle in the image?	No, there is no bottle in	No
V: ['/content/data/coco/val2014/COCO_val2014_000000092624.jpg']	Is there a cow in the image?	No, there is no cow in the	Yes
V: ['/content/data/coco/val2014/COCO_val2014_000000092624.jpg']	Is there a spoon in the image?	No, there is no spoon in	No
V: ['/content/data/coco/val2014/COCO_val2014_000000092624.jpg']	Is there a zebra in the image?	Yes, there is a zebra	Yes
V: ['/content/data/coco/val2014/COCO_val2014_000000092624.jpg']	Is there a broccoli in the image?	No, there is no broccoli	No
V: ['/content/data/coco/val2014/COCO_val2014_000000390184.jpg']	Is there a spoon in the image?	Yes, there is a spoon in	Yes
V: ['/content/data/coco/val2014/COCO_val2014_000000390184.jpg']	Is there a person in the image?	No, the image shows an empty kitchen	No
V: ['/content/data/coco/val2014/COCO_val2014_000000390184.jpg']	Is there a dining table in the image?	Yes, there is a dining table	Yes
V: ['/content/data/coco/val2014/COCO_val2014_000000390184.jpg']	Is there a tie in the image?	No, there is no tie in the	No
V: ['/content/data/coco/val2014/COCO_val2014_000000390184.jpg']	Is there a chair in the image?	Yes, there is a chair in the	Yes
V: ['/content/data/coco/val2014/COCO_val2014_000000390184.jpg']	Is there a snowboard in the image?	No, there is no snowboard in	No
V: ['/content/data/coco/val2014/COCO_val2014_000000079213.jpg']	Is there a person in the image?	Yes, there is a person in the	Yes
V: ['/content/data/coco/val2014/COCO_val2014_000000079213.jpg']	Is there a parking meter in the image?	No, there is no parking meter	No
V: ['/content/data/coco/val2014/COCO_val2014_000000079213.jpg']	Is there a couch in the image?	Yes, there is a couch in	Yes
V: ['/content/data/coco/val2014/COCO_val2014_000000079213.jpg']	Is there a car in the image?	No, there is no car in the	No
V: ['/content/data/coco/val2014/COCO_val2014_000000079213.jpg']	Is there a remote in the image?	Yes, there is a remote in the	Yes
V: ['/content/data/coco/val2014/COCO_val2014_000000079213.jpg']	Is there a train in the image?	No, there is no train in the	No
V: ['/content/data/coco/val2014/COCO_val2014_000000465346.jpg']	Is there a spoon in the image?	Yes, there is a spoon visible	Yes
V: ['/content/data/coco/val2014/COCO_val2014_000000465346.jpg']	Is there an traffic light in the image?	No, there is no traffic light in	No
V: ['/content/data/coco/val2014/COCO_val2014_000000465346.jpg']	Is there a sandwich in the image?	Yes, there is a sandwich in	Yes
V: ['/content/data/coco/val2014/COCO_val2014_000000465346.jpg']	Is there an airplane in the image?	No, there is no airplane in	No
V: ['/content/data/coco/val2014/COCO_val2014_000000465346.jpg']	Is there a fork in the image?	Yes, there is a fork in the	Yes
V: ['/content/data/coco/val2014/COCO_val2014_000000465346.jpg']	Is there an elephant in the image?	No, there is no elephant	No
V: ['/content/data/coco/val2014/COCO_val2014_000000514248.jpg']	Is there a car in the image?	Yes, there is a car in the	Yes
V: ['/content/data/coco/val2014/COCO_val2014_000000514248.jpg']	Is there a fork in the image?	No, there is no fork in the	No
V: ['/content/data/coco/val2014/COCO_val2014_000000514248.jpg']	Is there a person in the image?	Yes, there is a person in the	Yes
V: ['/content/data/coco/val2014/COCO_val2014_000000514248.jpg']	Is there a dining table in the image?	No, there is no dining table	No
V: ['/content/data/coco/val2014/COCO_val2014_000000514248.jpg']	Is there a horse in the image?	No, there is no horse in the	Yes
V: ['/content/data/coco/val2014/COCO_val2014_000000514248.jpg']	Is there a toaster in the image?	No, there is no toaster in	No
V: ['/content/data/coco/val2014/COCO_val2014_000000355776.jpg']	Is there a person in the image?	Yes, there is a person in the	Yes
V: ['/content/data/coco/val2014/COCO_val2014_000000355776.jpg']	Is there a bicycle in the image?	No, there is no bicycle	No
V: ['/content/data/coco/val2014/COCO_val2014_000000355776.jpg']	Is there a chair in the image?	No, there is no chair in the	Yes
V: ['/content/data/coco/val2014/COCO_val2014_000000355776.jpg']	Is there a bird in the image?	No, there is no bird in the	No
V: ['/content/data/coco/val2014/COCO_val2014_000000355776.jpg']	Is there a sink in the image?	Yes, there is a sink in the	Yes
V: ['/content/data/coco/val2014/COCO_val2014_000000355776.jpg']	Is there a cell phone in the image?	No, there is no cell phone in	No
V: ['/content/data/coco/val2014/COCO_val2014_000000575355.jpg']	Is there a chair in the image?	Yes, there is a chair in the	Yes
V: ['/content/data/coco/val2014/COCO_val2014_000000575355.jpg']	Is there an airplane in the image?	No, there is no airplane in	No
V: ['/content/data/coco/val2014/COCO_val2014_000000575355.jpg']	Is there a bench in the image?	Yes, there is a bench in	Yes
V: ['/content/data/coco/val2014/COCO_val2014_000000575355.jpg']	Is there a cat in the image?	No, there is no cat in the	No
V: ['/content/data/coco/val2014/COCO_val2014_000000575355.jpg']	Is there a dining table in the image?	Yes, there is a white dining	Yes
V: ['/content/data/coco/val2014/COCO_val2014_000000575355.jpg']	Is there a cup in the image?	Yes, there is a cup in the	No
V: ['/content/data/coco/val2014/COCO_val2014_000000396068.jpg']	Is there a tv in the image?	Yes, there is a TV in the	Yes
V: ['/content/data/coco/val2014/COCO_val2014_000000396068.jpg']	Is there an orange in the image?	No, there is no orange in the	No
V: ['/content/data/coco/val2014/COCO_val2014_000000396068.jpg']	Is there a person in the image?	Yes, there is a woman in the	Yes
V: ['/content/data/coco/val2014/COCO_val2014_000000396068.jpg']	Is there a sandwich in the image?	No, there is no sandwich in	No
V: ['/content/data/coco/val2014/COCO_val2014_000000396068.jpg']	Is there a remote in the image?	Yes, there is a remote in the	Yes
V: ['/content/data/coco/val2014/COCO_val2014_000000396068.jpg']	Is there a bed in the image?	No, there is no bed in the	No
V: ['/content/data/coco/val2014/COCO_val2014_000000559547.jpg']	Is there a baseball glove in the image?	Yes, there is a baseball glove	Yes
V: ['/content/data/coco/val2014/COCO_val2014_000000559547.jpg']	Is there a banana in the image?	No, there is no banana in	No
V: ['/content/data/coco/val2014/COCO_val2014_000000559547.jpg']	Is there a person in the image?	Yes, there is a person in the	Yes
V: ['/content/data/coco/val2014/COCO_val2014_000000559547.jpg']	Is there a mouse in the image?	No, there is no mouse in the	No
V: ['/content/data/coco/val2014/COCO_val2014_000000559547.jpg']	Is there a sports ball in the image?	Yes, there is a sports ball in	Yes
V: ['/content/data/coco/val2014/COCO_val2014_000000559547.jpg']	Is there an elephant in the image?	No, there is no elephant	No
V: ['/content/data/coco/val2014/COCO_val2014_000000230175.jpg']	Is there a person in the image?	Yes, there is a person in the	Yes
V: ['/content/data/coco/val2014/COCO_val2014_000000230175.jpg']	Is there a wine glass in the image?	No, there is no wine glass in	No
V: ['/content/data/coco/val2014/COCO_val2014_000000230175.jpg']	Is there a cup in the image?	No, there is no cup in the	Yes
V: ['/content/data/coco/val2014/COCO_val2014_000000230175.jpg']	Is there a bicycle in the image?	No, there is no bicycle	No
V: ['/content/data/coco/val2014/COCO_val2014_000000230175.jpg']	Is there a tie in the image?	Yes, there is a tie in the	Yes
V: ['/content/data/coco/val2014/COCO_val2014_000000230175.jpg']	Is there a pizza in the image?	No, there is no pizza in	No
V: ['/content/data/coco/val2014/COCO_val2014_000000159969.jpg']	Is there a backpack in the image?	Yes, there is a backpack in	Yes
V: ['/content/data/coco/val2014/COCO_val2014_000000159969.jpg']	Is there a zebra in the image?	No, there is no zebra	No
V: ['/content/data/coco/val2014/COCO_val2014_000000159969.jpg']	Is there a person in the image?	Yes, there is a person in the	Yes
V: ['/content/data/coco/val2014/COCO_val2014_000000159969.jpg']	Is there a fire hydrant in the image?	No, there is no fire hydrant	No
V: ['/content/data/coco/val2014/COCO_val2014_000000159969.jpg']	Is there a skis in the image?	Yes, there is a person wearing	Yes
V: ['/content/data/coco/val2014/COCO_val2014_000000159969.jpg']	Is there a wine glass in the image?	No, there is no wine glass in	No
V: ['/content/data/coco/val2014/COCO_val2014_000000399702.jpg']	Is there a bowl in the image?	Yes, there is a bowl in	Yes
V: ['/content/data/coco/val2014/COCO_val2014_000000399702.jpg']	Is there a truck in the image?	No, there is no truck in	No
V: ['/content/data/coco/val2014/COCO_val2014_000000399702.jpg']	Is there a sandwich in the image?	Yes, there is a sandwich in	Yes
V: ['/content/data/coco/val2014/COCO_val2014_000000399702.jpg']	Is there a bear in the image?	No, there is no bear in the	No
V: ['/content/data/coco/val2014/COCO_val2014_000000399702.jpg']	Is there a cup in the image?	Yes, there is a cup in the	Yes
V: ['/content/data/coco/val2014/COCO_val2014_000000399702.jpg']	Is there a scissors in the image?	No, there are no scissors	No
V: ['/content/data/coco/val2014/COCO_val2014_000000555538.jpg']	Is there a baseball glove in the image?	Yes, there is a baseball glove	Yes
V: ['/content/data/coco/val2014/COCO_val2014_000000555538.jpg']	Is there a scissors in the image?	No, there is no scissors	No
V: ['/content/data/coco/val2014/COCO_val2014_000000555538.jpg']	Is there a person in the image?	Yes, there is a person in the	Yes
V: ['/content/data/coco/val2014/COCO_val2014_000000555538.jpg']	Is there a tv in the image?	Yes, there is a TV in the	No
V: ['/content/data/coco/val2014/COCO_val2014_000000555538.jpg']	Is there a sports ball in the image?	Yes, there is a sports ball in	Yes
V: ['/content/data/coco/val2014/COCO_val2014_000000555538.jpg']	Is there a chair in the image?	No, there is no chair in the	No
V: ['/content/data/coco/val2014/COCO_val2014_000000264155.jpg']	Is there a person in the image?	Yes, there is a person in the	Yes
V: ['/content/data/coco/val2014/COCO_val2014_000000264155.jpg']	Is there a toaster in the image?	No, there is no toaster in	No
V: ['/content/data/coco/val2014/COCO_val2014_000000264155.jpg']	Is there a bottle in the image?	Yes, there is a bottle in	Yes
V: ['/content/data/coco/val2014/COCO_val2014_000000264155.jpg']	Is there a donut in the image?	No, there is no donut in	No
V: ['/content/data/coco/val2014/COCO_val2014_000000264155.jpg']	Is there a fork in the image?	Yes, there is a fork in the	Yes
V: ['/content/data/coco/val2014/COCO_val2014_000000264155.jpg']	Is there a skis in the image?	No, there are no skis in	No
V: ['/content/data/coco/val2014/COCO_val2014_000000125572.jpg']	Is there a truck in the image?	Yes, there is a truck in	Yes
V: ['/content/data/coco/val2014/COCO_val2014_000000125572.jpg']	Is there a sink in the image?	No, there is no sink in the	No
V: ['/content/data/coco/val2014/COCO_val2014_000000125572.jpg']	Is there a clock in the image?	Yes, there is a clock in the	Yes
V: ['/content/data/coco/val2014/COCO_val2014_000000125572.jpg']	Is there a sandwich in the image?	No, there is no sandwich in	No
V: ['/content/data/coco/val2014/COCO_val2014_000000125572.jpg']	Is there a person in the image?	Yes, there is a person in the	Yes
V: ['/content/data/coco/val2014/COCO_val2014_000000125572.jpg']	Is there a scissors in the image?	No, there is no scissors	No
V: ['/content/data/coco/val2014/COCO_val2014_000000560744.jpg']	Is there a person in the image?	Yes, there is a person in the	Yes
V: ['/content/data/coco/val2014/COCO_val2014_000000560744.jpg']	Is there a train in the image?	No, there is no train in the	No
V: ['/content/data/coco/val2014/COCO_val2014_000000560744.jpg']	Is there a spoon in the image?	Yes, there is a spoon in	Yes
V: ['/content/data/coco/val2014/COCO_val2014_000000560744.jpg']	Is there a tennis racket in the image?	No, there is no tennis racket	No
V: ['/content/data/coco/val2014/COCO_val2014_000000560744.jpg']	Is there a bowl in the image?	Yes, there is a bowl of	Yes
V: ['/content/data/coco/val2014/COCO_val2014_000000560744.jpg']	Is there a surfboard in the image?	No, there is no surfboard	No
V: ['/content/data/coco/val2014/COCO_val2014_000000045685.jpg']	Is there a person in the image?	Yes, there is a person in the	Yes
V: ['/content/data/coco/val2014/COCO_val2014_000000045685.jpg']	Is there a hot dog in the image?	No, there is no hot dog in	No
V: ['/content/data/coco/val2014/COCO_val2014_000000045685.jpg']	Is there a sports ball in the image?	Yes, there is a sports ball in	Yes
V: ['/content/data/coco/val2014/COCO_val2014_000000045685.jpg']	Is there a traffic light in the image?	No, there is no traffic light in	No
V: ['/content/data/coco/val2014/COCO_val2014_000000045685.jpg']	Is there a tennis racket in the image?	Yes, there is a tennis racket	Yes
V: ['/content/data/coco/val2014/COCO_val2014_000000045685.jpg']	Is there a bowl in the image?	No, there is no bowl in	No
V: ['/content/data/coco/val2014/COCO_val2014_000000434179.jpg']	Is there a chair in the image?	Yes, there is a chair in the	Yes
V: ['/content/data/coco/val2014/COCO_val2014_000000434179.jpg']	Is there a bicycle in the image?	No, there is no bicycle	No
V: ['/content/data/coco/val2014/COCO_val2014_000000434179.jpg']	Is there a spoon in the image?	Yes, there is a spoon in	Yes
V: ['/content/data/coco/val2014/COCO_val2014_000000434179.jpg']	Is there a refrigerator in the image?	No, there is no refriger	No
V: ['/content/data/coco/val2014/COCO_val2014_000000434179.jpg']	Is there a cup in the image?	Yes, there is a cup in the	Yes
V: ['/content/data/coco/val2014/COCO_val2014_000000434179.jpg']	Is there an apple in the image?	No, there is no apple in the	No
V: ['/content/data/coco/val2014/COCO_val2014_000000008749.jpg']	Is there a pizza in the image?	Yes, there is a pizza in	Yes
V: ['/content/data/coco/val2014/COCO_val2014_000000008749.jpg']	Is there a stop sign in the image?	No, there is no stop sign in	No
V: ['/content/data/coco/val2014/COCO_val2014_000000008749.jpg']	Is there a cup in the image?	Yes, there is a cup in the	Yes
V: ['/content/data/coco/val2014/COCO_val2014_000000008749.jpg']	Is there a mouse in the image?	No, there is no mouse in the	No
V: ['/content/data/coco/val2014/COCO_val2014_000000008749.jpg']	Is there a dining table in the image?	Yes, there is a dining table	Yes
V: ['/content/data/coco/val2014/COCO_val2014_000000008749.jpg']	Is there a horse in the image?	No, there is no horse in the	No
V: ['/content/data/coco/val2014/COCO_val2014_000000069863.jpg']	Is there a car in the image?	No, there is no car in the	Yes
V: ['/content/data/coco/val2014/COCO_val2014_000000069863.jpg']	Is there a cat in the image?	No, there is no cat in the	No
V: ['/content/data/coco/val2014/COCO_val2014_000000069863.jpg']	Is there a vase in the image?	Yes, there is a vase in	Yes
V: ['/content/data/coco/val2014/COCO_val2014_000000069863.jpg']	Is there a stop sign in the image?	No, there is no stop sign in	No
V: ['/content/data/coco/val2014/COCO_val2014_000000069863.jpg']	Is there a potted plant in the image?	Yes, there is a potted plant	Yes
V: ['/content/data/coco/val2014/COCO_val2014_000000069863.jpg']	Is there a sports ball in the image?	No, there is no sports ball in	No
V: ['/content/data/coco/val2014/COCO_val2014_000000041180.jpg']	Is there a backpack in the image?	Yes, there is a backpack in	Yes
V: ['/content/data/coco/val2014/COCO_val2014_000000041180.jpg']	Is there a bear in the image?	No, there is no bear in the	No
V: ['/content/data/coco/val2014/COCO_val2014_000000041180.jpg']	Is there a person in the image?	Yes, there is a person in the	Yes
V: ['/content/data/coco/val2014/COCO_val2014_000000041180.jpg']	Is there a truck in the image?	Yes, there is a truck in	No
V: ['/content/data/coco/val2014/COCO_val2014_000000041180.jpg']	Is there a cow in the image?	Yes, there is a cow in the	Yes
V: ['/content/data/coco/val2014/COCO_val2014_000000041180.jpg']	Is there a boat in the image?	Yes, there is a boat in the	No
V: ['/content/data/coco/val2014/COCO_val2014_000000429913.jpg']	Is there a baseball glove in the image?	Yes, there is a baseball glove	Yes
V: ['/content/data/coco/val2014/COCO_val2014_000000429913.jpg']	Is there a sandwich in the image?	No, there is no sandwich in	No
V: ['/content/data/coco/val2014/COCO_val2014_000000429913.jpg']	Is there a person in the image?	Yes, there is a person in the	Yes
V: ['/content/data/coco/val2014/COCO_val2014_000000429913.jpg']	Is there a toilet in the image?	No, there is no toilet	No
V: ['/content/data/coco/val2014/COCO_val2014_000000429913.jpg']	Is there a sports ball in the image?	Yes, there is a sports ball in	Yes
V: ['/content/data/coco/val2014/COCO_val2014_000000429913.jpg']	Is there a bear in the image?	No, there is no bear in the	No
V: ['/content/data/coco/val2014/COCO_val2014_000000554002.jpg']	Is there a chair in the image?	No, there is no chair in the	Yes
V: ['/content/data/coco/val2014/COCO_val2014_000000554002.jpg']	Is there a remote in the image?	No, there is no remote in the	No
V: ['/content/data/coco/val2014/COCO_val2014_000000554002.jpg']	Is there a dog in the image?	Yes, there is a dog in the	Yes
V: ['/content/data/coco/val2014/COCO_val2014_000000554002.jpg']	Is there a tv in the image?	No, there is no TV in the	No
V: ['/content/data/coco/val2014/COCO_val2014_000000554002.jpg']	Is there a person in the image?	Yes, there is a person in the	Yes
V: ['/content/data/coco/val2014/COCO_val2014_000000554002.jpg']	Is there a bus in the image?	No, there is no bus in the	No
V: ['/content/data/coco/val2014/COCO_val2014_000000141278.jpg']	Is there a tv in the image?	No, there is no TV in the	Yes
V: ['/content/data/coco/val2014/COCO_val2014_000000141278.jpg']	Is there a bear in the image?	No, there is no bear in the	No
V: ['/content/data/coco/val2014/COCO_val2014_000000141278.jpg']	Is there a mouse in the image?	Yes, there is a mouse in the	Yes
V: ['/content/data/coco/val2014/COCO_val2014_000000141278.jpg']	Is there a cow in the image?	No, there is no cow in the	No
V: ['/content/data/coco/val2014/COCO_val2014_000000141278.jpg']	Is there a laptop in the image?	Yes, there is a laptop in the	Yes
V: ['/content/data/coco/val2014/COCO_val2014_000000141278.jpg']	Is there a cake in the image?	No, there is no cake in	No
V: ['/content/data/coco/val2014/COCO_val2014_000000190788.jpg']	Is there a person in the image?	Yes, there is a person in the	Yes
V: ['/content/data/coco/val2014/COCO_val2014_000000190788.jpg']	Is there a broccoli in the image?	Yes, there is a broccoli	No
V: ['/content/data/coco/val2014/COCO_val2014_000000190788.jpg']	Is there a dining table in the image?	Yes, there is a dining table	Yes
V: ['/content/data/coco/val2014/COCO_val2014_000000190788.jpg']	Is there a bowl in the image?	Yes, there is a bowl in	No
V: ['/content/data/coco/val2014/COCO_val2014_000000190788.jpg']	Is there a knife in the image?	Yes, there is a knife in	Yes
V: ['/content/data/coco/val2014/COCO_val2014_000000190788.jpg']	Is there a tie in the image?	No, there is no tie in the	No
V: ['/content/data/coco/val2014/COCO_val2014_000000534942.jpg']	Is there a bed in the image?	Yes, there is a bed in the	Yes
V: ['/content/data/coco/val2014/COCO_val2014_000000534942.jpg']	Is there a bottle in the image?	No, there is no bottle in	No
V: ['/content/data/coco/val2014/COCO_val2014_000000534942.jpg']	Is there a cat in the image?	Yes, there is a cat in the	Yes
V: ['/content/data/coco/val2014/COCO_val2014_000000534942.jpg']	Is there a person in the image?	No, there is no person in the	No
V: ['/content/data/coco/val2014/COCO_val2014_000000534942.jpg']	Is there a tie in the image?	Yes, there is a tie in the	Yes
V: ['/content/data/coco/val2014/COCO_val2014_000000534942.jpg']	Is there a surfboard in the image?	No, there is no surfboard	No
V: ['/content/data/coco/val2014/COCO_val2014_000000377951.jpg']	Is there a pizza in the image?	Yes, there is a pizza in	Yes
V: ['/content/data/coco/val2014/COCO_val2014_000000377951.jpg']	Is there a laptop in the image?	No, there is no laptop in the	No
V: ['/content/data/coco/val2014/COCO_val2014_000000377951.jpg']	Is there a dining table in the image?	Yes, there is a dining table	Yes
V: ['/content/data/coco/val2014/COCO_val2014_000000377951.jpg']	Is there a banana in the image?	No, there is no banana in	No
V: ['/content/data/coco/val2014/COCO_val2014_000000377951.jpg']	Is there a person in the image?	Yes, there is a person in the	Yes
V: ['/content/data/coco/val2014/COCO_val2014_000000377951.jpg']	Is there a car in the image?	No, there is no car in the	No
V: ['/content/data/coco/val2014/COCO_val2014_000000533201.jpg']	Is there a truck in the image?	Yes, there is a truck in	Yes
V: ['/content/data/coco/val2014/COCO_val2014_000000533201.jpg']	Is there a remote in the image?	Yes, there is a remote control in	No
V: ['/content/data/coco/val2014/COCO_val2014_000000533201.jpg']	Is there a person in the image?	Yes, there is a person in the	Yes
V: ['/content/data/coco/val2014/COCO_val2014_000000533201.jpg']	Is there a bowl in the image?	No, there is no bowl in	No
V: ['/content/data/coco/val2014/COCO_val2014_000000533201.jpg']	Is there an airplane in the image?	Yes, there is an airplane in	Yes
V: ['/content/data/coco/val2014/COCO_val2014_000000533201.jpg']	Is there a baseball glove in the image?	No, there is no baseball glove	No
V: ['/content/data/coco/val2014/COCO_val2014_000000235203.jpg']	Is there a person in the image?	Yes, there is a person in the	Yes
V: ['/content/data/coco/val2014/COCO_val2014_000000235203.jpg']	Is there a vase in the image?	No, there is no vase in	No
V: ['/content/data/coco/val2014/COCO_val2014_000000235203.jpg']	Is there a couch in the image?	Yes, there is a couch in	Yes
V: ['/content/data/coco/val2014/COCO_val2014_000000235203.jpg']	Is there a truck in the image?	No, there is no truck in	No
V: ['/content/data/coco/val2014/COCO_val2014_000000235203.jpg']	Is there a remote in the image?	Yes, there is a remote in the	Yes
V: ['/content/data/coco/val2014/COCO_val2014_000000235203.jpg']	Is there a surfboard in the image?	No, there is no surfboard	No
V: ['/content/data/coco/val2014/COCO_val2014_000000468997.jpg']	Is there a baseball glove in the image?	Yes, there is a baseball glove	Yes
V: ['/content/data/coco/val2014/COCO_val2014_000000468997.jpg']	Is there a skateboard in the image?	No, there is no skateboard	No
V: ['/content/data/coco/val2014/COCO_val2014_000000468997.jpg']	Is there a person in the image?	Yes, there is a person in the	Yes
V: ['/content/data/coco/val2014/COCO_val2014_000000468997.jpg']	Is there a giraffe in the image?	No, there is no giraffe	No
V: ['/content/data/coco/val2014/COCO_val2014_000000468997.jpg']	Is there a sports ball in the image?	Yes, there is a sports ball in	Yes
V: ['/content/data/coco/val2014/COCO_val2014_000000468997.jpg']	Is there a bird in the image?	No, there is no bird in the	No
V: ['/content/data/coco/val2014/COCO_val2014_000000401398.jpg']	Is there a person in the image?	Yes, there is a young girl in	Yes
V: ['/content/data/coco/val2014/COCO_val2014_000000401398.jpg']	Is there a cake in the image?	No, there is no cake in	No
V: ['/content/data/coco/val2014/COCO_val2014_000000401398.jpg']	Is there a potted plant in the image?	Yes, there is a potted plant	Yes
V: ['/content/data/coco/val2014/COCO_val2014_000000401398.jpg']	Is there a bicycle in the image?	No, there is no bicycle	No
V: ['/content/data/coco/val2014/COCO_val2014_000000401398.jpg']	Is there a vase in the image?	Yes, there is a vase in	Yes
V: ['/content/data/coco/val2014/COCO_val2014_000000401398.jpg']	Is there a keyboard in the image?	Yes, there is a keyboard in the	No
V: ['/content/data/coco/val2014/COCO_val2014_000000323752.jpg']	Is there a person in the image?	Yes, there is a person in the	Yes
V: ['/content/data/coco/val2014/COCO_val2014_000000323752.jpg']	Is there an umbrella in the image?	Yes, there is an umbrella	No
V: ['/content/data/coco/val2014/COCO_val2014_000000323752.jpg']	Is there a sports ball in the image?	No, there is no sports ball in	Yes
V: ['/content/data/coco/val2014/COCO_val2014_000000323752.jpg']	Is there a bus in the image?	No, there is no bus in the	No
V: ['/content/data/coco/val2014/COCO_val2014_000000323752.jpg']	Is there a tennis racket in the image?	Yes, there is a tennis racket	Yes
V: ['/content/data/coco/val2014/COCO_val2014_000000323752.jpg']	Is there a skis in the image?	No, there are no skis in	No
V: ['/content/data/coco/val2014/COCO_val2014_000000003845.jpg']	Is there a spoon in the image?	Yes, there is a spoon in	Yes
V: ['/content/data/coco/val2014/COCO_val2014_000000003845.jpg']	Is there a potted plant in the image?	No, there is no potted plant	No
V: ['/content/data/coco/val2014/COCO_val2014_000000003845.jpg']	Is there a broccoli in the image?	Yes, there is a broccoli	Yes
V: ['/content/data/coco/val2014/COCO_val2014_000000003845.jpg']	Is there a fire hydrant in the image?	No, there is no fire hydrant	No
V: ['/content/data/coco/val2014/COCO_val2014_000000003845.jpg']	Is there a fork in the image?	Yes, there is a fork in the	Yes
V: ['/content/data/coco/val2014/COCO_val2014_000000003845.jpg']	Is there a bear in the image?	No, there is no bear in the	No
V: ['/content/data/coco/val2014/COCO_val2014_000000122962.jpg']	Is there a pizza in the image?	Yes, there is a pizza in	Yes
V: ['/content/data/coco/val2014/COCO_val2014_000000122962.jpg']	Is there a carrot in the image?	No, there is no carrot in	No
V: ['/content/data/coco/val2014/COCO_val2014_000000122962.jpg']	Is there a person in the image?	Yes, there is a person in the	Yes
V: ['/content/data/coco/val2014/COCO_val2014_000000122962.jpg']	Is there a bottle in the image?	Yes, there is a bottle in	No
V: ['/content/data/coco/val2014/COCO_val2014_000000122962.jpg']	Is there a cell phone in the image?	Yes, there is a cell phone in	Yes
V: ['/content/data/coco/val2014/COCO_val2014_000000122962.jpg']	Is there a suitcase in the image?	Yes, there is a suitcase in	No
V: ['/content/data/coco/val2014/COCO_val2014_000000015738.jpg']	Is there a person in the image?	Yes, there is a person in the	Yes
V: ['/content/data/coco/val2014/COCO_val2014_000000015738.jpg']	Is there a suitcase in the image?	No, there is no suitcase in	No
V: ['/content/data/coco/val2014/COCO_val2014_000000015738.jpg']	Is there a sports ball in the image?	Yes, there is a sports ball in	Yes
V: ['/content/data/coco/val2014/COCO_val2014_000000015738.jpg']	Is there an orange in the image?	No, there is no orange in the	No
V: ['/content/data/coco/val2014/COCO_val2014_000000015738.jpg']	Is there a tennis racket in the image?	Yes, there is a tennis racket	Yes
V: ['/content/data/coco/val2014/COCO_val2014_000000015738.jpg']	Is there a dog in the image?	No, there is no dog in the	No
V: ['/content/data/coco/val2014/COCO_val2014_000000497599.jpg']	Is there a chair in the image?	Yes, there is a chair in the	Yes
V: ['/content/data/coco/val2014/COCO_val2014_000000497599.jpg']	Is there a tennis racket in the image?	No, there is no tennis racket	No
V: ['/content/data/coco/val2014/COCO_val2014_000000497599.jpg']	Is there a person in the image?	Yes, there is a man in the	Yes
V: ['/content/data/coco/val2014/COCO_val2014_000000497599.jpg']	Is there a train in the image?	No, there is no train in the	No
V: ['/content/data/coco/val2014/COCO_val2014_000000497599.jpg']	Is there a laptop in the image?	Yes, there is a laptop in the	Yes
V: ['/content/data/coco/val2014/COCO_val2014_000000497599.jpg']	Is there a dog in the image?	No, there is no dog in the	No
V: ['/content/data/coco/val2014/COCO_val2014_000000121959.jpg']	Is there a chair in the image?	Yes, there is a beach chair in	Yes
V: ['/content/data/coco/val2014/COCO_val2014_000000121959.jpg']	Is there a refrigerator in the image?	Yes, there is a refriger	No
V: ['/content/data/coco/val2014/COCO_val2014_000000121959.jpg']	Is there a person in the image?	Yes, there is a person in the	Yes
V: ['/content/data/coco/val2014/COCO_val2014_000000121959.jpg']	Is there a giraffe in the image?	No, there is no giraffe	No
V: ['/content/data/coco/val2014/COCO_val2014_000000121959.jpg']	Is there a handbag in the image?	Yes, there is a handbag in	Yes
V: ['/content/data/coco/val2014/COCO_val2014_000000121959.jpg']	Is there a kite in the image?	Yes, there is a kite in	No
V: ['/content/data/coco/val2014/COCO_val2014_000000361430.jpg']	Is there a bowl in the image?	Yes, there is a bowl in	Yes
V: ['/content/data/coco/val2014/COCO_val2014_000000361430.jpg']	Is there a motorcycle in the image?	No, there is no motorcycle in	No
V: ['/content/data/coco/val2014/COCO_val2014_000000361430.jpg']	Is there a broccoli in the image?	Yes, there is a broccoli	Yes
V: ['/content/data/coco/val2014/COCO_val2014_000000361430.jpg']	Is there a clock in the image?	No, there is no clock in the	No
V: ['/content/data/coco/val2014/COCO_val2014_000000361430.jpg']	Is there a spoon in the image?	Yes, there is a spoon in	Yes
V: ['/content/data/coco/val2014/COCO_val2014_000000361430.jpg']	Is there a bottle in the image?	No, there is no bottle in	No
V: ['/content/data/coco/val2014/COCO_val2014_000000277289.jpg']	Is there a tv in the image?	Yes, there is a tv in the	Yes
V: ['/content/data/coco/val2014/COCO_val2014_000000277289.jpg']	Is there a tie in the image?	Yes, there is a tie in the	No
V: ['/content/data/coco/val2014/COCO_val2014_000000277289.jpg']	Is there a bowl in the image?	Yes, there is a bowl in	Yes
V: ['/content/data/coco/val2014/COCO_val2014_000000277289.jpg']	Is there a person in the image?	No, there is no person in the	No
V: ['/content/data/coco/val2014/COCO_val2014_000000277289.jpg']	Is there a couch in the image?	Yes, there is a couch in	Yes
V: ['/content/data/coco/val2014/COCO_val2014_000000277289.jpg']	Is there a bus in the image?	No, there is no bus in the	No
